[TRACE] About to call init_game_paths
[TRACE] init_game_paths completed
[TRACE] About to call init_resource_manager
[TRACE] init_resource_manager completed
[TRACE] About to call init_sdl
[TRACE] SDL_Init completed, setting GL attributes
[TRACE] About to create window
[TRACE] init_sdl completed
[TRACE] About to call init_opengl
[TRACE] About to call SDL_GL_CreateContext
[TRACE] init_opengl completed
[main] Calling init_game_core...
  [FalconDisplay::Setup] Starting DeviceIndependentGraphicsSetup...
[THEATER] MapClass::Setup '/home/admin/sgl/SAT/freeFalcon/WP/drive_c/FreeFalcon6/terrdata/korea/terrain/Theater.map' -> opened
  [FalconDisplay::Setup] DeviceIndependentGraphicsSetup done
  [FalconDisplay::Setup] Registering window class...
  [FalconDisplay::Setup] RegisterClass done, calling MakeWindow...
  [FalconDisplay::Setup] Calling MakeWindow...
  [FalconDisplay::Setup] MakeWindow done, calling devmgr.Setup...
  [EnumD3DDrivers] Starting...
  [EnumD3DDrivers] DirectDrawCreateEx returned pDD7=0x644c9f213ed0
  [EnumD3DDrivers] QueryInterface for D3D7: hr=0x0, pD3D=0x644c9f213f00
  [EnumD3DDrivers] Calling EnumDevices...
    [EnumD3DDriversCallback] name=OpenGL, desc=FreeFalcon OpenGL Device
    [EnumD3DDriversCallback] dwDevCaps=0x90000, required=0x10000
    [EnumD3DDriversCallback] Adding device to list
  [EnumD3DDrivers] EnumDevices returned
  [FalconDisplay::Setup] devmgr.Setup done
[THEATER] GetCurrentTheater read size=6 bytes: 4B 6F 72 65 61 00  byte[size]=00
[THEATER] name='Korea' -> matched 'Korea'
  Setting theater: Korea
  [SetNewTheater] ReadIndex...
  [SetNewTheater] LoadPriorityTables...
  [SetNewTheater] TheaterReload...
      [ObjectParent::CleanupTable] Starting, TheObjectList=0x644c9f18be88, TheObjectListLength=3961
      [ObjectParent::CleanupTable] FlushReferences()...
      [ObjectParent::CleanupTable] FlushReferences() done
      [ObjectParent::CleanupTable] ObjectLOD::CleanupTable()...
        [ObjectLOD::CleanupTable] Starting, TheObjectLODs=0x644c9f0c8af8, TheObjectLODsCount=6801
        [ObjectLOD::CleanupTable] Iterating 6801 LODs...
        [ObjectLOD::CleanupTable] LOD iteration done
        [ObjectLOD::CleanupTable] WaitUpdates()...
        [ObjectLOD::CleanupTable] WaitUpdates() done
        [ObjectLOD::CleanupTable] Deleting TheObjectLODs...
        [ObjectLOD::CleanupTable] TheObjectLODs deleted
        [ObjectLOD::CleanupTable] Deleting tagListBuffer...
        [ObjectLOD::CleanupTable] tagListBuffer deleted
        [ObjectLOD::CleanupTable] ObjectLodMap.Close()...
        [ObjectLOD::CleanupTable] ObjectLodMap closed
        [ObjectLOD::CleanupTable] DeleteCriticalSection()...
        [ObjectLOD::CleanupTable] Critical section deleted
      [ObjectParent::CleanupTable] ObjectLOD::CleanupTable() done
      [ObjectParent::CleanupTable] TheTextureBank.Cleanup()...
      [ObjectParent::CleanupTable] ThePaletteBank.Cleanup()...
      [ObjectParent::CleanupTable] TheColorBank.Cleanup()...
      [ObjectParent::CleanupTable] Banks cleanup done
      [ObjectParent::CleanupTable] Deleting TheObjectList...
      [ObjectParent::CleanupTable] TheObjectList deleted
[THEATER] MapClass::Setup '/home/admin/sgl/SAT/freeFalcon/WP/drive_c/FreeFalcon6/terrdata/korea/terrain/Theater.map' -> opened
  [SetNewTheater] ResSetDirectory...
  [SetNewTheater] UnloadClassTable...
  [SetNewTheater] LoadClassTable...
========================================
FreeFalcon 7.0.0
Open Source Project
Build: Sep 19 2026 12:21:51
========================================

Data directory: /home/admin/sgl/SAT/freeFalcon/WP/drive_c/FreeFalcon6
Setting up game paths...
  Campaign saves: /home/admin/sgl/SAT/freeFalcon/WP/drive_c/FreeFalcon6/campaign/save
  Terrain data: /home/admin/sgl/SAT/freeFalcon/WP/drive_c/FreeFalcon6/terrdata/korea
  Object data: /home/admin/sgl/SAT/freeFalcon/WP/drive_c/FreeFalcon6/terrdata/objects
  Sound directory: /home/admin/sgl/SAT/freeFalcon/WP/drive_c/FreeFalcon6/sounds
Initializing resource manager...
Initializing SDL2...
  Window created: 1024x768
  Keyboard scancode translation initialized.
Initializing OpenGL...
  OpenGL Vendor: NVIDIA Corporation
  OpenGL Renderer: NVIDIA GeForce GTX 1660 SUPER/PCIe/SSE2
  OpenGL Version: 4.6.0 NVIDIA 595.84
  OpenGL Stencil Bits: 8
Initializing OpenAL...
  OpenAL Vendor: OpenAL Community
  OpenAL Renderer: OpenAL Soft
  OpenAL Version: 1.1 ALSOFT 

--- Initializing Game Core Systems ---
  Initializing communications layer...
  Communications layer initialized successfully
  Setting up FalconDisplay for Linux...
  Loading display options...
  Initializing DeviceManager...
[D3DGL] Creating DirectDraw7 interface
  Initializing simulation memory pools...
  Loading particle system parameters...
  Loading theater list...
  Loading class table (InitClassTableAndData)...
  Class table loaded. Falcon4ClassTable=0x644c9f9a0870
  Loading: UnitData...
LoadUnitData: trying to open file Falcon4 with extension UCD
LoadUnitData: file opened successfully
LoadUnitData: file size=252002, entries=750, sizeof(UnitClassDataType)=336, expected=252002
  Loading: FeatureEntryData...
  Loading: ObjectiveData...
  Loading: WeaponData...
  Loading: FeatureData...
  Loading: VehicleData...
  Loading: WeaponListData...
  Loading: PtHeaderData...
  Loading: PtData...
  Loading: RadarData...
  Loading: IRSTData...
  Loading: RwrData...
  Loading: VisualData...
  Loading: SimWeaponData...
  Loading: ACDefData...
  Loading: SquadronStoresData...
  Loading: RocketData...
  Loading: DirtyData...
  Loading: MissionData...
  Loading: VisIdMap...
  Loading: RackTables...
  Loading: RDRackData...
  All data files loaded! Checking Falcon4ClassTable...
  Falcon4ClassTable = 0x644c9f9a0870, NumEntities = 3678
  [SetNewTheater] ReadCampAIInputs...
  [SetNewTheater] FreeTactics...
  [SetNewTheater] LoadTactics...
  [SetNewTheater] LoadTrails...
  [SetNewTheater] Freeing SIM data...
  [SetNewTheater] Reading SIM data...
  [SetNewTheater] SetCurrentTheater...
[THEATER] SetCurrentTheater wrote 'Korea' as 6 bytes (incl NUL)
  [SetNewTheater] Complete!
[THEATER] after switch to 'Korea':
[THEATER]   campaign  = /home/admin/sgl/SAT/freeFalcon/WP/drive_c/FreeFalcon6/campaign/save
[THEATER]   terrain   = /home/admin/sgl/SAT/freeFalcon/WP/drive_c/FreeFalcon6/terrdata/korea
[THEATER]   objects   = /home/admin/sgl/SAT/freeFalcon/WP/drive_c/FreeFalcon6/terrdata/objects
[THEATER]   3ddata    = /home/admin/sgl/SAT/freeFalcon/WP/drive_c/FreeFalcon6/terrdata/objects
[THEATER]   uiart     = /home/admin/sgl/SAT/freeFalcon/WP/drive_c/FreeFalcon6/art
[THEATER]   cockpit   = /home/admin/sgl/SAT/freeFalcon/WP/drive_c/FreeFalcon6/art/ckptart
[THEATER]   misctex   = /home/admin/sgl/SAT/freeFalcon/WP/drive_c/FreeFalcon6/terrdata/misctex
[THEATER]   splash    = /home/admin/sgl/SAT/freeFalcon/WP/drive_c/FreeFalcon6/art/splash
  [main_linux] SetNewTheater returned, calling InitVU...
  Initializing VU system...
  [main_linux] InitVU returned
  Setting up thread manager...
  [main_linux] ThreadManager::setup() returned
  Initializing sound manager...
[InstallDSound] Starting, gSoundDriver=0x644c9fb0aa60, DSound=(nil)
[InstallDSound] Calling DirectSoundCreate...
[InstallDSound] DirectSoundCreate returned 0x0, DSound=0x644c9fe7cd70
  [main_linux] InitSoundManager() succeeded
  Starting sound system...
  [main_linux] F4SoundStart() returned
  Starting simulation loop...
  [main_linux] SimulationLoopControl::StartSim() returned
  Initializing weather system...
  [main_linux] realWeather created
  Initializing campaign system...
[ThreadManager::start_campaign_thread] ENTRY, function=0x644c90787390
[ThreadManager::start_campaign_thread] Calling CreateThread...
[StartLoop] Thread started, entering main loop
[StartLoop] Waiting for wait_for_start_graphics event...
[ThreadManager::start_campaign_thread] CreateThread returned handle=0x644ca4ad1e70
[ThreadManager::start_campaign_thread] DONE
[CampaignThread] STARTED - entering function
[CampaignThread] About to call HandleCampaignThread()
[HandleCampaignThread] STARTED - entering function
[HandleCampaignThread] Set CAMP_RUNNING, campaign_active()=1
[HandleCampaignThread] Got CAMP_SUSPEND_REQUEST, setting CAMP_SUSPENDED
  [main_linux] Camp_Init() returned
  Building key mappings...
  [main_linux] BuildAscii() SKIPPED -- static Key_Chart kept (MP-1)
  Initializing comms manager...
  [main_linux] gCommsMgr->Setup() returned
  Loading logbook...
[FF_LINUX] WeatherClass::Init entry (instantAction=1)
[FF_LINUX] WeatherClass::Init: lastCheck=0
[FF_LINUX] WeatherClass::Init: weatherDay=0
[FF_LINUX] WeatherClass::Init: Calling TimeOfDayGeneral()
[FF_LINUX] WeatherClass::Init: About to call GenerateClouds()
[FF_LINUX] WeatherClass::Init: GenerateClouds returned, exiting Init
  [main_linux] logbook loaded for 'Viper'
  Loading keyboard function tables...
  [main_linux] LoadFunctionTables() returned
  Game core initialization complete.
[main] init_game_core() returned
[main] Calling init_d3d_graphics...
[Texture::SetupForDevice] rc=0x644c9fd3fb50 path=/home/admin/sgl/SAT/freeFalcon/WP/drive_c/FreeFalcon6/terrdata/objects/
[main] init_d3d_graphics() returned

========================================
Initialization complete!
========================================
[main] Entering main_loop...

========================================
Entering main loop
  ESC = quit, Click X to close
========================================

[Main] Posting FM_START_GAME to initialize game...
[INPUT] focus gained (doUI=0) -> relative mouse re-enabled
[INPUT] focus lost (doUI=0) -> relative mouse released
[FM] FM_START_GAME received
[FF_SIM_KEY] parsed 2 key events
[FM] FM_START_UI received
[FM] Main thread re-acquired GL context
[FM] Calling UI_Startup()...
[UI_Startup] ENTRY, FalconDisplay.currentMode=1
[UI_Startup] Calling EnterMode(UI)...
  [DisplayDevice::Setup] Starting 1024x768x16, fullscreen=0
  [DisplayDevice::Setup] Calling CreateContext...
  [CreateContext] driverNum=0, devNum=0, resNum=18
  [CreateContext] GetDriver returned pDDI=0x644c9f216a10
  [CreateContext] D3D devices count: 1
  [CreateContext] Display modes count: 46
  [CreateContext] GetDevice returned pD3DDI=0x644c9f213f50
  [CreateContext] GetDisplayMode returned pddsd=0x644c9f219190
  [DXContext::Init] Starting with hWnd=0x644c9e25a400, 1024x768@16, fullscreen=0
  [DXContext::Init] Checking thread ID...
  [DXContext::Init] Thread ID check passed
  [DXContext::Init] Calling DirectDrawCreateEx...
  [DXContext::Init] DirectDrawCreateEx returned m_pDD=0x644ca4eae5b0
  [DXContext::Init] Calling GetCaps... m_pcapsDD=0x644ca4ead7c0
  [DXContext::Init] GetCaps done
  [DXContext::Init] Calling GetDeviceIdentifier... m_pDevID=0x644ca4eada50
  [DXContext::Init] GetDeviceIdentifier done
  [DXContext::Init] DXContext::Init - DriverInfo - "OpenGL" - "FreeFalcon OpenGL Renderer", Vendor: 4318, Device: 4660, SubSys: 0, Rev: 0, Product: 0, Version: 0, SubVersion: 0, Build: 0
  [DXContext::Init] Calling SetCooperativeLevel with flags=0x1408...
  [DXContext::Init] SetCooperativeLevel done
  [DXContext::Init] Complete!
  [DisplayDevice::Setup] CreateContext returned m_DXCtx=0x644ca4eaefe0
  [DisplayDevice::Setup] Context created, setting up window...
  [DisplayDevice::Setup] Calling ShowWindow...
  [DisplayDevice::Setup] ShowWindow done
  [DisplayDevice::Setup] Setting up windowed image, IsHardware=1...
  [DisplayDevice::Setup] image.Setup done
  [DisplayDevice::Setup] Calling SetRenderTarget, targetSurface=0x644ca4eade90...
[SetRenderTarget] Linux: Creating D3D7 interface directly
[SetRenderTarget] Linux: m_pD3D=0x644ca4eacae0
[AttachDepthBuffer] Linux: Skipping - OpenGL manages depth buffers
[SetRenderTarget] Linux: Creating D3D device directly, pRenderTarget=0x644ca4eade90
[SetRenderTarget] Linux: m_pD3DD=0x77e446edd010
  [DisplayDevice::Setup] SetRenderTarget done
  [DisplayDevice::Setup] Calling movieInit...
  [DisplayDevice::Setup] Complete!
[UI_Startup] EnterMode done, getting ImageBuffer...
[GlobalSetup] Creating C_Parser...
[GlobalSetup] Loading ID lists...
[LoadIDList] Loading: userids.lst
[LoadIDList] file size=500 for userids.lst
[LoadIDList] Loading: fontids.lst
[LoadIDList] file size=22 for fontids.lst
[LoadIDList] Loading: imageids.lst
[LoadIDList] file size=197 for imageids.lst
[LoadIDList] Loading: soundids.lst
[LoadIDList] file size=46 for soundids.lst
[LoadIDList] Loading: textids.lst
[LoadIDList] file size=21 for textids.lst
[LoadIDList] Loading: movieids.lst
[LoadIDList] file size=20 for movieids.lst
[LoadImageList] Loading: resimgs.lst
[LoadImageList] Opened: resimgs.lst
[LoadSoundList] Loading: sounds.lst
[LoadImageList] Loading: main_res.lst
[LoadImageList] Opened: main_res.lst
[LoadSoundList] Loading: main_snd.lst
[LoadWindowList] Loading: main_scf.lst
[LoadImageList] Loading: comm_res.lst
[LoadImageList] Opened: comm_res.lst
[LoadSoundList] Loading: comm_snd.lst
[LoadWindowList] Loading: comm_scf.lst
[LoadImageList] Loading: help_res.lst
[LoadImageList] FAILED to open: help_res.lst
[LoadSoundList] Loading: help_snd.lst
[LoadWindowList] Loading: help_scf.lst
[LoadImageList] Loading: lb_res.lst
[LoadImageList] Opened: lb_res.lst
[LoadSoundList] Loading: lb_snd.lst
[LoadWindowList] Loading: lb_scf.lst
[Texture::SetupForDevice] rc=0x644ca4eaefe0 path=/home/admin/sgl/SAT/freeFalcon/WP/drive_c/FreeFalcon6/terrdata/misctex/
[FarTexDB] DDS file: /home/admin/sgl/SAT/freeFalcon/WP/drive_c/FreeFalcon6/terrdata/korea/texture/fartiles.dds, headerSize=124, bytesRead=124
[FarTexDB] DDS header: flags=0x81007, width=32, height=32, linearSize=512, mipMapCount=0
[FarTexDB] DDS pixfmt: flags=0x0, fourCC=0x31545844, rgbBitCount=4
[FarTexDB] linearSize=512, texCount=96664, fartexDDSFile.IsReady=1
[PalLight] light=(0.750 0.829 0.849) gametime=0 pal=0x644ca7df5930
[FM] UI_Startup() complete
[INPUT] focus gained (doUI=1) -> relative mouse left off
FPS: 31 (avg over 5 sec), doUI=1, gMainHandler=0x644ca53d2830
[Screenshot] Saved 1024x768 framebuffer to /tmp/ff_ui.bmp (nonblack=92.2% nonwhite=100.0% distinct15bit=654 avgRGB=143,153,154)
[INPUT] focus lost (doUI=1) -> relative mouse released
FPS: 59 (avg over 5 sec), doUI=1, gMainHandler=0x644ca53d2830
[FF_UI_CLICK] firing (677,748) at 12015ms
[Mouse] LBUTTONDOWN at (677, 748)
[LBUTTONDOWN] at (677,748) -> window=0x644ca6fad680 ID=5000
[LBUTTONDOWN] GrabItem found control ID=30003 type=25
[LBUTTONUP] at (677,748) -> window=0x644ca6fad680 Grab_.Control_=0x644ca6faf700
[LBUTTONUP] Grab_.Control_ found: ID=30003 type=25
[LBUTTONUP] Calling Process(ID=30003, type=52)
[LoadImageList] Loading: pln_res.lst
[LoadImageList] Opened: pln_res.lst
[LoadSoundList] Loading: pln_snd.lst
[LoadWindowList] Loading: pln_scf.lst
[LoadImageList] Loading: cmn_res.lst
[LoadImageList] Opened: cmn_res.lst
[LoadSoundList] Loading: cmn_snd.lst
[LoadWindowList] Loading: cmn_scf.lst
[LoadImageList] Loading: ts_res.lst
[LoadImageList] Opened: ts_res.lst
[LoadSoundList] Loading: ts_snd.lst
[LoadWindowList] Loading: ts_scf.lst
FPS: 57 (avg over 5 sec), doUI=1, gMainHandler=0x644ca53d2830
[Screenshot] Saved 1024x768 framebuffer to /tmp/ff_ui.bmp (nonblack=84.1% nonwhite=100.0% distinct15bit=378 avgRGB=52,51,41)
[FF_UI_CLICK] firing (140,128) at 18015ms
[Mouse] LBUTTONDOWN at (140, 128)
[LBUTTONDOWN] at (140,128) -> window=0x644ca8d31c30 ID=30200
[LBUTTONDOWN] GrabItem found control ID=30216 type=0
[LBUTTONUP] at (140,128) -> window=0x644ca8d31c30 Grab_.Control_=0x644ca8d3b690
[LBUTTONUP] Grab_.Control_ found: ID=30216 type=0
[LBUTTONUP] Calling Process(ID=30216, type=52)
[FF_LINUX] FF_TE_FILE: '02 Takeoff' -> '28 Missile Threat'
[FF_LINUX] StartReadCampFile: type=3 filename='28 Missile Threat'
[FF_LINUX] StartReadCampFile: FalconCampUserSaveDirectory='/home/admin/sgl/SAT/freeFalcon/WP/drive_c/FreeFalcon6/campaign/save'
[FF_LINUX] StartReadCampFile: Opening path='/home/admin/sgl/SAT/freeFalcon/WP/drive_c/FreeFalcon6/campaign/save/28 Missile Threat.trn'
[FF_LINUX] StartReadCampFile: Successfully opened campaign file
[FF_LINUX] FF_TE_FILE: '02 Takeoff' -> '28 Missile Threat'
[FF_LINUX] StartReadCampFile: type=3 filename='28 Missile Threat'
[FF_LINUX] StartReadCampFile: FalconCampUserSaveDirectory='/home/admin/sgl/SAT/freeFalcon/WP/drive_c/FreeFalcon6/campaign/save'
[FF_LINUX] StartReadCampFile: Opening path='/home/admin/sgl/SAT/freeFalcon/WP/drive_c/FreeFalcon6/campaign/save/28 Missile Threat.trn'
[FF_LINUX] StartReadCampFile: Successfully opened campaign file
[FF_LINUX] FF_TE_FILE: '02 Takeoff' -> '28 Missile Threat'
[FF_LINUX] StartReadCampFile: type=3 filename='28 Missile Threat'
[FF_LINUX] StartReadCampFile: FalconCampUserSaveDirectory='/home/admin/sgl/SAT/freeFalcon/WP/drive_c/FreeFalcon6/campaign/save'
[FF_LINUX] StartReadCampFile: Opening path='/home/admin/sgl/SAT/freeFalcon/WP/drive_c/FreeFalcon6/campaign/save/28 Missile Threat.trn'
[FF_LINUX] StartReadCampFile: Successfully opened campaign file
[LZSS_Expand] Called: srcSize=2731, size=16919
[LZSS_Expand] LZSS_Expand: 16919 bytes out in 0.0 ms
[FM] FM_GOT_CAMPAIGN_DATA received (wParam=16777216)
[FM] FM_GOT_CAMPAIGN_DATA: RecieveScenarioInfo (S6x)
[Screenshot] Saved 1024x768 framebuffer to /tmp/ff_ui.bmp (nonblack=84.3% nonwhite=100.0% distinct15bit=909 avgRGB=52,50,42)
[FF_UI_CLICK] firing (824,750) at 24013ms
[Mouse] LBUTTONDOWN at (824, 750)
[LBUTTONDOWN] at (824,750) -> window=0x644ca8d48e50 ID=30209
[LBUTTONDOWN] GrabItem found control ID=2000002 type=25
[LBUTTONUP] at (824,750) -> window=0x644ca8d48e50 Grab_.Control_=0x644ca8d42e70
[LBUTTONUP] Grab_.Control_ found: ID=2000002 type=25
[LBUTTONUP] Calling Process(ID=2000002, type=52)
[LoadImageList] Loading: te_res.lst
[LoadImageList] Opened: te_res.lst
[LoadSoundList] Loading: te_snd.lst
[LoadWindowList] Loading: te_scf.lst
[FM] FM_LOAD_CAMPAIGN received (type=3)
[FM] FM_LOAD_CAMPAIGN: Calling TheCampaign.LoadCampaign()...
[FF_LINUX] FF_TE_FILE: '02 Takeoff' -> '28 Missile Threat'
[FF_LINUX] StartReadCampFile: type=3 filename='28 Missile Threat'
[FF_LINUX] StartReadCampFile: FalconCampUserSaveDirectory='/home/admin/sgl/SAT/freeFalcon/WP/drive_c/FreeFalcon6/campaign/save'
[FF_LINUX] StartReadCampFile: Opening path='/home/admin/sgl/SAT/freeFalcon/WP/drive_c/FreeFalcon6/campaign/save/28 Missile Threat.trn'
[FF_LINUX] StartReadCampFile: Successfully opened campaign file
[FF_LINUX] FF_TE_FILE: '02 Takeoff' -> '28 Missile Threat'
[FF_LINUX] StartReadCampFile: type=3 filename='28 Missile Threat'
[FF_LINUX] StartReadCampFile: FalconCampUserSaveDirectory='/home/admin/sgl/SAT/freeFalcon/WP/drive_c/FreeFalcon6/campaign/save'
[FF_LINUX] StartReadCampFile: Opening path='/home/admin/sgl/SAT/freeFalcon/WP/drive_c/FreeFalcon6/campaign/save/28 Missile Threat.trn'
[FF_LINUX] StartReadCampFile: Successfully opened campaign file
[VuSession::JoinGame] ENTRY: session=0x644c9fb0a510 newgame=0x644ca543ef00 current_game=(nil)
[VuSession::JoinGame] Setting game_.reset(newgame=0x644ca543ef00)
[VuSession::JoinGame] Game set, Game()=0x644ca543ef00
[VuSession::JoinGame] EXIT: retval=1 Game()=0x644ca543ef00
[FF_LINUX] WeatherClass::Init entry (instantAction=0)
[FF_LINUX] WeatherClass::Init: lastCheck=31918789
[FF_LINUX] WeatherClass::Init: weatherDay=0
[FF_LINUX] WeatherClass::Init: Calling UpdateCondition(1)
[FF_LINUX] WeatherClass::Init: UpdateCondition returned
[FF_LINUX] WeatherClass::Init: Calling TimeOfDayGeneral()
[FF_LINUX] WeatherClass::Init: About to call GenerateClouds()
[FF_LINUX] WeatherClass::Init: GenerateClouds returned, exiting Init
[FF_LINUX] FF_TE_FILE: '02 Takeoff' -> '28 Missile Threat'
[FF_LINUX] StartReadCampFile: type=3 filename='28 Missile Threat'
[FF_LINUX] StartReadCampFile: FalconCampUserSaveDirectory='/home/admin/sgl/SAT/freeFalcon/WP/drive_c/FreeFalcon6/campaign/save'
[FF_LINUX] StartReadCampFile: Opening path='/home/admin/sgl/SAT/freeFalcon/WP/drive_c/FreeFalcon6/campaign/save/28 Missile Threat.trn'
[FF_LINUX] StartReadCampFile: Successfully opened campaign file
[FF_LINUX] LoadBaseObjectives ENTRY: scenario='te_new'
[FF_LINUX] LoadBaseObjectives: Calling ReadCampFile()
[FF_LINUX] FF_TE_FILE: 'te_new' -> '28 Missile Threat'
[FF_LINUX] StartReadCampFile: type=3 filename='28 Missile Threat'
[FF_LINUX] StartReadCampFile: FalconCampUserSaveDirectory='/home/admin/sgl/SAT/freeFalcon/WP/drive_c/FreeFalcon6/campaign/save'
[FF_LINUX] StartReadCampFile: Opening path='/home/admin/sgl/SAT/freeFalcon/WP/drive_c/FreeFalcon6/campaign/save/28 Missile Threat.trn'
[FF_LINUX] StartReadCampFile: Successfully opened campaign file
[FF_LINUX] LoadBaseObjectives: ReadCampFile returned dataSize=-1
[FF_LINUX] LoadBaseObjectives: No data, returning 0
[FF_LINUX] FF_TE_FILE: '02 Takeoff' -> '28 Missile Threat'
[FF_LINUX] StartReadCampFile: type=3 filename='28 Missile Threat'
[FF_LINUX] StartReadCampFile: FalconCampUserSaveDirectory='/home/admin/sgl/SAT/freeFalcon/WP/drive_c/FreeFalcon6/campaign/save'
[FF_LINUX] StartReadCampFile: Opening path='/home/admin/sgl/SAT/freeFalcon/WP/drive_c/FreeFalcon6/campaign/save/28 Missile Threat.trn'
[FF_LINUX] StartReadCampFile: Successfully opened campaign file
[LZSS_Expand] Called: srcSize=22, size=42
[LZSS_Expand] LZSS_Expand: 42 bytes out in 0.0 ms
Assertion at 3821  /home/admin/freefalcon-central/src/campaign/camplib/objectiv.cpp  Sep 18 2026
[Failed:  o] Assertion at 3821  /home/admin/freefalcon-central/src/campaign/camplib/objectiv.cpp  Sep 18 2026
[FF_LINUX] FF_TE_FILE: '02 Takeoff' -> '28 Missile Threat'
[FF_LINUX] StartReadCampFile: type=3 filename='28 Missile Threat'
[FF_LINUX] StartReadCampFile: FalconCampUserSaveDirectory='/home/admin/sgl/SAT/freeFalcon/WP/drive_c/FreeFalcon6/campaign/save'
[FF_LINUX] StartReadCampFile: Opening path='/home/admin/sgl/SAT/freeFalcon/WP/drive_c/FreeFalcon6/campaign/save/28 Missile Threat.trn'
[FF_LINUX] StartReadCampFile: Successfully opened campaign file
[FF_LINUX] FF_TE_FILE: '02 Takeoff' -> '28 Missile Threat'
[FF_LINUX] StartReadCampFile: type=3 filename='28 Missile Threat'
[FF_LINUX] StartReadCampFile: FalconCampUserSaveDirectory='/home/admin/sgl/SAT/freeFalcon/WP/drive_c/FreeFalcon6/campaign/save'
[FF_LINUX] StartReadCampFile: Opening path='/home/admin/sgl/SAT/freeFalcon/WP/drive_c/FreeFalcon6/campaign/save/28 Missile Threat.trn'
[FF_LINUX] StartReadCampFile: Successfully opened campaign file
[FF_LINUX] DecodeUnitData: count=13 size=7038 rem=2342 gCampDataVersion=73
[LZSS_Expand] Called: srcSize=2342, size=7038
[LZSS_Expand] LZSS_Expand: 7038 bytes out in 0.0 ms
[FF_LINUX] DecodeUnitData: LZSS_Expand returned 2341
[FF_LINUX] DecodeUnitData: first 20 bytes after expand: b6 01 29 4e 00 00 00 00 00 00 b6 01 9b 01 87 01 00 60 ea c6 
[FF_LINUX] DecodeUnitData: bytes 80-99: 00 60 50 e4 01 01 00 00 80 40 00 00 1f 04 00 00 00 00 00 00 
[FF_LINUX] DecodeUnitData: Unit 0 - buf before read: b6 01, rem=7038
[FF_LINUX] DecodeUnitData: Unit 0 - type read: 438 (0x01b6)
[FF_LINUX] CampBaseClass ctor[1] entry
[FF_LINUX] CampBaseClass ctor[1] entityType=438
[FF_LINUX] CampBaseClass ctor[1] calling SetLocation(411,391)
[FF_LINUX] CampBaseClass ctor[1] SetLocation done
[FF_LINUX] CampBaseClass ctor[1] complete
[FF_LINUX] UnitClass ctor[1] entry after CampBase: rem=7007
[FF_LINUX] UnitClass ctor[1] after DecodeWaypoints: rem=6807
[FF_LINUX] DecodeUnitData: Unit 0 - after NewUnit, rem=6678, next bytes: 02 02
[FF_LINUX] DecodeUnitData: Unit 1 - buf before read: 02 02, rem=6678
[FF_LINUX] DecodeUnitData: Unit 1 - type read: 514 (0x0202)
[FF_LINUX] CampBaseClass ctor[2] entry
[FF_LINUX] CampBaseClass ctor[2] entityType=514
[FF_LINUX] CampBaseClass ctor[2] calling SetLocation(415,416)
[FF_LINUX] CampBaseClass ctor[2] SetLocation done
[FF_LINUX] CampBaseClass ctor[2] complete
[FF_LINUX] UnitClass ctor[2] entry after CampBase: rem=6647
[FF_LINUX] UnitClass ctor[2] after DecodeWaypoints: rem=6604
[FF_LINUX] SquadronClass ctor[1] entry: rem=6604 gCampDataVersion=73
[FF_LINUX] SquadronClass ctor[1] after fuel+specialty: rem=6599
[FF_LINUX] SquadronClass ctor[1] after stores: rem=5999
[FF_LINUX] SquadronClass ctor[1] after pilot_data: rem=5519
[FF_LINUX] DecodeUnitData: Unit 1 - after NewUnit, rem=5408, next bytes: 12 02
[FF_LINUX] DecodeUnitData: Unit 2 - buf before read: 12 02, rem=5408
[FF_LINUX] DecodeUnitData: Unit 2 - type read: 530 (0x0212)
[FF_LINUX] CampBaseClass ctor[3] entry
[FF_LINUX] CampBaseClass ctor[3] entityType=530
[FF_LINUX] CampBaseClass ctor[3] calling SetLocation(411,391)
[FF_LINUX] CampBaseClass ctor[3] SetLocation done
[FF_LINUX] CampBaseClass ctor[3] complete
[FF_LINUX] UnitClass ctor[3] entry after CampBase: rem=5377
[FF_LINUX] UnitClass ctor[3] after DecodeWaypoints: rem=5334
[FF_LINUX] DecodeUnitData: Unit 2 - after NewUnit, rem=5253, next bytes: ee 02
[FF_LINUX] CampBaseClass ctor[4] entry
[FF_LINUX] CampBaseClass ctor[4] entityType=750
[FF_LINUX] CampBaseClass ctor[4] calling SetLocation(397,439)
[FF_LINUX] CampBaseClass ctor[4] SetLocation done
[FF_LINUX] CampBaseClass ctor[4] complete
[FF_LINUX] CampBaseClass ctor[5] entry
[FF_LINUX] CampBaseClass ctor[5] entityType=530
[FF_LINUX] CampBaseClass ctor[5] calling SetLocation(397,439)
[FF_LINUX] CampBaseClass ctor[5] SetLocation done
[FF_LINUX] CampBaseClass ctor[5] complete
[FF_LINUX] SquadronClass ctor[2] entry: rem=4398 gCampDataVersion=73
[FF_LINUX] SquadronClass ctor[2] after fuel+specialty: rem=4393
[FF_LINUX] SquadronClass ctor[2] after stores: rem=3793
[FF_LINUX] SquadronClass ctor[2] after pilot_data: rem=3313
[FF_LINUX] SquadronClass ctor[3] entry: rem=2973 gCampDataVersion=73
[FF_LINUX] SquadronClass ctor[3] after fuel+specialty: rem=2968
[FF_LINUX] SquadronClass ctor[3] after stores: rem=2368
[FF_LINUX] SquadronClass ctor[3] after pilot_data: rem=1888
[FF_LINUX] FF_TE_FILE: 'te_new' -> '28 Missile Threat'
[FF_LINUX] StartReadCampFile: type=3 filename='28 Missile Threat'
[FF_LINUX] StartReadCampFile: FalconCampUserSaveDirectory='/home/admin/sgl/SAT/freeFalcon/WP/drive_c/FreeFalcon6/campaign/save'
[FF_LINUX] StartReadCampFile: Opening path='/home/admin/sgl/SAT/freeFalcon/WP/drive_c/FreeFalcon6/campaign/save/28 Missile Threat.trn'
[FF_LINUX] StartReadCampFile: Successfully opened campaign file
[FF_LINUX] FF_TE_FILE: '02 Takeoff' -> '28 Missile Threat'
[FF_LINUX] StartReadCampFile: type=3 filename='28 Missile Threat'
[FF_LINUX] StartReadCampFile: FalconCampUserSaveDirectory='/home/admin/sgl/SAT/freeFalcon/WP/drive_c/FreeFalcon6/campaign/save'
[FF_LINUX] StartReadCampFile: Opening path='/home/admin/sgl/SAT/freeFalcon/WP/drive_c/FreeFalcon6/campaign/save/28 Missile Threat.trn'
[FF_LINUX] StartReadCampFile: Successfully opened campaign file
[FF_LINUX] FF_TE_FILE: '02 Takeoff' -> '28 Missile Threat'
[FF_LINUX] StartReadCampFile: type=3 filename='28 Missile Threat'
[FF_LINUX] StartReadCampFile: FalconCampUserSaveDirectory='/home/admin/sgl/SAT/freeFalcon/WP/drive_c/FreeFalcon6/campaign/save'
[FF_LINUX] StartReadCampFile: Opening path='/home/admin/sgl/SAT/freeFalcon/WP/drive_c/FreeFalcon6/campaign/save/28 Missile Threat.trn'
[FF_LINUX] StartReadCampFile: Successfully opened campaign file
[FF_LINUX] FF_TE_FILE: '02 Takeoff' -> '28 Missile Threat'
[FF_LINUX] StartReadCampFile: type=3 filename='28 Missile Threat'
[FF_LINUX] StartReadCampFile: FalconCampUserSaveDirectory='/home/admin/sgl/SAT/freeFalcon/WP/drive_c/FreeFalcon6/campaign/save'
[FF_LINUX] StartReadCampFile: Opening path='/home/admin/sgl/SAT/freeFalcon/WP/drive_c/FreeFalcon6/campaign/save/28 Missile Threat.trn'
[FF_LINUX] StartReadCampFile: Successfully opened campaign file
Assertion at 1371  /home/admin/freefalcon-central/src/campaign/camptask/gtm.cpp  Sep 16 2026
[Failed:  PODataList and PODataList->GetFirstElement()] Assertion at 1371  /home/admin/freefalcon-central/src/campaign/camptask/gtm.cpp  Sep 16 2026
Assertion at 1389  /home/admin/freefalcon-central/src/campaign/camptask/gtm.cpp  Sep 16 2026
[Failed:  0] Assertion at 1389  /home/admin/freefalcon-central/src/campaign/camptask/gtm.cpp  Sep 16 2026
[FF_LINUX] WeatherClass::Init entry (instantAction=0)
[FF_LINUX] WeatherClass::Init: lastCheck=31918789
[FF_LINUX] WeatherClass::Init: weatherDay=0
[FF_LINUX] WeatherClass::Init: Calling UpdateCondition(1)
[FF_LINUX] WeatherClass::Init: UpdateCondition returned
[FF_LINUX] WeatherClass::Init: Calling TimeOfDayGeneral()
[FF_LINUX] WeatherClass::Init: About to call GenerateClouds()
[FF_LINUX] WeatherClass::Init: GenerateClouds returned, exiting Init
[FF_LINUX] FF_TE_FILE: '02 Takeoff' -> '28 Missile Threat'
[FF_LINUX] StartReadCampFile: type=3 filename='28 Missile Threat'
[FF_LINUX] StartReadCampFile: FalconCampUserSaveDirectory='/home/admin/sgl/SAT/freeFalcon/WP/drive_c/FreeFalcon6/campaign/save'
[FF_LINUX] StartReadCampFile: Opening path='/home/admin/sgl/SAT/freeFalcon/WP/drive_c/FreeFalcon6/campaign/save/28 Missile Threat.trn'
[FF_LINUX] StartReadCampFile: Successfully opened campaign file
[FM] FM_LOAD_CAMPAIGN: LoadCampaign() returned 1
[FM] FM_LOAD_CAMPAIGN: Queueing FM_JOIN_SUCCEEDED
[FM] FM_JOIN_SUCCEEDED received
[FF_UI_CLICK] firing (973,750) at 30018ms
[Mouse] LBUTTONDOWN at (973, 750)
[LBUTTONDOWN] at (973,750) -> window=0x644ca9082c00 ID=30402
[LBUTTONDOWN] GrabItem found control ID=2000000 type=25
[LBUTTONUP] at (973,750) -> window=0x644ca9082c00 Grab_.Control_=0x644ca9085550
[LBUTTONUP] Grab_.Control_ found: ID=2000000 type=25
[LBUTTONUP] Calling Process(ID=2000000, type=52)
[FM] FM_START_TACTICAL received
[EndUI] ENTRY
[EndUI] Calling TheCampaign.Suspend()...
[HandleCampaignThread] Got CAMP_SUSPEND_REQUEST, setting CAMP_SUSPENDED
[StartLoop] Event received! Proceeding.
[GL] FF_SimThreadAcquireGL() ENTER
[EndUI] Suspend() returned, calling UI_Cleanup()...
[UI_Cleanup] ENTRY
[UI_Cleanup] SetCursor done, cleaning UI_VuThread...
[UI_Cleanup] UI_VuThread done, cleaning gCommsMgr callbacks...
[UI_Cleanup] gCommsMgr callbacks done, sleeping 10ms...
[UI_Cleanup] Sleep done, cleaning gMapMgr...
[UI_Cleanup] gMapMgr done, cleaning gMainHandler...
[GL] Sim thread acquired GL context, g_simOwnsGLContext=true
[StartLoop] GL context acquired
[OTWDriver.Enter] this=0x644c911f18e0, &OTWDriver=0x644c911f18e0
[OTWDriver.Enter] Calling FalconDisplay.EnterMode(Sim)...
[UI_Cleanup] gMainHandler done, cleaning gUIViewer...
[UI_Cleanup] gUIViewer done, checking CleanViewpoint (mode=2)...
[UI_Cleanup] Skipping CleanViewpoint() - in Sim mode
[UI_Cleanup] Skipping DeviceDependentGraphicsCleanup() - in Sim mode
[UI_Cleanup] sound/music done, cleaning popup/image/anim managers...
[EndUI] UI_Cleanup() returned, calling Resume()...
[EndUI] Resume() returned, calling SetFocus()...
[EndUI] EXIT
[FF_SIM_KEY] sim entry latched at 37809ms; times are relative to this
  [DisplayDevice::Setup] Starting 1024x768x32, fullscreen=0
  [DisplayDevice::Setup] Calling CreateContext...
  [CreateContext] driverNum=0, devNum=0, resNum=19
  [CreateContext] GetDriver returned pDDI=0x644c9f216a10
  [CreateContext] D3D devices count: 1
  [CreateContext] Display modes count: 46
  [CreateContext] GetDevice returned pD3DDI=0x644c9f213f50
  [CreateContext] GetDisplayMode returned pddsd=0x644c9f219218
  [DXContext::Init] Starting with hWnd=0x644c9e25a400, 1024x768@32, fullscreen=0
  [DXContext::Init] Checking thread ID...
  [DXContext::Init] Thread ID check passed
  [DXContext::Init] Calling DirectDrawCreateEx...
  [DXContext::Init] DirectDrawCreateEx returned m_pDD=0x644ca4eadf30
  [DXContext::Init] Calling GetCaps... m_pcapsDD=0x644ca4ead7c0
  [DXContext::Init] GetCaps done
  [DXContext::Init] Calling GetDeviceIdentifier... m_pDevID=0x77e4481aac00
  [DXContext::Init] GetDeviceIdentifier done
  [DXContext::Init] DXContext::Init - DriverInfo - "OpenGL" - "FreeFalcon OpenGL Renderer", Vendor: 4318, Device: 4660, SubSys: 0, Rev: 0, Product: 0, Version: 0, SubVersion: 0, Build: 0
  [DXContext::Init] Calling SetCooperativeLevel with flags=0x1408...
  [DXContext::Init] SetCooperativeLevel done
  [DXContext::Init] Complete!
  [DisplayDevice::Setup] CreateContext returned m_DXCtx=0x644ca4eaefe0
  [DisplayDevice::Setup] Context created, setting up window...
  [DisplayDevice::Setup] Calling ShowWindow...
  [DisplayDevice::Setup] ShowWindow done
  [DisplayDevice::Setup] Setting up windowed image, IsHardware=1...
  [DisplayDevice::Setup] image.Setup done
  [DisplayDevice::Setup] Calling SetRenderTarget, targetSurface=0x644ca4eade90...
[SetRenderTarget] Linux: Creating D3D7 interface directly
[SetRenderTarget] Linux: m_pD3D=0x77e4481b1cb0
[AttachDepthBuffer] Linux: Skipping - OpenGL manages depth buffers
[SetRenderTarget] Linux: Creating D3D device directly, pRenderTarget=0x644ca4eade90
[SetRenderTarget] Linux: m_pD3DD=0x77e4484cbcd0
  [DisplayDevice::Setup] SetRenderTarget done
  [DisplayDevice::Setup] Calling movieInit...
  [DisplayDevice::Setup] Complete!
[OTWDriver.Enter] EnterMode done
[OTWDriver.Enter] OTWImage=0x644c90c88678, targetSurface=0x644ca4eade90
[Texture::CleanupForDevice] Setting rc=NULL (was 0x644ca4eaefe0)
[Texture::SetupForDevice] rc=0x644ca4eaefe0 path=/home/admin/sgl/SAT/freeFalcon/WP/drive_c/FreeFalcon6/terrdata/misctex/
[FarTexDB] DDS file: /home/admin/sgl/SAT/freeFalcon/WP/drive_c/FreeFalcon6/terrdata/korea/texture/fartiles.dds, headerSize=124, bytesRead=124
[FarTexDB] DDS header: flags=0x81007, width=32, height=32, linearSize=512, mipMapCount=0
[FarTexDB] DDS pixfmt: flags=0x0, fourCC=0x31545844, rgbBitCount=4
[FarTexDB] linearSize=512, texCount=96664, fartexDDSFile.IsReady=1
[PalLight] light=(0.750 0.829 0.849) gametime=31918789 pal=0x77e44a42d380
[OTWDriver.Enter] Creating viewPoint...
[OTWDriver.Enter] viewPoint created: 0x77e44a9b01b0
[OTWDriver.Enter] viewPoint->Setup done
[OTWDriver.Enter] Creating renderer, OTWImage=0x644c90c88678, targetSurface=0x644ca4eade90
[OTWDriver.Enter] Calling renderer->Setup...
[OTW.Setup] LastNearTexLOD=2 LastFarTexLOD=4 NumLevels=6
[OTWDriver.Enter] renderer->Setup done
[OTWDriver.Enter] VbManager.Setup...
[OTWDriver.Enter] VbManager.Setup done
[OTWDriver.Enter] SetupSplashScreen...
[OTWDriver.Enter] SplashScreenUpdate...
[OTWDriver.Enter] RegisterTimeUpdateCB...
[OTWDriver.Enter] VCock_Init...
[SetupRttTarget] Created: 512x512 bpp=32 renderTexture=0x77e430b7fa20 m_pDDS=0x77e430b918d0
[OTWDriver.Enter] VCock_Init done
[OTWDriver.Enter] Button3D_Init...
[OTWDriver.Enter] Button3D_Init done
[OTWDriver.Enter] Initializing view state...
[OTWDriver.Enter] View state initialized
[OTWDriver.Enter] FindCockpit ckpit_res.dat...
[OTWDriver.Enter] Creating CockpitManager (resX=0, resY=0, DispWidth=1024, DispHeight=768, FindBest=1024)...
[OTWDriver.Enter] CockpitManager created=0x77e433604ce0 PadlockCPManager=0x77e433605e70, creating MenuManager...
[OTWDriver.Enter] MFD CreateDrawables...
[OTWDriver.Enter] CreateCockpitGeometry...
[OTWDriver.Enter] CreateCockpitGeometry done
[OTWDriver.Enter] F4SoundFXInit...
[OTWDriver.Enter] F4SoundFXInit done
[OTWDriver.Enter] SetupDIMouseAndKeyboard...
[CreateSimCursors] Trying to open: /home/admin/sgl/SAT/freeFalcon/WP/drive_c/FreeFalcon6/art/ckptart/6_cursor.dat
[CreateSimCursors] Loaded 12 cursors from /home/admin/sgl/SAT/freeFalcon/WP/drive_c/FreeFalcon6/art/ckptart/6_turn.gif
[OTWDriver.Enter] SetupDIMouseAndKeyboard done
[OTWDriver.Enter] SetActive(TRUE)...
[OTWDriver.Enter] Complete!
[AircraftClass::Init] ENTER
[AircraftClass::Init] SimVehicleClass::Init done
[AircraftClass::Init] classPtr=0x644c9f9d3a90, initData=0x77e45d9fda60
[AircraftClass::Init] Checking SType/SPType...
[AircraftClass::Init] Creating AirframeClass...
[AircraftClass::Init] AirframeClass created: 0x77e454003180
[AircraftClass::Init] SetFlag done, mFaults=(nil)
[AircraftClass::Init] FackClass created, isDigital=1
[AircraftClass::Init] Checking RunningInstantAction...
[AircraftClass::Init] RunningInstantAction check done
[AircraftClass::Init] Initial pos set: x=1608830.0 y=1303791.8 z=-5000.0
[AircraftClass::Init] Waypoints: numWaypoints=9 waypoint=0x77e454000ee0
[AircraftClass::Init] Waypoint loop done
[AircraftClass::Init] st=31664970 SimLibElapsedTime=31918789
[AircraftClass::Init] SetStartTime done, currentWaypoint=2
[AircraftClass::Init] Waypoint index loop done, curWaypoint=0x77e454001170
[AircraftClass::Init] Inside curWaypoint check, getting WPAction...
[AircraftClass::Init] Getting UnitAirbase from campBase=0x644ca91156c0
[AircraftClass::Init] UnitAirbase ent=(nil)
[AircraftClass::Init] WPAction=11 (WP_TAKEOFF=1) allowGroundInit=1
[AircraftClass::Init] Else branch (not WP_TAKEOFF)
[AircraftClass::Init] Calling AddTakeOff, waypoint=0x77e454000ee0
[AircraftClass::Init] AddTakeOff done
[AircraftClass::Init] Got atWaypoint location: 1539950.3, 1303791.8, -5300.0
[AircraftClass::Init] RunningInstantAction=0 isDigital=1
[AircraftClass::Init] Getting wp2 location from curWaypoint=0x77e454001170
[AircraftClass::Init] wp2 location: 1710509.3, 1300511.8, -5000.0
[AircraftClass::Init] initialPsi=-0.019, getting arrival times
[AircraftClass::Init] dt=220274 SEC_TO_MSEC=1000
[AircraftClass::Init] initialMach=775.411
[AircraftClass::Init] After waypoint if block, initialMach=775.411
[AircraftClass::Init] Mach clamped, afIdx lookup from vehicleDataIndex=129
[AircraftClass::Init] afIdx=71 NumACDefEntries=266
[AircraftClass::Init] Calling af->InitData(71)...
[AircraftClass::Init] af->InitData done
[AircraftClass::Init] Checking auxaeroData=0x644ca4584630
[AircraftClass::Init] F16 flag check done
[AircraftClass::Init] Engine flag check done, creating SMS...
[AircraftClass::Init] SMS created: 0x77e454003ba0
[AircraftClass::Init] Creating FCC, NumHardpoints=10
[AircraftClass::Init] FCC created: 0x77e454007990
[AircraftClass::Init] FCC->SetSms done
[AircraftClass::Init] Getting gun from hardPoint[0]=0x77e454003d40
[AircraftClass::Init] Guns=0x77e454003e30
[AircraftClass::Init] Gun TrailID set
[AircraftClass::Init] Checking ground level...
[AircraftClass::Init] Ground level check done
[AircraftClass::Init] Calling af->Init(71)...
[AircraftClass::Init] af->Init done
[AircraftClass::Init] Checking hasSwingWing...
[AircraftClass::Init] hasSwingWing check done
[AircraftClass::Init] Checking isComplex=1
[AircraftClass::Init] Calling MakeComplex()...
[AircraftClass::Init] MakeComplex done
[AircraftClass::Init] isComplex check done
[AircraftClass::Init] Calling SetSwitch(COMP_CANOPY)...
[AircraftClass::Init] SetSwitch done
[AircraftClass::Init] Checking ACMI recording...
[AircraftClass::Init] ACMI check done
[AircraftClass::Init] Checking IsComplex for laser/harm pods...
[AircraftClass::Init] IsComplex check done
[AircraftClass::Init] Checking Guns=0x77e454003e30
[AircraftClass::Init] Guns check done
[AircraftClass::Init] Starting sensor setup...
[AircraftClass::Init] Sensor setup done, numSensors=4
[AircraftClass::Init] Creating brain, GetCampaignObject=0x644ca91156c0
[AircraftClass::Init] Creating DigitalBrain...
[AircraftClass::Init] DigitalBrain created: 0x77e454008340
[AircraftClass::Init] Brain created, calling DBrain()->SetTaxiPoint...
[AircraftClass::Init] Creating PilotInputs...
[AircraftClass::Init] PilotInputs created: 0x77e4540087a0
[AircraftClass::Init] Checking PreFlight...
[AircraftClass::Init] Calling PreFlight()...
[AircraftClass::Init] PreFlight done
[AircraftClass::Init] End of initData block
[AircraftClass::Init] EXIT - Init complete
[StartLoop] Starting deagg wait: flight=0x644ca91156c0 IsAggregate=0 IsDead=0
[StartLoop] Deagg wait done: flight=0x644ca91156c0 IsAggregate=0 IsDead=0 delayCounter=120
[StartLoop] Waiting for SimDriver.GetPlayerEntity()...
[AircraftClass::Init] ENTER
[AircraftClass::Init] SimVehicleClass::Init done
[AircraftClass::Init] classPtr=0x644c9f9c6e08, initData=0x77e45d9fda60
[AircraftClass::Init] Checking SType/SPType...
[AircraftClass::Init] Creating AirframeClass...
[AircraftClass::Init] AirframeClass created: 0x77e454020630
[AircraftClass::Init] SetFlag done, mFaults=(nil)
[AircraftClass::Init] FackClass created, isDigital=1
[AircraftClass::Init] Checking RunningInstantAction...
[AircraftClass::Init] RunningInstantAction check done
[AircraftClass::Init] Initial pos set: x=1441551.0 y=1303791.8 z=-25000.0
[AircraftClass::Init] Waypoints: numWaypoints=7 waypoint=0x77e45401f180
[AircraftClass::Init] Waypoint loop done
[AircraftClass::Init] st=31430300 SimLibElapsedTime=31918789
[AircraftClass::Init] SetStartTime done, currentWaypoint=3
[AircraftClass::Init] Waypoint index loop done, curWaypoint=0x77e45401f2a0
[AircraftClass::Init] Inside curWaypoint check, getting WPAction...
[AircraftClass::Init] Getting UnitAirbase from campBase=0x644ca9113b80
[AircraftClass::Init] UnitAirbase ent=(nil)
[AircraftClass::Init] WPAction=12 (WP_TAKEOFF=1) allowGroundInit=1
[AircraftClass::Init] Else branch (not WP_TAKEOFF)
[AircraftClass::Init] Calling AddTakeOff, waypoint=0x77e45401f180
[AircraftClass::Init] AddTakeOff done
[AircraftClass::Init] Got atWaypoint location: 1441551.0, 1303791.8, -5000.0
[AircraftClass::Init] RunningInstantAction=0 isDigital=1
[AircraftClass::Init] Getting wp2 location from curWaypoint=0x77e45401f2a0
[AircraftClass::Init] wp2 location: 1471070.8, 1303791.8, -5000.0
[AircraftClass::Init] initialPsi=0.000, getting arrival times
[AircraftClass::Init] dt=38117 SEC_TO_MSEC=1000
[AircraftClass::Init] initialMach=776.838
[AircraftClass::Init] After waypoint if block, initialMach=776.838
[AircraftClass::Init] Mach clamped, afIdx lookup from vehicleDataIndex=23
[AircraftClass::Init] afIdx=18 NumACDefEntries=266
[AircraftClass::Init] Calling af->InitData(18)...
[AircraftClass::Init] af->InitData done
[AircraftClass::Init] Checking auxaeroData=0x644ca488a290
[AircraftClass::Init] F16 flag check done
[AircraftClass::Init] Engine flag check done, creating SMS...
[AircraftClass::Init] SMS created: 0x77e454021050
[AircraftClass::Init] Creating FCC, NumHardpoints=7
[AircraftClass::Init] FCC created: 0x77e454023940
[AircraftClass::Init] FCC->SetSms done
[AircraftClass::Init] Getting gun from hardPoint[0]=0x77e4540211d0
[AircraftClass::Init] Guns=0x77e4540212c0
[AircraftClass::Init] Gun TrailID set
[AircraftClass::Init] Checking ground level...
[AircraftClass::Init] Ground level check done
[AircraftClass::Init] Calling af->Init(18)...
[AircraftClass::Init] af->Init done
[AircraftClass::Init] Checking hasSwingWing...
[AircraftClass::Init] hasSwingWing check done
[AircraftClass::Init] Checking isComplex=1
[AircraftClass::Init] Calling MakeComplex()...
[AircraftClass::Init] MakeComplex done
[AircraftClass::Init] isComplex check done
[AircraftClass::Init] Calling SetSwitch(COMP_CANOPY)...
[AircraftClass::Init] SetSwitch done
[AircraftClass::Init] Checking ACMI recording...
[AircraftClass::Init] ACMI check done
[AircraftClass::Init] Checking IsComplex for laser/harm pods...
[AircraftClass::Init] IsComplex check done
[AircraftClass::Init] Checking Guns=0x77e4540212c0
[AircraftClass::Init] Guns check done
[AircraftClass::Init] Starting sensor setup...
[AircraftClass::Init] Sensor setup done, numSensors=3
[AircraftClass::Init] Creating brain, GetCampaignObject=0x644ca9113b80
[AircraftClass::Init] Creating DigitalBrain...
[AircraftClass::Init] DigitalBrain created: 0x77e454024d30
[AircraftClass::Init] Brain created, calling DBrain()->SetTaxiPoint...
[AircraftClass::Init] Creating PilotInputs...
[AircraftClass::Init] PilotInputs created: 0x77e454025190
[AircraftClass::Init] Checking PreFlight...
[AircraftClass::Init] Calling PreFlight()...
[AircraftClass::Init] PreFlight done
[AircraftClass::Init] End of initData block
[AircraftClass::Init] EXIT - Init complete
[StartLoop] SimDriver.GetPlayerEntity()=0x77e454001410, calling SplashScreenUpdate(2)
[StartLoop] Waiting for gLeftToDeaggregate=-1, player=0x77e454001410, IsLocal=1
[StartLoop] gLeftToDeaggregate wait done: gLeft=-1 counter=100
[RenderFirstFrame] Enter, vuxGameTime=31918789, todOffset=0.0
[RenderFirstFrame] Setting TimeManager to 31918789 ms = 08:51
[PalLight] light=(0.945 0.967 1.000) gametime=31918789 pal=0x77e44a42d380
[RenderFirstFrame] TimeManager refreshed, TOD ambient=0.2109 diffuse=0.7363
[RenderFirstFrame] Weather refreshed
[RenderFirstFrame] Calling Reset3DParameters()...
[RenderFirstFrame] Reset3DParameters() done
[RenderFirstFrame] Cockpit defaults loaded, calling PreLoadScene...
Assertion at 843  /home/admin/freefalcon-central/src/campaign/camptask/atm.cpp  Sep 16 2026
[Failed:  sq->GetRating(j) == 0 or uc->Scores[j] > 0] Assertion at 843  /home/admin/freefalcon-central/src/campaign/camptask/atm.cpp  Sep 16 2026
[RenderFirstFrame] PreLoadScene done
[RenderFirstFrame] Exit
[GL] FF_SimThreadReleaseGL() ENTER
[GL] Sim thread released GL context, g_simOwnsGLContext=false
[StartLoop] Setting currentMode = StartRunningGraphics
[GL] FF_SimThreadAcquireGL() ENTER
[GL] Sim thread acquired GL context, g_simOwnsGLContext=true
[TERRAIN_DIAG] ground_color=(0.945,0.967,1.000) haze_ground=(0.657,0.822,0.972)
[TERRAIN_DIAG] far_clip=262319.0 haze_start=26231.9 haze_depth=131159.5 hazed=1
[TERRAIN_DIAG] lightAmbient=0.210 lightDiffuse=0.736 lightSpecular=1.500
[TERRAIN_DIAG] GL_LIGHTING=0 GL_FOG=1 GL_ALPHA_TEST=1 GL_BLEND=1 GL_DEPTH_TEST=1
[TERRAIN_DIAG] GL_SCISSOR_TEST=0 GL_STENCIL_TEST=0 GL_CULL_FACE=0
[TERRAIN_DIAG] fogMode=0x2601 fogStart=0.0 fogEnd=80000.0 fogColor=(0.65,0.82,0.97,0.00)
[TERRAIN_DIAG] alphaFunc=0x206 alphaRef=0.0039
[TERRAIN_DIAG] FOG_COORD_SRC=0x8452 (FRAG_DEPTH=0x8452, FOG_COORD=0x8457)
[VERT_COLOR] r=0.753 g=0.771 b=0.797 a=1.000 dist=625.7 scale=0.002 state=37 colorIdx=190
[VERT_COLOR] r=0.758 g=0.776 b=0.802 a=1.000 dist=594.3 scale=0.002 state=37 colorIdx=190
[VERT_COLOR] r=0.773 g=0.791 b=0.817 a=1.000 dist=656.8 scale=0.002 state=37 colorIdx=190
[VERT_COLOR] r=0.753 g=0.771 b=0.797 a=1.000 dist=625.6 scale=0.002 state=37 colorIdx=190
[VERT_COLOR] r=0.758 g=0.776 b=0.802 a=1.000 dist=594.3 scale=0.002 state=37 colorIdx=190
[StoreMPRPalette] lightColor=(0.945, 0.967, 1.000) lightLevel=0.947
[StoreMPRPalette] lightColor=(0.945, 0.967, 1.000) lightLevel=0.947
[StoreMPRPalette] lightColor=(0.945, 0.967, 1.000) lightLevel=0.947
Assertion at 4166  /home/admin/freefalcon-central/src/graphics/3dlib/context.cpp  Sep 18 2026
[Failed:  (nVerts >= 3) or (nPrimType == MPR_PRM_POINTS and nVerts >= 1) or (nPrimType <= MPR_PRM_POLYLINE and nVerts >= 2)] Assertion at 4166  /home/admin/freefalcon-central/src/graphics/3dlib/context.cpp  Sep 18 2026
[TERRAIN_DIAG] ground_color=(0.945,0.967,1.000) haze_ground=(0.657,0.822,0.972)
[TERRAIN_DIAG] far_clip=262319.0 haze_start=26231.9 haze_depth=131159.5 hazed=1
[TERRAIN_DIAG] lightAmbient=0.210 lightDiffuse=0.736 lightSpecular=1.500
[TERRAIN_DIAG] GL_LIGHTING=0 GL_FOG=1 GL_ALPHA_TEST=1 GL_BLEND=1 GL_DEPTH_TEST=1
[TERRAIN_DIAG] GL_SCISSOR_TEST=0 GL_STENCIL_TEST=0 GL_CULL_FACE=0
[TERRAIN_DIAG] fogMode=0x2601 fogStart=0.0 fogEnd=80000.0 fogColor=(0.65,0.82,0.97,0.00)
[TERRAIN_DIAG] alphaFunc=0x206 alphaRef=0.0039
[TERRAIN_DIAG] FOG_COORD_SRC=0x8452 (FRAG_DEPTH=0x8452, FOG_COORD=0x8457)
[TERRAIN_DIAG] ground_color=(0.945,0.967,1.000) haze_ground=(0.657,0.822,0.972)
[TERRAIN_DIAG] far_clip=262319.0 haze_start=26231.9 haze_depth=131159.5 hazed=1
[TERRAIN_DIAG] lightAmbient=0.210 lightDiffuse=0.736 lightSpecular=1.500
[TERRAIN_DIAG] GL_LIGHTING=0 GL_FOG=1 GL_ALPHA_TEST=1 GL_BLEND=1 GL_DEPTH_TEST=1
[TERRAIN_DIAG] GL_SCISSOR_TEST=0 GL_STENCIL_TEST=0 GL_CULL_FACE=0
[TERRAIN_DIAG] fogMode=0x2601 fogStart=0.0 fogEnd=80000.0 fogColor=(0.65,0.82,0.97,0.00)
[TERRAIN_DIAG] alphaFunc=0x206 alphaRef=0.0039
[TERRAIN_DIAG] FOG_COORD_SRC=0x8452 (FRAG_DEPTH=0x8452, FOG_COORD=0x8457)
[PalLight] light=(0.945 0.967 1.000) gametime=31931776 pal=0x77e44a42d380
[FF_SIM_KEY] DOWN dik=0x01 nmods=0 at 60013ms
[FF_SIM_KEY] UP   dik=0x01 nmods=0 at 60270ms
[FF_SIM_KEY] DOWN dik=0x12 nmods=0 at 63010ms
[FF_SIM_KEY] UP   dik=0x12 nmods=0 at 63266ms
[ExitMenu] E/D pressed: i=18 endsAvail=[1,1,0] endFlightTimer=0 vuxRealTime=316935922
[EndFlight] timer=316940922 vuxRealTime=316936967 delta=-3955
[StopGraphics] Called, currentMode=6 (need RunningGraphics=6)
[StopGraphics] Setting currentMode = StoppingGraphics
[GL] FF_SimThreadReleaseGL() ENTER
[GL] Sim thread released GL context, g_simOwnsGLContext=false
[GL] FF_SimThreadAcquireGL() ENTER
[GL] Sim thread acquired GL context, g_simOwnsGLContext=true
[StartLoop] Reset3DParameters...
[StartLoop] ShowSimpleWaitScreen...
[StartLoop] ShowSimpleWaitScreen done
[StartLoop] F4SoundFXEnd...
[StartLoop] AnnounceExit...
[StartLoop] ClearCameras...
[OTWDriver.Exit] Cleaning up sim resources...
[OTWDriver.CleanViewpoint] CALLED! this=0x644c911f18e0, viewPoint=(nil)
[OTWDriver.Exit] Cleanup complete
[GL] FF_SimThreadReleaseGL() ENTER
[GL] Sim thread released GL context, g_simOwnsGLContext=false
[StartLoop] Waiting for wait_for_start_graphics event...
[FM] FM_REVERT_CAMPAIGN received
[FM] FM_SHUTDOWN_CAMPAIGN received
[VuSession::JoinGame] ENTRY: session=0x644c9fb0a510 newgame=(nil) current_game=0x644ca543ef00
[VuSession::JoinGame] EXIT: retval=0 Game()=(nil)
[FM] FM_LOAD_CAMPAIGN received (type=3)
[FM] FM_LOAD_CAMPAIGN: Calling TheCampaign.LoadCampaign()...
[FF_LINUX] FF_TE_FILE: '02 Takeoff' -> '28 Missile Threat'
[FF_LINUX] StartReadCampFile: type=3 filename='28 Missile Threat'
[FF_LINUX] StartReadCampFile: FalconCampUserSaveDirectory='/home/admin/sgl/SAT/freeFalcon/WP/drive_c/FreeFalcon6/campaign/save'
[FF_LINUX] StartReadCampFile: Opening path='/home/admin/sgl/SAT/freeFalcon/WP/drive_c/FreeFalcon6/campaign/save/28 Missile Threat.trn'
[FF_LINUX] StartReadCampFile: Successfully opened campaign file
[FF_LINUX] FF_TE_FILE: '02 Takeoff' -> '28 Missile Threat'
[FF_LINUX] StartReadCampFile: type=3 filename='28 Missile Threat'
[FF_LINUX] StartReadCampFile: FalconCampUserSaveDirectory='/home/admin/sgl/SAT/freeFalcon/WP/drive_c/FreeFalcon6/campaign/save'
[FF_LINUX] StartReadCampFile: Opening path='/home/admin/sgl/SAT/freeFalcon/WP/drive_c/FreeFalcon6/campaign/save/28 Missile Threat.trn'
[FF_LINUX] StartReadCampFile: Successfully opened campaign file
[FF_LINUX] FF_TE_FILE: '02 Takeoff' -> '28 Missile Threat'
[FF_LINUX] StartReadCampFile: type=3 filename='28 Missile Threat'
[FF_LINUX] StartReadCampFile: FalconCampUserSaveDirectory='/home/admin/sgl/SAT/freeFalcon/WP/drive_c/FreeFalcon6/campaign/save'
[FF_LINUX] StartReadCampFile: Opening path='/home/admin/sgl/SAT/freeFalcon/WP/drive_c/FreeFalcon6/campaign/save/28 Missile Threat.trn'
[FF_LINUX] StartReadCampFile: Successfully opened campaign file
[LZSS_Expand] Called: srcSize=2731, size=16919
[LZSS_Expand] LZSS_Expand: 16919 bytes out in 0.1 ms
[FF_LINUX] FF_TE_FILE: '02 Takeoff' -> '28 Missile Threat'
[FF_LINUX] StartReadCampFile: type=3 filename='28 Missile Threat'
[FF_LINUX] StartReadCampFile: FalconCampUserSaveDirectory='/home/admin/sgl/SAT/freeFalcon/WP/drive_c/FreeFalcon6/campaign/save'
[FF_LINUX] StartReadCampFile: Opening path='/home/admin/sgl/SAT/freeFalcon/WP/drive_c/FreeFalcon6/campaign/save/28 Missile Threat.trn'
[FF_LINUX] StartReadCampFile: Successfully opened campaign file
[FF_LINUX] FF_TE_FILE: '02 Takeoff' -> '28 Missile Threat'
[FF_LINUX] StartReadCampFile: type=3 filename='28 Missile Threat'
[FF_LINUX] StartReadCampFile: FalconCampUserSaveDirectory='/home/admin/sgl/SAT/freeFalcon/WP/drive_c/FreeFalcon6/campaign/save'
[FF_LINUX] StartReadCampFile: Opening path='/home/admin/sgl/SAT/freeFalcon/WP/drive_c/FreeFalcon6/campaign/save/28 Missile Threat.trn'
[FF_LINUX] StartReadCampFile: Successfully opened campaign file
[VuSession::JoinGame] ENTRY: session=0x644c9fb0a510 newgame=0x644c9ed9b790 current_game=(nil)
[VuSession::JoinGame] Setting game_.reset(newgame=0x644c9ed9b790)
[VuSession::JoinGame] Game set, Game()=0x644c9ed9b790
[VuSession::JoinGame] EXIT: retval=1 Game()=0x644c9ed9b790
[FF_LINUX] WeatherClass::Init entry (instantAction=0)
[FF_LINUX] WeatherClass::Init: lastCheck=31918789
[FF_LINUX] WeatherClass::Init: weatherDay=0
[FF_LINUX] WeatherClass::Init: Calling UpdateCondition(1)
[FF_LINUX] WeatherClass::Init: UpdateCondition returned
[FF_LINUX] WeatherClass::Init: Calling TimeOfDayGeneral()
[FF_LINUX] WeatherClass::Init: About to call GenerateClouds()
[FF_LINUX] WeatherClass::Init: GenerateClouds returned, exiting Init
[FF_LINUX] FF_TE_FILE: '02 Takeoff' -> '28 Missile Threat'
[FF_LINUX] StartReadCampFile: type=3 filename='28 Missile Threat'
[FF_LINUX] StartReadCampFile: FalconCampUserSaveDirectory='/home/admin/sgl/SAT/freeFalcon/WP/drive_c/FreeFalcon6/campaign/save'
[FF_LINUX] StartReadCampFile: Opening path='/home/admin/sgl/SAT/freeFalcon/WP/drive_c/FreeFalcon6/campaign/save/28 Missile Threat.trn'
[FF_LINUX] StartReadCampFile: Successfully opened campaign file
[FF_LINUX] LoadBaseObjectives ENTRY: scenario='te_new'
[FF_LINUX] LoadBaseObjectives: Calling ReadCampFile()
[FF_LINUX] FF_TE_FILE: 'te_new' -> '28 Missile Threat'
[FF_LINUX] StartReadCampFile: type=3 filename='28 Missile Threat'
[FF_LINUX] StartReadCampFile: FalconCampUserSaveDirectory='/home/admin/sgl/SAT/freeFalcon/WP/drive_c/FreeFalcon6/campaign/save'
[FF_LINUX] StartReadCampFile: Opening path='/home/admin/sgl/SAT/freeFalcon/WP/drive_c/FreeFalcon6/campaign/save/28 Missile Threat.trn'
[FF_LINUX] StartReadCampFile: Successfully opened campaign file
[FF_LINUX] LoadBaseObjectives: ReadCampFile returned dataSize=-1
[FF_LINUX] LoadBaseObjectives: No data, returning 0
[FF_LINUX] FF_TE_FILE: '02 Takeoff' -> '28 Missile Threat'
[FF_LINUX] StartReadCampFile: type=3 filename='28 Missile Threat'
[FF_LINUX] StartReadCampFile: FalconCampUserSaveDirectory='/home/admin/sgl/SAT/freeFalcon/WP/drive_c/FreeFalcon6/campaign/save'
[FF_LINUX] StartReadCampFile: Opening path='/home/admin/sgl/SAT/freeFalcon/WP/drive_c/FreeFalcon6/campaign/save/28 Missile Threat.trn'
[FF_LINUX] StartReadCampFile: Successfully opened campaign file
[LZSS_Expand] Called: srcSize=22, size=42
[LZSS_Expand] LZSS_Expand: 42 bytes out in 0.0 ms
[FF_LINUX] FF_TE_FILE: '02 Takeoff' -> '28 Missile Threat'
[FF_LINUX] StartReadCampFile: type=3 filename='28 Missile Threat'
[FF_LINUX] StartReadCampFile: FalconCampUserSaveDirectory='/home/admin/sgl/SAT/freeFalcon/WP/drive_c/FreeFalcon6/campaign/save'
[FF_LINUX] StartReadCampFile: Opening path='/home/admin/sgl/SAT/freeFalcon/WP/drive_c/FreeFalcon6/campaign/save/28 Missile Threat.trn'
[FF_LINUX] StartReadCampFile: Successfully opened campaign file
[FF_LINUX] FF_TE_FILE: '02 Takeoff' -> '28 Missile Threat'
[FF_LINUX] StartReadCampFile: type=3 filename='28 Missile Threat'
[FF_LINUX] StartReadCampFile: FalconCampUserSaveDirectory='/home/admin/sgl/SAT/freeFalcon/WP/drive_c/FreeFalcon6/campaign/save'
[FF_LINUX] StartReadCampFile: Opening path='/home/admin/sgl/SAT/freeFalcon/WP/drive_c/FreeFalcon6/campaign/save/28 Missile Threat.trn'
[FF_LINUX] StartReadCampFile: Successfully opened campaign file
[FF_LINUX] DecodeUnitData: count=13 size=7038 rem=2342 gCampDataVersion=73
[LZSS_Expand] Called: srcSize=2342, size=7038
[LZSS_Expand] LZSS_Expand: 7038 bytes out in 0.0 ms
[FF_LINUX] DecodeUnitData: LZSS_Expand returned 2341
[FF_LINUX] DecodeUnitData: first 20 bytes after expand: b6 01 29 4e 00 00 00 00 00 00 b6 01 9b 01 87 01 00 60 ea c6 
[FF_LINUX] DecodeUnitData: bytes 80-99: 00 60 50 e4 01 01 00 00 80 40 00 00 1f 04 00 00 00 00 00 00 
[FF_LINUX] DecodeUnitData: Unit 0 - buf before read: b6 01, rem=7038
[FF_LINUX] DecodeUnitData: Unit 0 - type read: 438 (0x01b6)
[FF_LINUX] DecodeUnitData: Unit 0 - after NewUnit, rem=6678, next bytes: 02 02
[FF_LINUX] DecodeUnitData: Unit 1 - buf before read: 02 02, rem=6678
[FF_LINUX] DecodeUnitData: Unit 1 - type read: 514 (0x0202)
[FF_LINUX] DecodeUnitData: Unit 1 - after NewUnit, rem=5408, next bytes: 12 02
[FF_LINUX] DecodeUnitData: Unit 2 - buf before read: 12 02, rem=5408
[FF_LINUX] DecodeUnitData: Unit 2 - type read: 530 (0x0212)
[FF_LINUX] DecodeUnitData: Unit 2 - after NewUnit, rem=5253, next bytes: ee 02
[FF_LINUX] FF_TE_FILE: 'te_new' -> '28 Missile Threat'
[FF_LINUX] StartReadCampFile: type=3 filename='28 Missile Threat'
[FF_LINUX] StartReadCampFile: FalconCampUserSaveDirectory='/home/admin/sgl/SAT/freeFalcon/WP/drive_c/FreeFalcon6/campaign/save'
[FF_LINUX] StartReadCampFile: Opening path='/home/admin/sgl/SAT/freeFalcon/WP/drive_c/FreeFalcon6/campaign/save/28 Missile Threat.trn'
[FF_LINUX] StartReadCampFile: Successfully opened campaign file
[FF_LINUX] FF_TE_FILE: '02 Takeoff' -> '28 Missile Threat'
[FF_LINUX] StartReadCampFile: type=3 filename='28 Missile Threat'
[FF_LINUX] StartReadCampFile: FalconCampUserSaveDirectory='/home/admin/sgl/SAT/freeFalcon/WP/drive_c/FreeFalcon6/campaign/save'
[FF_LINUX] StartReadCampFile: Opening path='/home/admin/sgl/SAT/freeFalcon/WP/drive_c/FreeFalcon6/campaign/save/28 Missile Threat.trn'
[FF_LINUX] StartReadCampFile: Successfully opened campaign file
[FF_LINUX] FF_TE_FILE: '02 Takeoff' -> '28 Missile Threat'
[FF_LINUX] StartReadCampFile: type=3 filename='28 Missile Threat'
[FF_LINUX] StartReadCampFile: FalconCampUserSaveDirectory='/home/admin/sgl/SAT/freeFalcon/WP/drive_c/FreeFalcon6/campaign/save'
[FF_LINUX] StartReadCampFile: Opening path='/home/admin/sgl/SAT/freeFalcon/WP/drive_c/FreeFalcon6/campaign/save/28 Missile Threat.trn'
[FF_LINUX] StartReadCampFile: Successfully opened campaign file
[FF_LINUX] FF_TE_FILE: '02 Takeoff' -> '28 Missile Threat'
[FF_LINUX] StartReadCampFile: type=3 filename='28 Missile Threat'
[FF_LINUX] StartReadCampFile: FalconCampUserSaveDirectory='/home/admin/sgl/SAT/freeFalcon/WP/drive_c/FreeFalcon6/campaign/save'
[FF_LINUX] StartReadCampFile: Opening path='/home/admin/sgl/SAT/freeFalcon/WP/drive_c/FreeFalcon6/campaign/save/28 Missile Threat.trn'
[FF_LINUX] StartReadCampFile: Successfully opened campaign file
[FF_LINUX] WeatherClass::Init entry (instantAction=0)
[FF_LINUX] WeatherClass::Init: lastCheck=31918789
[FF_LINUX] WeatherClass::Init: weatherDay=0
[FF_LINUX] WeatherClass::Init: Calling UpdateCondition(1)
[FF_LINUX] WeatherClass::Init: UpdateCondition returned
[FF_LINUX] WeatherClass::Init: Calling TimeOfDayGeneral()
[FF_LINUX] WeatherClass::Init: About to call GenerateClouds()
[FF_LINUX] WeatherClass::Init: GenerateClouds returned, exiting Init
[FF_LINUX] FF_TE_FILE: '02 Takeoff' -> '28 Missile Threat'
[FF_LINUX] StartReadCampFile: type=3 filename='28 Missile Threat'
[FF_LINUX] StartReadCampFile: FalconCampUserSaveDirectory='/home/admin/sgl/SAT/freeFalcon/WP/drive_c/FreeFalcon6/campaign/save'
[FF_LINUX] StartReadCampFile: Opening path='/home/admin/sgl/SAT/freeFalcon/WP/drive_c/FreeFalcon6/campaign/save/28 Missile Threat.trn'
[FF_LINUX] StartReadCampFile: Successfully opened campaign file
[FM] FM_LOAD_CAMPAIGN: LoadCampaign() returned 1
[FM] FM_LOAD_CAMPAIGN: Queueing FM_JOIN_SUCCEEDED
[FM] FM_GOT_CAMPAIGN_DATA received (wParam=16777216)
[FM] FM_JOIN_SUCCEEDED received
[FM] FM_START_UI received
[FM] Main thread re-acquired GL context
[FM] Calling UI_Startup()...
[UI_Startup] ENTRY, FalconDisplay.currentMode=5
[UI_Startup] Calling EnterMode(UI)...
  [DisplayDevice::Setup] Starting 1024x768x16, fullscreen=0
  [DisplayDevice::Setup] Calling CreateContext...
  [CreateContext] driverNum=0, devNum=0, resNum=18
  [CreateContext] GetDriver returned pDDI=0x644c9f216a10
  [CreateContext] D3D devices count: 1
  [CreateContext] Display modes count: 46
  [CreateContext] GetDevice returned pD3DDI=0x644c9f213f50
  [CreateContext] GetDisplayMode returned pddsd=0x644c9f219190
  [DXContext::Init] Starting with hWnd=0x644c9e25a400, 1024x768@16, fullscreen=0
  [DXContext::Init] Checking thread ID...
  [DXContext::Init] Thread ID check passed
  [DXContext::Init] Calling DirectDrawCreateEx...
  [DXContext::Init] DirectDrawCreateEx returned m_pDD=0x77e4481ab2b0
  [DXContext::Init] Calling GetCaps... m_pcapsDD=0x644ca6fca300
  [DXContext::Init] GetCaps done
  [DXContext::Init] Calling GetDeviceIdentifier... m_pDevID=0x644ca4eada50
  [DXContext::Init] GetDeviceIdentifier done
  [DXContext::Init] DXContext::Init - DriverInfo - "OpenGL" - "FreeFalcon OpenGL Renderer", Vendor: 4318, Device: 4660, SubSys: 0, Rev: 0, Product: 0, Version: 0, SubVersion: 0, Build: 0
  [DXContext::Init] Calling SetCooperativeLevel with flags=0x1408...
  [DXContext::Init] SetCooperativeLevel done
  [DXContext::Init] Complete!
  [DisplayDevice::Setup] CreateContext returned m_DXCtx=0x644ca8d40430
  [DisplayDevice::Setup] Context created, setting up window...
  [DisplayDevice::Setup] Calling ShowWindow...
  [DisplayDevice::Setup] ShowWindow done
  [DisplayDevice::Setup] Setting up windowed image, IsHardware=1...
  [DisplayDevice::Setup] image.Setup done
  [DisplayDevice::Setup] Calling SetRenderTarget, targetSurface=0x644ca4eade90...
[SetRenderTarget] Linux: Creating D3D7 interface directly
[SetRenderTarget] Linux: m_pD3D=0x77e44adcb160
[AttachDepthBuffer] Linux: Skipping - OpenGL manages depth buffers
[SetRenderTarget] Linux: Creating D3D device directly, pRenderTarget=0x644ca4eade90
[SetRenderTarget] Linux: m_pD3DD=0x644ca60f15d0
  [DisplayDevice::Setup] SetRenderTarget done
  [DisplayDevice::Setup] Calling movieInit...
  [DisplayDevice::Setup] Complete!
[UI_Startup] EnterMode done, getting ImageBuffer...
[GlobalSetup] Creating C_Parser...
[GlobalSetup] Loading ID lists...
[LoadIDList] Loading: userids.lst
[LoadIDList] file size=500 for userids.lst
[LoadIDList] Loading: fontids.lst
[LoadIDList] file size=22 for fontids.lst
[LoadIDList] Loading: imageids.lst
[LoadIDList] file size=197 for imageids.lst
[LoadIDList] Loading: soundids.lst
[LoadIDList] file size=46 for soundids.lst
[LoadIDList] Loading: textids.lst
[LoadIDList] file size=21 for textids.lst
[LoadIDList] Loading: movieids.lst
[LoadIDList] file size=20 for movieids.lst
[LoadImageList] Loading: resimgs.lst
[LoadImageList] Opened: resimgs.lst
[LoadSoundList] Loading: sounds.lst
[LoadImageList] Loading: main_res.lst
[LoadImageList] Opened: main_res.lst
[LoadSoundList] Loading: main_snd.lst
[LoadWindowList] Loading: main_scf.lst
[LoadImageList] Loading: comm_res.lst
[LoadImageList] Opened: comm_res.lst
[LoadSoundList] Loading: comm_snd.lst
[LoadWindowList] Loading: comm_scf.lst
[LoadImageList] Loading: help_res.lst
[LoadImageList] FAILED to open: help_res.lst
[LoadSoundList] Loading: help_snd.lst
[LoadWindowList] Loading: help_scf.lst
[LoadImageList] Loading: lb_res.lst
[LoadImageList] Opened: lb_res.lst
[LoadSoundList] Loading: lb_snd.lst
[LoadWindowList] Loading: lb_scf.lst
[LoadImageList] Loading: cs_res.lst
[LoadImageList] Opened: cs_res.lst
[LoadSoundList] Loading: cs_snd.lst
[LoadWindowList] Loading: cs_scf.lst
[LoadImageList] Loading: pln_res.lst
[LoadImageList] Opened: pln_res.lst
[LoadSoundList] Loading: pln_snd.lst
[LoadWindowList] Loading: pln_scf.lst
[LoadImageList] Loading: cmn_res.lst
[LoadImageList] Opened: cmn_res.lst
[LoadSoundList] Loading: cmn_snd.lst
[LoadWindowList] Loading: cmn_scf.lst
[LoadImageList] Loading: ts_res.lst
[LoadImageList] Opened: ts_res.lst
[LoadSoundList] Loading: ts_snd.lst
[LoadWindowList] Loading: ts_scf.lst
[LoadImageList] Loading: te_res.lst
[LoadImageList] Opened: te_res.lst
[LoadSoundList] Loading: te_snd.lst
[LoadWindowList] Loading: te_scf.lst
[Texture::SetupForDevice] rc=0x644ca8d40430 path=/home/admin/sgl/SAT/freeFalcon/WP/drive_c/FreeFalcon6/terrdata/misctex/
[FarTexDB] DDS file: /home/admin/sgl/SAT/freeFalcon/WP/drive_c/FreeFalcon6/terrdata/korea/texture/fartiles.dds, headerSize=124, bytesRead=124
[FarTexDB] DDS header: flags=0x81007, width=32, height=32, linearSize=512, mipMapCount=0
[FarTexDB] DDS pixfmt: flags=0x0, fourCC=0x31545844, rgbBitCount=4
[FarTexDB] linearSize=512, texCount=96664, fartexDDSFile.IsReady=1
[PalLight] light=(0.945 0.967 1.000) gametime=31918789 pal=0x77e44a42d380
[FM] UI_Startup() complete
[Screenshot] Saved 1024x768 framebuffer to /tmp/ff_ui.bmp (nonblack=0.0% nonwhite=100.0% distinct15bit=1 avgRGB=0,0,0)
[Screenshot] Saved 1024x768 framebuffer to /tmp/ff_ui.bmp (nonblack=86.5% nonwhite=100.0% distinct15bit=763 avgRGB=79,73,63)
[Screenshot] Saved 1024x768 framebuffer to /tmp/ff_ui.bmp (nonblack=86.5% nonwhite=100.0% distinct15bit=763 avgRGB=79,73,63)
[Screenshot] Saved 1024x768 framebuffer to /tmp/ff_ui.bmp (nonblack=86.5% nonwhite=100.0% distinct15bit=763 avgRGB=79,73,63)
[Screenshot] Saved 1024x768 framebuffer to /tmp/ff_ui.bmp (nonblack=86.5% nonwhite=100.0% distinct15bit=763 avgRGB=79,73,63)
[INPUT] focus gained (doUI=1) -> relative mouse left off
[FF_UI_CLICK] firing (30,750) at 150013ms
[Mouse] LBUTTONDOWN at (30, 750)
[LBUTTONDOWN] at (30,750) -> window=0x644ca8d000e0 ID=40017
[LBUTTONDOWN] GrabItem found control ID=30701 type=25
[LBUTTONUP] at (30,750) -> window=0x644ca8d000e0 Grab_.Control_=0x644ca8ce9860
[LBUTTONUP] Grab_.Control_ found: ID=30701 type=25
[LBUTTONUP] Calling Process(ID=30701, type=52)
[VuSession::JoinGame] ENTRY: session=0x644c9fb0a510 newgame=(nil) current_game=0x644c9ed9b790
[VuSession::JoinGame] EXIT: retval=0 Game()=(nil)
[Screenshot] Saved 1024x768 framebuffer to /tmp/ff_ui.bmp (nonblack=84.1% nonwhite=100.0% distinct15bit=378 avgRGB=52,51,41)
[FF_UI_CLICK] firing (30,750) at 158033ms
[LBUTTONDOWN] at (30,750) -> window=0x644ca8cc4040 ID=30100
[LBUTTONDOWN] GrabItem found control ID=80001 type=25
[LBUTTONUP] at (30,750) -> window=0x644ca8cc4040 Grab_.Control_=0x644ca8cc3710
[LBUTTONUP] Grab_.Control_ found: ID=80001 type=25
[LBUTTONUP] Calling Process(ID=80001, type=52)
[Screenshot] Saved 1024x768 framebuffer to /tmp/ff_ui.bmp (nonblack=92.2% nonwhite=100.0% distinct15bit=654 avgRGB=143,153,154)
[FF_UI_CLICK] theater step 'Taiwan' at 168013ms
[theater-step] switching to 'Taiwan' (the THEATER screen's Back path)
  [SetNewTheater] ReadIndex...
  [SetNewTheater] LoadPriorityTables...
  [SetNewTheater] TheaterReload...
      [ObjectParent::CleanupTable] Starting, TheObjectList=0x644c9f953298, TheObjectListLength=3961
      [ObjectParent::CleanupTable] FlushReferences()...
      [ObjectParent::CleanupTable] FlushReferences() done
      [ObjectParent::CleanupTable] ObjectLOD::CleanupTable()...
        [ObjectLOD::CleanupTable] Starting, TheObjectLODs=0x644c9f082588, TheObjectLODsCount=6801
        [ObjectLOD::CleanupTable] Iterating 6801 LODs...
        [ObjectLOD::CleanupTable] LOD iteration done
        [ObjectLOD::CleanupTable] WaitUpdates()...
        [ObjectLOD::CleanupTable] WaitUpdates() done
        [ObjectLOD::CleanupTable] Deleting TheObjectLODs...
        [ObjectLOD::CleanupTable] TheObjectLODs deleted
        [ObjectLOD::CleanupTable] Deleting tagListBuffer...
        [ObjectLOD::CleanupTable] tagListBuffer deleted
        [ObjectLOD::CleanupTable] ObjectLodMap.Close()...
        [ObjectLOD::CleanupTable] ObjectLodMap closed
        [ObjectLOD::CleanupTable] DeleteCriticalSection()...
        [ObjectLOD::CleanupTable] Critical section deleted
      [ObjectParent::CleanupTable] ObjectLOD::CleanupTable() done
      [ObjectParent::CleanupTable] TheTextureBank.Cleanup()...
      [ObjectParent::CleanupTable] ThePaletteBank.Cleanup()...
      [ObjectParent::CleanupTable] TheColorBank.Cleanup()...
      [ObjectParent::CleanupTable] Banks cleanup done
      [ObjectParent::CleanupTable] Deleting TheObjectList...
      [ObjectParent::CleanupTable] TheObjectList deleted
[THEATER] MapClass::Setup '/home/admin/sgl/SAT/freeFalcon/WP/drive_c/FreeFalcon6/Theaters/Taiwan/terrdata/terrain/Theater.map' -> opened
  [SetNewTheater] ResSetDirectory...
  [SetNewTheater] UnloadClassTable...
  [SetNewTheater] LoadClassTable...
Initializing D3D7-to-OpenGL graphics layer...
[D3DGL] Creating DirectDraw7 interface
  Created DirectDraw7 interface
[D3DGL] Creating Direct3D7 interface
  Created Direct3D7 interface
[D3DGL] Creating render target surface 1024x768
  Created render target surface: 1024x768
[D3DGL] Creating Direct3DDevice7 interface
  Created Direct3DDevice7
[D3DGL] Creating DXContext for Linux (1024x768)
[D3DGL] DXContext created successfully
  Created DXContext
  Initializing texture system (path: /home/admin/sgl/SAT/freeFalcon/WP/drive_c/FreeFalcon6/terrdata/objects)...
  Texture system initialized
  Initializing DXEngine...
  NOTE: DXEngine initialized but rendering disabled until game enters simulation mode
  D3D7-to-OpenGL graphics layer initialized successfully
[D3DGL] Creating DirectDraw7 interface
[D3DGL] Creating Direct3D7 interface
[D3DGL] Creating Direct3DDevice7 interface
[D3DGL] Creating DirectDraw7 interface
[D3DGL] Creating Direct3D7 interface
[D3DGL] Creating Direct3DDevice7 interface
[D3DGL] Creating DirectDraw7 interface
[D3DGL] Creating Direct3D7 interface
[D3DGL] Creating Direct3DDevice7 interface
  Loading class table (InitClassTableAndData)...
  Class table loaded. Falcon4ClassTable=0x644ca66c44b0
  Loading: UnitData...
LoadUnitData: trying to open file Falcon4 with extension UCD
LoadUnitData: file opened successfully
LoadUnitData: file size=252338, entries=751, sizeof(UnitClassDataType)=336, expected=252338
  Loading: FeatureEntryData...
  Loading: ObjectiveData...
  Loading: WeaponData...
  Loading: FeatureData...
  Loading: VehicleData...
  Loading: WeaponListData...
  Loading: PtHeaderData...
  Loading: PtData...
  Loading: RadarData...
  Loading: IRSTData...
  Loading: RwrData...
  Loading: VisualData...
  Loading: SimWeaponData...
  Loading: ACDefData...
  Loading: SquadronStoresData...
  Loading: RocketData...
  Loading: DirtyData...
  Loading: MissionData...
  Loading: VisIdMap...
  Loading: RackTables...
  Loading: RDRackData...
  All data files loaded! Checking Falcon4ClassTable...
  Falcon4ClassTable = 0x644ca66c44b0, NumEntities = 3679
  [SetNewTheater] re-pointed 2 entity type pointers
  [SetNewTheater] ReadCampAIInputs...
  [SetNewTheater] FreeTactics...
  [SetNewTheater] LoadTactics...
  [SetNewTheater] LoadTrails...
  [SetNewTheater] Freeing SIM data...
  [SetNewTheater] Reading SIM data...
  [SetNewTheater] SetCurrentTheater...
[THEATER] SetCurrentTheater wrote 'Taiwan' as 7 bytes (incl NUL)
  [SetNewTheater] Complete!
[THEATER] after switch to 'Taiwan':
[THEATER]   campaign  = /home/admin/sgl/SAT/freeFalcon/WP/drive_c/FreeFalcon6/Theaters/Taiwan/campaign
[THEATER]   terrain   = /home/admin/sgl/SAT/freeFalcon/WP/drive_c/FreeFalcon6/Theaters/Taiwan/terrdata
[THEATER]   objects   = /home/admin/sgl/SAT/freeFalcon/WP/drive_c/FreeFalcon6/Theaters/Taiwan/objects
[THEATER]   3ddata    = /home/admin/sgl/SAT/freeFalcon/WP/drive_c/FreeFalcon6/Theaters/Taiwan/objects
[THEATER]   uiart     = /home/admin/sgl/SAT/freeFalcon/WP/drive_c/FreeFalcon6/Theaters/Taiwan
[THEATER]   cockpit   = /home/admin/sgl/SAT/freeFalcon/WP/drive_c/FreeFalcon6/Theaters/Taiwan/ckptart
[THEATER]   misctex   = /home/admin/sgl/SAT/freeFalcon/WP/drive_c/FreeFalcon6/terrdata/misctex
[THEATER]   splash    = /home/admin/sgl/SAT/freeFalcon/WP/drive_c/FreeFalcon6/Theaters/Taiwan/art/splash
[FM] FM_END_UI received
[UI_Cleanup] ENTRY
[UI_Cleanup] SetCursor done, cleaning UI_VuThread...
[UI_Cleanup] UI_VuThread done, cleaning gCommsMgr callbacks...
[UI_Cleanup] gCommsMgr callbacks done, sleeping 10ms...
[UI_Cleanup] Sleep done, cleaning gMapMgr...
[UI_Cleanup] gMapMgr done, cleaning gMainHandler...
[UI_Cleanup] gMainHandler done, cleaning gUIViewer...
[UI_Cleanup] gUIViewer done, checking CleanViewpoint (mode=2)...
[UI_Cleanup] Calling CleanViewpoint()...
[OTWDriver.CleanViewpoint] CALLED! this=0x644c911f18e0, viewPoint=(nil)
[UI_Cleanup] CleanViewpoint() returned
[UI_Cleanup] Calling DeviceDependentGraphicsCleanup()...
[Texture::CleanupForDevice] Setting rc=NULL (was 0x644ca8d40430)
[UI_Cleanup] DeviceDependentGraphicsCleanup() done
[UI_Cleanup] sound/music done, cleaning popup/image/anim managers...
[FM] FM_START_UI received
[FM] Main thread re-acquired GL context
[InstallDSound] Starting, gSoundDriver=0x644ca8cd44e0, DSound=(nil)
[InstallDSound] Calling DirectSoundCreate...
[InstallDSound] DirectSoundCreate returned 0x0, DSound=0x644ca6a1b940
[FM] Calling UI_Startup()...
[UI_Startup] ENTRY, FalconDisplay.currentMode=2
[UI_Startup] Calling EnterMode(UI)...
  [DisplayDevice::Setup] Starting 1024x768x16, fullscreen=0
  [DisplayDevice::Setup] Calling CreateContext...
  [CreateContext] driverNum=0, devNum=0, resNum=18
  [CreateContext] GetDriver returned pDDI=0x644c9f216a10
  [CreateContext] D3D devices count: 1
  [CreateContext] Display modes count: 46
  [CreateContext] GetDevice returned pD3DDI=0x644c9f213f50
  [CreateContext] GetDisplayMode returned pddsd=0x644c9f219190
  [DXContext::Init] Starting with hWnd=0x644c9e25a400, 1024x768@16, fullscreen=0
  [DXContext::Init] Checking thread ID...
  [DXContext::Init] Thread ID check passed
  [DXContext::Init] Calling DirectDrawCreateEx...
  [DXContext::Init] DirectDrawCreateEx returned m_pDD=0x644ca973ef30
  [DXContext::Init] Calling GetCaps... m_pcapsDD=0x644ca716aba0
  [DXContext::Init] GetCaps done
  [DXContext::Init] Calling GetDeviceIdentifier... m_pDevID=0x644ca4ead510
  [DXContext::Init] GetDeviceIdentifier done
  [DXContext::Init] DXContext::Init - DriverInfo - "OpenGL" - "FreeFalcon OpenGL Renderer", Vendor: 4318, Device: 4660, SubSys: 0, Rev: 0, Product: 0, Version: 0, SubVersion: 0, Build: 0
  [DXContext::Init] Calling SetCooperativeLevel with flags=0x1408...
  [DXContext::Init] SetCooperativeLevel done
  [DXContext::Init] Complete!
  [DisplayDevice::Setup] CreateContext returned m_DXCtx=0x644ca7e502f0
  [DisplayDevice::Setup] Context created, setting up window...
  [DisplayDevice::Setup] Calling ShowWindow...
  [DisplayDevice::Setup] ShowWindow done
  [DisplayDevice::Setup] Setting up windowed image, IsHardware=1...
  [DisplayDevice::Setup] image.Setup done
  [DisplayDevice::Setup] Calling SetRenderTarget, targetSurface=0x644ca8038780...
[SetRenderTarget] Linux: Creating D3D7 interface directly
[SetRenderTarget] Linux: m_pD3D=0x644c9fb996b0
[AttachDepthBuffer] Linux: Skipping - OpenGL manages depth buffers
[SetRenderTarget] Linux: Creating D3D device directly, pRenderTarget=0x644ca8038780
[SetRenderTarget] Linux: m_pD3DD=0x644ca87c9b00
  [DisplayDevice::Setup] SetRenderTarget done
  [DisplayDevice::Setup] Calling movieInit...
  [DisplayDevice::Setup] Complete!
[UI_Startup] EnterMode done, getting ImageBuffer...
[GlobalSetup] Creating C_Parser...
[GlobalSetup] Loading ID lists...
[LoadIDList] Loading: userids.lst
[LoadIDList] file size=500 for userids.lst
[LoadIDList] Loading: fontids.lst
[LoadIDList] file size=22 for fontids.lst
[LoadIDList] Loading: imageids.lst
[LoadIDList] file size=197 for imageids.lst
[LoadIDList] Loading: soundids.lst
[LoadIDList] file size=46 for soundids.lst
[LoadIDList] Loading: textids.lst
[LoadIDList] file size=21 for textids.lst
[LoadIDList] Loading: movieids.lst
[LoadIDList] file size=20 for movieids.lst
[LoadImageList] Loading: resimgs.lst
[LoadImageList] Opened: resimgs.lst
[LoadSoundList] Loading: sounds.lst
[LoadImageList] Loading: main_res.lst
[LoadImageList] Opened: main_res.lst
[LoadSoundList] Loading: main_snd.lst
[LoadWindowList] Loading: main_scf.lst
[LoadImageList] Loading: comm_res.lst
[LoadImageList] Opened: comm_res.lst
[LoadSoundList] Loading: comm_snd.lst
[LoadWindowList] Loading: comm_scf.lst
[LoadImageList] Loading: help_res.lst
[LoadImageList] FAILED to open: help_res.lst
[LoadSoundList] Loading: help_snd.lst
[LoadWindowList] Loading: help_scf.lst
[LoadImageList] Loading: lb_res.lst
[LoadImageList] Opened: lb_res.lst
[LoadSoundList] Loading: lb_snd.lst
[LoadWindowList] Loading: lb_scf.lst
[Texture::SetupForDevice] rc=0x644ca7e502f0 path=/home/admin/sgl/SAT/freeFalcon/WP/drive_c/FreeFalcon6/terrdata/misctex/
[FarTexDB] DDS file: /home/admin/sgl/SAT/freeFalcon/WP/drive_c/FreeFalcon6/Theaters/Taiwan/terrdata/texture/fartiles.dds, headerSize=124, bytesRead=124
[FarTexDB] DDS header: flags=0x81007, width=32, height=32, linearSize=512, mipMapCount=0
[FarTexDB] DDS pixfmt: flags=0x4, fourCC=0x31545844, rgbBitCount=0
[FarTexDB] linearSize=512, texCount=73279, fartexDDSFile.IsReady=1
[PalLight] light=(1.000 0.969 0.854) gametime=31966602 pal=0x644c9fb09790
[FM] UI_Startup() complete
[Screenshot] Saved 1024x768 framebuffer to /tmp/ff_ui.bmp (nonblack=0.0% nonwhite=100.0% distinct15bit=1 avgRGB=0,0,0)
[INPUT] focus lost (doUI=1) -> relative mouse released
[Screenshot] Saved 1024x768 framebuffer to /tmp/ff_ui.bmp (nonblack=92.4% nonwhite=100.0% distinct15bit=481 avgRGB=71,79,79)
[Screenshot] Saved 1024x768 framebuffer to /tmp/ff_ui.bmp (nonblack=92.4% nonwhite=100.0% distinct15bit=481 avgRGB=71,79,79)
[FF_UI_CLICK] firing (924,745) at 200005ms
[LBUTTONDOWN] at (924,745) -> window=0x644ca7e49aa0 ID=5000
[LBUTTONDOWN] GrabItem found control ID=40003 type=25
[LBUTTONUP] at (924,745) -> window=0x644ca7e49aa0 Grab_.Control_=0x644ca8ce6bb0
[LBUTTONUP] Grab_.Control_ found: ID=40003 type=25
[LBUTTONUP] Calling Process(ID=40003, type=52)
[OpenMainCampaignCB] Called with hittype=52
[OpenMainCampaignCB] Processing - CPSelectLoaded=0
[OpenMainCampaignCB] Loading Campaign Select windows...
[LoadImageList] Loading: cs_res.lst
[LoadImageList] Opened: cs_res.lst
[LoadSoundList] Loading: cs_snd.lst
[LoadWindowList] Loading: cs_scf.lst
[LoadImageList] Loading: pln_res.lst
[LoadImageList] Opened: pln_res.lst
[LoadSoundList] Loading: pln_snd.lst
[LoadWindowList] Loading: pln_scf.lst
[OpenMainCampaignCB] LoadCampaignSelectWindows() completed
[FF_LINUX] StartReadCampFile: type=4 filename='save0'
[FF_LINUX] StartReadCampFile: FalconCampUserSaveDirectory='/home/admin/sgl/SAT/freeFalcon/WP/drive_c/FreeFalcon6/Theaters/Taiwan/campaign'
[FF_LINUX] StartReadCampFile: Opening path='/home/admin/sgl/SAT/freeFalcon/WP/drive_c/FreeFalcon6/Theaters/Taiwan/campaign/save0.cam'
[FF_LINUX] StartReadCampFile: Successfully opened campaign file
[LZSS_Expand] Called: srcSize=5327, size=25963
[LZSS_Expand] LZSS_Expand: 25963 bytes out in 0.1 ms
[FM] FM_GOT_CAMPAIGN_DATA received (wParam=16777216)
[FM] FM_GOT_CAMPAIGN_DATA: RecieveScenarioInfo (S6x)
[Screenshot] Saved 1024x768 framebuffer to /tmp/ff_ui.bmp (nonblack=91.2% nonwhite=100.0% distinct15bit=1582 avgRGB=74,82,87)
[FF_UI_CLICK] firing (905,758) at 212011ms
[LBUTTONDOWN] at (905,758) -> window=0x644cabf0cda0 ID=40500
[LBUTTONDOWN] GrabItem found control ID=2000002 type=25
[LBUTTONUP] at (905,758) -> window=0x644cabf0cda0 Grab_.Control_=0x644cabf1e3a0
[LBUTTONUP] Grab_.Control_ found: ID=2000002 type=25
[LBUTTONUP] Calling Process(ID=2000002, type=52)
[LoadImageList] Loading: cp_res.lst
[LoadImageList] Opened: cp_res.lst
[LoadSoundList] Loading: cp_snd.lst
[LoadWindowList] Loading: cp_scf.lst
[LoadImageList] Loading: cmn_res.lst
[LoadImageList] Opened: cmn_res.lst
[LoadSoundList] Loading: cmn_snd.lst
[LoadWindowList] Loading: cmn_scf.lst
[FM] FM_LOAD_CAMPAIGN received (type=4)
[FM] FM_LOAD_CAMPAIGN: Calling TheCampaign.LoadCampaign()...
[FF_LINUX] StartReadCampFile: type=4 filename='save0'
[FF_LINUX] StartReadCampFile: FalconCampUserSaveDirectory='/home/admin/sgl/SAT/freeFalcon/WP/drive_c/FreeFalcon6/Theaters/Taiwan/campaign'
[FF_LINUX] StartReadCampFile: Opening path='/home/admin/sgl/SAT/freeFalcon/WP/drive_c/FreeFalcon6/Theaters/Taiwan/campaign/save0.cam'
[FF_LINUX] StartReadCampFile: Successfully opened campaign file
[VuSession::JoinGame] ENTRY: session=0x644c9fb0a510 newgame=0x644c9ed9b2d0 current_game=(nil)
[VuSession::JoinGame] Setting game_.reset(newgame=0x644c9ed9b2d0)
[VuSession::JoinGame] Game set, Game()=0x644c9ed9b2d0
[VuSession::JoinGame] EXIT: retval=1 Game()=0x644c9ed9b2d0
[FF_LINUX] WeatherClass::Init entry (instantAction=0)
[FF_LINUX] WeatherClass::Init: lastCheck=32400000
[FF_LINUX] WeatherClass::Init: weatherDay=0
[FF_LINUX] WeatherClass::Init: Calling UpdateCondition(1)
[FF_LINUX] WeatherClass::Init: UpdateCondition returned
[FF_LINUX] WeatherClass::Init: Calling TimeOfDayGeneral()
[FF_LINUX] WeatherClass::Init: About to call GenerateClouds()
[FF_LINUX] WeatherClass::Init: GenerateClouds returned, exiting Init
[Failed:  channel > 0 and channel <= NUM_CHANNELS] Assertion at 168  /home/admin/freefalcon-central/src/sim/navaids/tacan.cpp  Sep 16 2026
[invalid channel
] Error:  line 741, /home/admin/freefalcon-central/src/sim/navaids/tacan.cpp on Sep 16 2026
[Failed:  result >= NUM_TACAN_FIELDS] Assertion at 135  /home/admin/freefalcon-central/src/sim/navaids/tacan.cpp  Sep 16 2026
[Failed:  result >= NUM_TACAN_FIELDS] Assertion at 135  /home/admin/freefalcon-central/src/sim/navaids/tacan.cpp  Sep 16 2026
[FF_LINUX] LoadBaseObjectives ENTRY: scenario='save0'
[FF_LINUX] LoadBaseObjectives: Calling ReadCampFile()
[FF_LINUX] LoadBaseObjectives: ReadCampFile returned dataSize=34299
[FF_LINUX] LoadBaseObjectives: num=1227 size=97487 newsize=34288
[FF_LINUX] LoadBaseObjectives: Calling LZSS_Expand()
[LZSS_Expand] Called: srcSize=34289, size=97487
[LZSS_Expand] LZSS_Expand: 97487 bytes out in 0.1 ms
[FF_LINUX] LoadBaseObjectives: LZSS_Expand done
[FF_LINUX] LoadBaseObjectives: Creating 1227 objectives...
[FF_LINUX] LoadBaseObjectives: Creating obj 0/1227
[FF_LINUX] LoadBaseObjectives: obj 0 type=1779, calling NewObjective
[FF_LINUX] NewObjective[1]: tid=1779, calling CampEnterCriticalSection
[FF_LINUX] NewObjective[1]: CampEnterCriticalSection done, creating ObjectiveClass
[FF_LINUX] ObjectiveClass ctor[1] entry, entityType=1779
[FF_LINUX] ObjectiveClass ctor[1] getting class_data for entityType=1779
[FF_LINUX] ObjectiveClass ctor[1] class_data=0x644cabd20d16
[FF_LINUX] ObjectiveClass ctor[1] calling ResetObjectiveStatus()
[FF_LINUX] ObjectiveClass ctor[1] ResetObjectiveStatus done, type=1
[FF_LINUX] ObjectiveClass ctor[1] calling SetTacan()
[FF_LINUX] ObjectiveClass ctor[1] creating ATCBrain
[FF_LINUX] ATCBrain ctor[1] entry
[FF_LINUX] ATCBrain ctor[1] numRwys=2
[FF_LINUX] ATCBrain ctor[1] entering rwindex loop, initial rwindex=202
[FF_LINUX] ATCBrain ctor[1] rwindex loop iter 1, rwindex=202
[FF_LINUX] ATCBrain ctor[1] rwindex loop iter 2, rwindex=203
[FF_LINUX] ATCBrain ctor[1] rwindex loop iter 3, rwindex=204
[FF_LINUX] ATCBrain ctor[1] rwindex loop iter 4, rwindex=205
[FF_LINUX] ATCBrain ctor[1] rwindex loop iter 5, rwindex=206
[FF_LINUX] ATCBrain ctor[1] rwindex loop iter 6, rwindex=207
[FF_LINUX] ATCBrain ctor[1] rwindex loop iter 7, rwindex=208
[FF_LINUX] ATCBrain ctor[1] rwindex loop iter 8, rwindex=209
[FF_LINUX] ObjectiveClass ctor[1] ATCBrain created
[FF_LINUX] ObjectiveClass ctor[1] complete
[FF_LINUX] NewObjective[1]: ObjectiveClass created 0x644cacdf3180
[FF_LINUX] NewObjective[1]: calling CampLeaveCriticalSection
[FF_LINUX] NewObjective[1]: CampLeaveCriticalSection done, inserting to vuDatabase
[FF_LINUX] NewObjective[1]: vuDatabase->Insert done
[FF_LINUX] LoadBaseObjectives: obj 0 NewObjective returned 0x644cacdf3180
[FF_LINUX] LoadBaseObjectives: Creating obj 1/1227
[FF_LINUX] LoadBaseObjectives: obj 1 type=1779, calling NewObjective
[FF_LINUX] NewObjective[2]: tid=1779, calling CampEnterCriticalSection
[FF_LINUX] NewObjective[2]: CampEnterCriticalSection done, creating ObjectiveClass
[FF_LINUX] ObjectiveClass ctor[2] entry, entityType=1779
[FF_LINUX] ObjectiveClass ctor[2] getting class_data for entityType=1779
[FF_LINUX] ObjectiveClass ctor[2] class_data=0x644cabd20d16
[FF_LINUX] ObjectiveClass ctor[2] calling ResetObjectiveStatus()
[FF_LINUX] ObjectiveClass ctor[2] ResetObjectiveStatus done, type=1
[FF_LINUX] ObjectiveClass ctor[2] calling SetTacan()
[FF_LINUX] ObjectiveClass ctor[2] creating ATCBrain
[FF_LINUX] ATCBrain ctor[2] entry
[FF_LINUX] ATCBrain ctor[2] numRwys=2
[FF_LINUX] ATCBrain ctor[2] entering rwindex loop, initial rwindex=202
[FF_LINUX] ATCBrain ctor[2] rwindex loop iter 1, rwindex=202
[FF_LINUX] ATCBrain ctor[2] rwindex loop iter 2, rwindex=203
[FF_LINUX] ATCBrain ctor[2] rwindex loop iter 3, rwindex=204
[FF_LINUX] ATCBrain ctor[2] rwindex loop iter 4, rwindex=205
[FF_LINUX] ATCBrain ctor[2] rwindex loop iter 5, rwindex=206
[FF_LINUX] ATCBrain ctor[2] rwindex loop iter 6, rwindex=207
[FF_LINUX] ATCBrain ctor[2] rwindex loop iter 7, rwindex=208
[FF_LINUX] ATCBrain ctor[2] rwindex loop iter 8, rwindex=209
[FF_LINUX] ObjectiveClass ctor[2] ATCBrain created
[FF_LINUX] ObjectiveClass ctor[2] complete
[FF_LINUX] NewObjective[2]: ObjectiveClass created 0x644cace19450
[FF_LINUX] NewObjective[2]: calling CampLeaveCriticalSection
[FF_LINUX] NewObjective[2]: CampLeaveCriticalSection done, inserting to vuDatabase
[FF_LINUX] NewObjective[2]: vuDatabase->Insert done
[FF_LINUX] LoadBaseObjectives: obj 1 NewObjective returned 0x644cace19450
[FF_LINUX] LoadBaseObjectives: Creating obj 2/1227
[FF_LINUX] LoadBaseObjectives: obj 2 type=1779, calling NewObjective
[FF_LINUX] NewObjective[3]: tid=1779, calling CampEnterCriticalSection
[FF_LINUX] NewObjective[3]: CampEnterCriticalSection done, creating ObjectiveClass
[FF_LINUX] ObjectiveClass ctor[3] entry, entityType=1779
[FF_LINUX] ObjectiveClass ctor[3] getting class_data for entityType=1779
[FF_LINUX] ObjectiveClass ctor[3] class_data=0x644cabd20d16
[FF_LINUX] ObjectiveClass ctor[3] calling ResetObjectiveStatus()
[FF_LINUX] ObjectiveClass ctor[3] ResetObjectiveStatus done, type=1
[FF_LINUX] ObjectiveClass ctor[3] calling SetTacan()
[FF_LINUX] ObjectiveClass ctor[3] creating ATCBrain
[FF_LINUX] ATCBrain ctor[3] entry
[FF_LINUX] ATCBrain ctor[3] numRwys=2
[FF_LINUX] ATCBrain ctor[3] entering rwindex loop, initial rwindex=202
[FF_LINUX] ATCBrain ctor[3] rwindex loop iter 1, rwindex=202
[FF_LINUX] ATCBrain ctor[3] rwindex loop iter 2, rwindex=203
[FF_LINUX] ATCBrain ctor[3] rwindex loop iter 3, rwindex=204
[FF_LINUX] ATCBrain ctor[3] rwindex loop iter 4, rwindex=205
[FF_LINUX] ATCBrain ctor[3] rwindex loop iter 5, rwindex=206
[FF_LINUX] ATCBrain ctor[3] rwindex loop iter 6, rwindex=207
[FF_LINUX] ATCBrain ctor[3] rwindex loop iter 7, rwindex=208
[FF_LINUX] ATCBrain ctor[3] rwindex loop iter 8, rwindex=209
[FF_LINUX] ObjectiveClass ctor[3] ATCBrain created
[FF_LINUX] ObjectiveClass ctor[3] complete
[FF_LINUX] NewObjective[3]: ObjectiveClass created 0x644cace19820
[FF_LINUX] NewObjective[3]: calling CampLeaveCriticalSection
[FF_LINUX] NewObjective[3]: CampLeaveCriticalSection done, inserting to vuDatabase
[FF_LINUX] NewObjective[3]: vuDatabase->Insert done
[FF_LINUX] LoadBaseObjectives: obj 2 NewObjective returned 0x644cace19820
[FF_LINUX] LoadBaseObjectives: Creating obj 3/1227
[FF_LINUX] LoadBaseObjectives: obj 3 type=1779, calling NewObjective
[FF_LINUX] NewObjective[4]: tid=1779, calling CampEnterCriticalSection
[FF_LINUX] NewObjective[4]: CampEnterCriticalSection done, creating ObjectiveClass
[FF_LINUX] ObjectiveClass ctor[4] entry, entityType=1779
[FF_LINUX] ObjectiveClass ctor[4] getting class_data for entityType=1779
[FF_LINUX] ObjectiveClass ctor[4] class_data=0x644cabd20d16
[FF_LINUX] ObjectiveClass ctor[4] calling ResetObjectiveStatus()
[FF_LINUX] ObjectiveClass ctor[4] ResetObjectiveStatus done, type=1
[FF_LINUX] ObjectiveClass ctor[4] calling SetTacan()
[FF_LINUX] ObjectiveClass ctor[4] creating ATCBrain
[FF_LINUX] ObjectiveClass ctor[4] ATCBrain created
[FF_LINUX] ObjectiveClass ctor[4] complete
[FF_LINUX] NewObjective[4]: ObjectiveClass created 0x644cace19bf0
[FF_LINUX] NewObjective[4]: calling CampLeaveCriticalSection
[FF_LINUX] NewObjective[4]: CampLeaveCriticalSection done, inserting to vuDatabase
[FF_LINUX] NewObjective[4]: vuDatabase->Insert done
[FF_LINUX] LoadBaseObjectives: obj 3 NewObjective returned 0x644cace19bf0
[FF_LINUX] LoadBaseObjectives: Creating obj 4/1227
[FF_LINUX] LoadBaseObjectives: obj 4 type=1779, calling NewObjective
[FF_LINUX] NewObjective[5]: tid=1779, calling CampEnterCriticalSection
[FF_LINUX] NewObjective[5]: CampEnterCriticalSection done, creating ObjectiveClass
[FF_LINUX] ObjectiveClass ctor[5] entry, entityType=1779
[FF_LINUX] ObjectiveClass ctor[5] getting class_data for entityType=1779
[FF_LINUX] ObjectiveClass ctor[5] class_data=0x644cabd20d16
[FF_LINUX] ObjectiveClass ctor[5] calling ResetObjectiveStatus()
[FF_LINUX] ObjectiveClass ctor[5] ResetObjectiveStatus done, type=1
[FF_LINUX] ObjectiveClass ctor[5] calling SetTacan()
[FF_LINUX] ObjectiveClass ctor[5] creating ATCBrain
[FF_LINUX] ObjectiveClass ctor[5] ATCBrain created
[FF_LINUX] ObjectiveClass ctor[5] complete
[FF_LINUX] NewObjective[5]: ObjectiveClass created 0x644cace19fc0
[FF_LINUX] NewObjective[5]: calling CampLeaveCriticalSection
[FF_LINUX] NewObjective[5]: CampLeaveCriticalSection done, inserting to vuDatabase
[FF_LINUX] NewObjective[5]: vuDatabase->Insert done
[FF_LINUX] LoadBaseObjectives: obj 4 NewObjective returned 0x644cace19fc0
[FF_LINUX] NewObjective[6]: tid=1779, calling CampEnterCriticalSection
[FF_LINUX] NewObjective[6]: CampEnterCriticalSection done, creating ObjectiveClass
[FF_LINUX] NewObjective[6]: ObjectiveClass created 0x644cace1a390
[FF_LINUX] NewObjective[6]: calling CampLeaveCriticalSection
[FF_LINUX] NewObjective[6]: CampLeaveCriticalSection done, inserting to vuDatabase
[FF_LINUX] NewObjective[6]: vuDatabase->Insert done
[FF_LINUX] NewObjective[7]: tid=1779, calling CampEnterCriticalSection
[FF_LINUX] NewObjective[7]: CampEnterCriticalSection done, creating ObjectiveClass
[FF_LINUX] NewObjective[7]: ObjectiveClass created 0x644cace1a760
[FF_LINUX] NewObjective[7]: calling CampLeaveCriticalSection
[FF_LINUX] NewObjective[7]: CampLeaveCriticalSection done, inserting to vuDatabase
[FF_LINUX] NewObjective[7]: vuDatabase->Insert done
[FF_LINUX] NewObjective[8]: tid=1779, calling CampEnterCriticalSection
[FF_LINUX] NewObjective[8]: CampEnterCriticalSection done, creating ObjectiveClass
[FF_LINUX] NewObjective[8]: ObjectiveClass created 0x644cace1ab30
[FF_LINUX] NewObjective[8]: calling CampLeaveCriticalSection
[FF_LINUX] NewObjective[8]: CampLeaveCriticalSection done, inserting to vuDatabase
[FF_LINUX] NewObjective[8]: vuDatabase->Insert done
[FF_LINUX] NewObjective[9]: tid=1779, calling CampEnterCriticalSection
[FF_LINUX] NewObjective[9]: CampEnterCriticalSection done, creating ObjectiveClass
[FF_LINUX] NewObjective[9]: ObjectiveClass created 0x644cace1af00
[FF_LINUX] NewObjective[9]: calling CampLeaveCriticalSection
[FF_LINUX] NewObjective[9]: CampLeaveCriticalSection done, inserting to vuDatabase
[FF_LINUX] NewObjective[9]: vuDatabase->Insert done
[FF_LINUX] LoadBaseObjectives: Creating obj 500/1227
[FF_LINUX] LoadBaseObjectives: Creating obj 1000/1227
[FF_LINUX] LoadBaseObjectives: All 1227 objectives created
[FF_LINUX] LoadBaseObjectives: SUCCESS - returning 1
[FF_LINUX] DecodeUnitData: count=691 size=260846 rem=55522 gCampDataVersion=73
[LZSS_Expand] Called: srcSize=55522, size=260846
[LZSS_Expand] LZSS_Expand: 260846 bytes out in 0.5 ms
[FF_LINUX] DecodeUnitData: LZSS_Expand returned 55521
[FF_LINUX] DecodeUnitData: first 20 bytes after expand: 01 02 0b 10 00 00 00 00 00 00 01 02 31 02 00 01 00 00 00 00 
[FF_LINUX] DecodeUnitData: bytes 80-99: 50 a0 00 64 64 50 00 00 5a 00 00 a0 00 64 50 32 78 32 50 3c 
[FF_LINUX] DecodeUnitData: Unit 0 - buf before read: 01 02, rem=260846
[FF_LINUX] DecodeUnitData: Unit 0 - type read: 513 (0x0201)
[FF_LINUX] DecodeUnitData: Unit 0 - after NewUnit, rem=259576, next bytes: f9 01
[FF_LINUX] DecodeUnitData: Unit 1 - buf before read: f9 01, rem=259576
[FF_LINUX] DecodeUnitData: Unit 1 - type read: 505 (0x01f9)
[FF_LINUX] DecodeUnitData: Unit 1 - after NewUnit, rem=258306, next bytes: f9 01
[FF_LINUX] DecodeUnitData: Unit 2 - buf before read: f9 01, rem=258306
[FF_LINUX] DecodeUnitData: Unit 2 - type read: 505 (0x01f9)
[FF_LINUX] DecodeUnitData: Unit 2 - after NewUnit, rem=257036, next bytes: be 0c
[FF_LINUX] WeatherClass::Init entry (instantAction=0)
[FF_LINUX] WeatherClass::Init: lastCheck=32400000
[FF_LINUX] WeatherClass::Init: weatherDay=0
[FF_LINUX] WeatherClass::Init: Calling UpdateCondition(1)
[FF_LINUX] WeatherClass::Init: UpdateCondition returned
[FF_LINUX] WeatherClass::Init: Calling TimeOfDayGeneral()
[FF_LINUX] WeatherClass::Init: About to call GenerateClouds()
[FF_LINUX] WeatherClass::Init: GenerateClouds returned, exiting Init
[FM] FM_LOAD_CAMPAIGN: LoadCampaign() returned 1
[FM] FM_LOAD_CAMPAIGN: Queueing FM_JOIN_SUCCEEDED
[Screenshot] Saved 1024x768 framebuffer to /tmp/ff_ui.bmp (nonblack=91.6% nonwhite=100.0% distinct15bit=1581 avgRGB=74,82,88)
[FM] FM_JOIN_SUCCEEDED received
[FF_UI_CLICK] firing (563,751) at 220012ms
[LBUTTONDOWN] at (563,751) -> window=0x644cac918b00 ID=6321
[LBUTTONDOWN] GrabItem found control ID=16027 type=25
[LBUTTONUP] at (563,751) -> window=0x644cac918b00 Grab_.Control_=0x644cac923dd0
[LBUTTONUP] Grab_.Control_ found: ID=16027 type=25
[LBUTTONUP] Calling Process(ID=16027, type=52)
[Screenshot] Saved 1024x768 framebuffer to /tmp/ff_ui.bmp (nonblack=91.0% nonwhite=100.0% distinct15bit=660 avgRGB=19,25,21)
[FF_UI_CLICK] firing (495,390) at 228012ms
[LBUTTONDOWN] at (495,390) -> window=0x644cac913fd0 ID=70205
[LBUTTONDOWN] GrabItem found control ID=70206 type=25
[LBUTTONUP] at (495,390) -> window=0x644cac913fd0 Grab_.Control_=0x644cac916250
[LBUTTONUP] Grab_.Control_ found: ID=70206 type=25
[LBUTTONUP] Calling Process(ID=70206, type=52)
Assertion at 2334  /home/admin/freefalcon-central/src/campaign/camptask/atm.cpp  Sep 16 2026
[Failed:  sortie_rate <= 2] Assertion at 2334  /home/admin/freefalcon-central/src/campaign/camptask/atm.cpp  Sep 16 2026
[Screenshot] Saved 1024x768 framebuffer to /tmp/ff_ui.bmp (nonblack=93.1% nonwhite=100.0% distinct15bit=615 avgRGB=10,13,21)
[FF_UI_CLICK] firing (976,750) at 242002ms
[LBUTTONDOWN] at (976,750) -> window=0x644cac8c1040 ID=6013
[LBUTTONDOWN] GrabItem found control ID=2000000 type=25
[LBUTTONUP] at (976,750) -> window=0x644cac8c1040 Grab_.Control_=0x644cac8c4480
[LBUTTONUP] Grab_.Control_ found: ID=2000000 type=25
[LBUTTONUP] Calling Process(ID=2000000, type=52)
[Screenshot] Saved 1024x768 framebuffer to /tmp/ff_ui.bmp (nonblack=86.6% nonwhite=100.0% distinct15bit=771 avgRGB=74,82,81)
[FM] FM_AUTOSAVE_CAMPAIGN received
Assertion at 2053  /home/admin/freefalcon-central/src/campaign/camptask/mission.cpp  Sep 16 2026
[Failed:  d] Assertion at 2053  /home/admin/freefalcon-central/src/campaign/camptask/mission.cpp  Sep 16 2026
[FF_UI_CLICK] firing (266,585) at 252021ms
[LBUTTONDOWN] at (266,585) -> window=0x644cac682cd0 ID=6015
[LBUTTONDOWN] GrabItem found control ID=6017 type=27
[LBUTTONUP] at (266,585) -> window=0x644cac682cd0 Grab_.Control_=0x644cac686ca0
[LBUTTONUP] Grab_.Control_ found: ID=6017 type=27
[LBUTTONUP] Calling Process(ID=6017, type=52)
[Screenshot] Saved 1024x768 framebuffer to /tmp/ff_ui.bmp (nonblack=88.3% nonwhite=100.0% distinct15bit=759 avgRGB=76,84,84)
[Screenshot] Saved 1024x768 framebuffer to /tmp/ff_ui.bmp (nonblack=88.3% nonwhite=100.0% distinct15bit=759 avgRGB=76,84,84)
[Screenshot] Saved 1024x768 framebuffer to /tmp/ff_ui.bmp (nonblack=88.3% nonwhite=100.0% distinct15bit=759 avgRGB=76,84,84)
[Screenshot] Saved 1024x768 framebuffer to /tmp/ff_ui.bmp (nonblack=88.3% nonwhite=100.0% distinct15bit=759 avgRGB=76,84,84)
[Screenshot] Saved 1024x768 framebuffer to /tmp/ff_ui.bmp (nonblack=88.3% nonwhite=100.0% distinct15bit=759 avgRGB=76,84,84)
[Screenshot] Saved 1024x768 framebuffer to /tmp/ff_ui.bmp (nonblack=88.3% nonwhite=100.0% distinct15bit=759 avgRGB=76,84,84)
[Screenshot] Saved 1024x768 framebuffer to /tmp/ff_ui.bmp (nonblack=88.3% nonwhite=100.0% distinct15bit=759 avgRGB=76,84,84)
[FM] FM_START_CAMPAIGN received
[EndUI] ENTRY
[EndUI] Calling TheCampaign.Suspend()...
[StartLoop] Event received! Proceeding.
[GL] FF_SimThreadAcquireGL() ENTER
[HandleCampaignThread] Got CAMP_SUSPEND_REQUEST, setting CAMP_SUSPENDED
[GL] Sim thread acquired GL context, g_simOwnsGLContext=true
[StartLoop] GL context acquired
[EndUI] Suspend() returned, calling UI_Cleanup()...
[UI_Cleanup] ENTRY
[UI_Cleanup] SetCursor done, cleaning UI_VuThread...
[UI_Cleanup] UI_VuThread done, cleaning gCommsMgr callbacks...
[UI_Cleanup] gCommsMgr callbacks done, sleeping 10ms...
[UI_Cleanup] Sleep done, cleaning gMapMgr...
[UI_Cleanup] gMapMgr done, cleaning gMainHandler...
[OTWDriver.Enter] this=0x644c911f18e0, &OTWDriver=0x644c911f18e0
[OTWDriver.Enter] Calling FalconDisplay.EnterMode(Sim)...
[UI_Cleanup] gMainHandler done, cleaning gUIViewer...
[UI_Cleanup] gUIViewer done, checking CleanViewpoint (mode=2)...
[UI_Cleanup] Skipping CleanViewpoint() - in Sim mode
[UI_Cleanup] Skipping DeviceDependentGraphicsCleanup() - in Sim mode
[UI_Cleanup] sound/music done, cleaning popup/image/anim managers...
[EndUI] UI_Cleanup() returned, calling Resume()...
[EndUI] Resume() returned, calling SetFocus()...
[EndUI] EXIT
  [DisplayDevice::Setup] Starting 1024x768x32, fullscreen=0
  [DisplayDevice::Setup] Calling CreateContext...
  [CreateContext] driverNum=0, devNum=0, resNum=19
  [CreateContext] GetDriver returned pDDI=0x644c9f216a10
  [CreateContext] D3D devices count: 1
  [CreateContext] Display modes count: 46
  [CreateContext] GetDevice returned pD3DDI=0x644c9f213f50
  [CreateContext] GetDisplayMode returned pddsd=0x644c9f219218
  [DXContext::Init] Starting with hWnd=0x644c9e25a400, 1024x768@32, fullscreen=0
  [DXContext::Init] Checking thread ID...
  [DXContext::Init] Thread ID check passed
  [DXContext::Init] Calling DirectDrawCreateEx...
  [DXContext::Init] DirectDrawCreateEx returned m_pDD=0x644ca8d103d0
  [DXContext::Init] Calling GetCaps... m_pcapsDD=0x77e42d4a4b50
  [DXContext::Init] GetCaps done
  [DXContext::Init] Calling GetDeviceIdentifier... m_pDevID=0x77e42be62470
  [DXContext::Init] GetDeviceIdentifier done
  [DXContext::Init] DXContext::Init - DriverInfo - "OpenGL" - "FreeFalcon OpenGL Renderer", Vendor: 4318, Device: 4660, SubSys: 0, Rev: 0, Product: 0, Version: 0, SubVersion: 0, Build: 0
  [DXContext::Init] Calling SetCooperativeLevel with flags=0x1408...
  [DXContext::Init] SetCooperativeLevel done
  [DXContext::Init] Complete!
  [DisplayDevice::Setup] CreateContext returned m_DXCtx=0x644ca7e502f0
  [DisplayDevice::Setup] Context created, setting up window...
  [DisplayDevice::Setup] Calling ShowWindow...
  [DisplayDevice::Setup] ShowWindow done
  [DisplayDevice::Setup] Setting up windowed image, IsHardware=1...
  [DisplayDevice::Setup] image.Setup done
  [DisplayDevice::Setup] Calling SetRenderTarget, targetSurface=0x644ca8038780...
[SetRenderTarget] Linux: Creating D3D7 interface directly
[SetRenderTarget] Linux: m_pD3D=0x77e431275f30
[AttachDepthBuffer] Linux: Skipping - OpenGL manages depth buffers
[SetRenderTarget] Linux: Creating D3D device directly, pRenderTarget=0x644ca8038780
[SetRenderTarget] Linux: m_pD3DD=0x77e42a24fd80
  [DisplayDevice::Setup] SetRenderTarget done
  [DisplayDevice::Setup] Calling movieInit...
  [DisplayDevice::Setup] Complete!
[OTWDriver.Enter] EnterMode done
[OTWDriver.Enter] OTWImage=0x644c90c88678, targetSurface=0x644ca8038780
[Texture::CleanupForDevice] Setting rc=NULL (was 0x644ca7e502f0)
[Texture::SetupForDevice] rc=0x644ca7e502f0 path=/home/admin/sgl/SAT/freeFalcon/WP/drive_c/FreeFalcon6/terrdata/misctex/
[FarTexDB] DDS file: /home/admin/sgl/SAT/freeFalcon/WP/drive_c/FreeFalcon6/Theaters/Taiwan/terrdata/texture/fartiles.dds, headerSize=124, bytesRead=124
[FarTexDB] DDS header: flags=0x81007, width=32, height=32, linearSize=512, mipMapCount=0
[FarTexDB] DDS pixfmt: flags=0x4, fourCC=0x31545844, rgbBitCount=0
[FarTexDB] linearSize=512, texCount=73279, fartexDDSFile.IsReady=1
[PalLight] light=(1.000 0.969 0.854) gametime=36240000 pal=0x77e432cfc150
[OTWDriver.Enter] Creating viewPoint...
[OTWDriver.Enter] viewPoint created: 0x77e4335ff060
[OTWDriver.Enter] viewPoint->Setup done
[OTWDriver.Enter] Creating renderer, OTWImage=0x644c90c88678, targetSurface=0x644ca8038780
[OTWDriver.Enter] Calling renderer->Setup...
[OTW.Setup] LastNearTexLOD=2 LastFarTexLOD=4 NumLevels=6
[OTWDriver.Enter] renderer->Setup done
[OTWDriver.Enter] VbManager.Setup...
[OTWDriver.Enter] VbManager.Setup done
[OTWDriver.Enter] SetupSplashScreen...
[OTWDriver.Enter] SplashScreenUpdate...
[OTWDriver.Enter] RegisterTimeUpdateCB...
[OTWDriver.Enter] VCock_Init...
[SetupRttTarget] Created: 512x512 bpp=32 renderTexture=0x77e430c76160 m_pDDS=0x77e430c761d0
[OTWDriver.Enter] VCock_Init done
[OTWDriver.Enter] Button3D_Init...
[OTWDriver.Enter] Button3D_Init done
[OTWDriver.Enter] Initializing view state...
[OTWDriver.Enter] View state initialized
[OTWDriver.Enter] FindCockpit ckpit_res.dat...
[OTWDriver.Enter] Creating CockpitManager (resX=0, resY=0, DispWidth=1024, DispHeight=768, FindBest=1024)...
double free or corruption (out)

=== CRASH: SIGABRT (signal 6) ===
/home/admin/freefalcon-central/build/src/ffviper/FFViper(+0xccb24) [0x644c9051fb24]
/usr/lib/x86_64-linux-gnu/libc.so.6(+0x45cb0) [0x77e499c45cb0]
/usr/lib/x86_64-linux-gnu/libc.so.6(pthread_kill+0x11c) [0x77e499ca61ac]
/usr/lib/x86_64-linux-gnu/libc.so.6(gsignal+0x1e) [0x77e499c45b7e]
/usr/lib/x86_64-linux-gnu/libc.so.6(abort+0x27) [0x77e499c288ec]
/usr/lib/x86_64-linux-gnu/libc.so.6(+0x29979) [0x77e499c29979]
/usr/lib/x86_64-linux-gnu/libc.so.6(+0xb08ac) [0x77e499cb08ac]
/usr/lib/x86_64-linux-gnu/libc.so.6(+0xb22a0) [0x77e499cb22a0]
/usr/lib/x86_64-linux-gnu/libc.so.6(+0xb23b4) [0x77e499cb23b4]
/home/admin/freefalcon-central/build/src/ffviper/FFViper(+0x1cb568) [0x644c9061e568]
/home/admin/freefalcon-central/build/src/ffviper/FFViper(+0x1cb832) [0x644c9061e832]
/home/admin/freefalcon-central/build/src/ffviper/FFViper(+0x25ed7a) [0x644c906b1d7a]
/home/admin/freefalcon-central/build/src/ffviper/FFViper(+0x25e21b) [0x644c906b121b]
/usr/lib/x86_64-linux-gnu/libc.so.6(+0xa3dfa) [0x77e499ca3dfa]
/usr/lib/x86_64-linux-gnu/libc.so.6(+0x1375cc) [0x77e499d375cc]
=== END BACKTRACE ===
