=== FreeFalcon (dev build 2026-09-19 21:15) under gdb, started 14:28:01
=== git d0e66631 + uncommitted:  M src/sim/aircraft/aircraft.cpp  M src/sim/airframe/eom.cpp  M src/sim/otwdrive/otwdrive.cpp 

This GDB supports auto-downloading debuginfo from the following URLs:
  <https://debuginfod.ubuntu.com>
Debuginfod has been disabled.
To make this setting permanent, add 'set debuginfod enabled off' to .gdbinit.
[Thread debugging using libthread_db enabled]
Using host libthread_db library "/usr/lib/x86_64-linux-gnu/libthread_db.so.1".
[TRACE] About to call init_game_paths
[TRACE] init_game_paths completed
[TRACE] About to call init_resource_manager
[TRACE] init_resource_manager completed
[TRACE] About to call init_sdl
[New Thread 0x7ffff63046c0 (LWP 8652)]
[New Thread 0x7ffff53ff6c0 (LWP 8655)]
[New Thread 0x7ffff4bfe6c0 (LWP 8657)]
[TRACE] SDL_Init completed, setting GL attributes
[TRACE] About to create window
[TRACE] init_sdl completed
[TRACE] About to call init_opengl
[TRACE] About to call SDL_GL_CreateContext
[TRACE] init_opengl completed
[New Thread 0x7fffe971c6c0 (LWP 8662)]
[New Thread 0x7fffe8e446c0 (LWP 8663)]
[New Thread 0x7fffde3ff6c0 (LWP 8664)]
[New Thread 0x7fffddbfe6c0 (LWP 8665)]
[New Thread 0x7fffdd3fd6c0 (LWP 8666)]
[main] Calling init_game_core...
  [FalconDisplay::Setup] Starting DeviceIndependentGraphicsSetup...
[New Thread 0x7fffdcbfc6c0 (LWP 8667)]
  [FalconDisplay::Setup] DeviceIndependentGraphicsSetup done
  [FalconDisplay::Setup] Registering window class...
  [FalconDisplay::Setup] RegisterClass done, calling MakeWindow...
  [FalconDisplay::Setup] Calling MakeWindow...
  [FalconDisplay::Setup] MakeWindow done, calling devmgr.Setup...
  [EnumD3DDrivers] Starting...
  [EnumD3DDrivers] DirectDrawCreateEx returned pDD7=0x5555574573e0
  [EnumD3DDrivers] QueryInterface for D3D7: hr=0x0, pD3D=0x555557457410
  [EnumD3DDrivers] Calling EnumDevices...
    [EnumD3DDriversCallback] name=OpenGL, desc=FreeFalcon OpenGL Device
    [EnumD3DDriversCallback] dwDevCaps=0x90000, required=0x10000
    [EnumD3DDriversCallback] Adding device to list
  [EnumD3DDrivers] EnumDevices returned
  [FalconDisplay::Setup] devmgr.Setup done
  Setting theater: Korea
  [SetNewTheater] ReadIndex...
  [SetNewTheater] LoadPriorityTables...
  [SetNewTheater] TheaterReload...
      [ObjectParent::CleanupTable] Starting, TheObjectList=0x5555573cf398, TheObjectListLength=3961
      [ObjectParent::CleanupTable] FlushReferences()...
      [ObjectParent::CleanupTable] FlushReferences() done
      [ObjectParent::CleanupTable] ObjectLOD::CleanupTable()...
        [ObjectLOD::CleanupTable] Starting, TheObjectLODs=0x55555730be28, TheObjectLODsCount=6801
        [ObjectLOD::CleanupTable] Iterating 6801 LODs...
        [ObjectLOD::CleanupTable] LOD iteration done
        [ObjectLOD::CleanupTable] WaitUpdates()...
        [ObjectLOD::CleanupTable] WaitUpdates() done
        [ObjectLOD::CleanupTable] Deleting TheObjectLODs...
        [ObjectLOD::CleanupTable] TheObjectLODs deleted
        [ObjectLOD::CleanupTable] Deleting tagListBuffer...
        [ObjectLOD::CleanupTable] tagListBuffer deleted
        [ObjectLOD::CleanupTable] ObjectLodMap.Close()...
        [ObjectLOD::CleanupTable] ObjectLodMap closed
        [ObjectLOD::CleanupTable] DeleteCriticalSection()...
        [ObjectLOD::CleanupTable] Critical section deleted
      [ObjectParent::CleanupTable] ObjectLOD::CleanupTable() done
      [ObjectParent::CleanupTable] TheTextureBank.Cleanup()...
      [ObjectParent::CleanupTable] ThePaletteBank.Cleanup()...
      [ObjectParent::CleanupTable] TheColorBank.Cleanup()...
      [ObjectParent::CleanupTable] Banks cleanup done
      [ObjectParent::CleanupTable] Deleting TheObjectList...
      [ObjectParent::CleanupTable] TheObjectList deleted
  [SetNewTheater] ResSetDirectory...
  [SetNewTheater] UnloadClassTable...
  [SetNewTheater] LoadClassTable...
========================================
FreeFalcon 7.0.0
Open Source Project
Build: Sep 19 2026 20:21:51
========================================

Data directory: /home/admin/sgl/SAT/freeFalcon/WP/drive_c/FreeFalcon6
Setting up game paths...
  Campaign saves: /home/admin/sgl/SAT/freeFalcon/WP/drive_c/FreeFalcon6/campaign/save
  Terrain data: /home/admin/sgl/SAT/freeFalcon/WP/drive_c/FreeFalcon6/terrdata/korea
  Object data: /home/admin/sgl/SAT/freeFalcon/WP/drive_c/FreeFalcon6/terrdata/objects
  Sound directory: /home/admin/sgl/SAT/freeFalcon/WP/drive_c/FreeFalcon6/sounds
Initializing resource manager...
Initializing SDL2...
  Window created: 1024x768
  Keyboard scancode translation initialized.
Initializing OpenGL...
  OpenGL Vendor: NVIDIA Corporation
  OpenGL Renderer: NVIDIA GeForce GTX 1660 SUPER/PCIe/SSE2
  OpenGL Version: 4.6.0 NVIDIA 595.84
  OpenGL Stencil Bits: 8
Initializing OpenAL...
  OpenAL Vendor: OpenAL Community
  OpenAL Renderer: OpenAL Soft
  OpenAL Version: 1.1 ALSOFT 

--- Initializing Game Core Systems ---
  Initializing communications layer...
  Communications layer initialized successfully
  Setting up FalconDisplay for Linux...
  Loading display options...
  Initializing DeviceManager...
[D3DGL] Creating DirectDraw7 interface
  Initializing simulation memory pools...
  Loading particle system parameters...
  Loading theater list...
  Loading class table (InitClassTableAndData)...
  Class table loaded. Falcon4ClassTable=0x555557be3180
  Loading: UnitData...
LoadUnitData: trying to open file Falcon4 with extension UCD
LoadUnitData: file opened successfully
LoadUnitData: file size=252002, entries=750, sizeof(UnitClassDataType)=336, expected=252002
  Loading: FeatureEntryData...
  Loading: ObjectiveData...
  Loading: WeaponData...
  Loading: FeatureData...
  Loading: VehicleData...
  Loading: WeaponListData...
  Loading: PtHeaderData...
  Loading: PtData...
  Loading: RadarData...
  Loading: IRSTData...
  Loading: RwrData...
  Loading: VisualData...
  Loading: SimWeaponData...
  Loading: ACDefData...
  Loading: SquadronStoresData...
  Loading: RocketData...
  Loading: DirtyData...
  Loading: MissionData...
  Loading: VisIdMap...
  Loading: RackTables...
  Loading: RDRackData...
  All data files loaded! Checking Falcon4ClassTable...
  Falcon4ClassTable = 0x555557be3180, NumEntities = 3678
  [SetNewTheater] ReadCampAIInputs...
  [SetNewTheater] FreeTactics...
  [SetNewTheater] LoadTactics...
  [SetNewTheater] LoadTrails...
  [SetNewTheater] Freeing SIM data...
  [SetNewTheater] Reading SIM data...
  [SetNewTheater] SetCurrentTheater...
  [SetNewTheater] Complete!
  [main_linux] SetNewTheater returned, calling InitVU...
  Initializing VU system...
  [main_linux] InitVU returned
  Setting up thread manager...
  [main_linux] ThreadManager::setup() returned
  Initializing sound manager...
[InstallDSound] Starting, gSoundDriver=0x5555573a3210, DSound=(nil)
[InstallDSound] Calling DirectSoundCreate...
[New Thread 0x7fffc75896c0 (LWP 8671)]
[New Thread 0x7fffc6d886c0 (LWP 8672)]
[New Thread 0x7fffc65876c0 (LWP 8673)]
[InstallDSound] DirectSoundCreate returned 0x0, DSound=0x5555580b5830
[New Thread 0x7fffc5d866c0 (LWP 8674)]
[New Thread 0x7fffc55856c0 (LWP 8675)]
  [main_linux] InitSoundManager() succeeded
  Starting sound system...
  [main_linux] F4SoundStart() returned
  Starting simulation loop...
[New Thread 0x7fffc4d846c0 (LWP 8676)]
[New Thread 0x7fffbe1ff6c0 (LWP 8677)]
  [main_linux] SimulationLoopControl::StartSim() returned
  Initializing weather system...
  [main_linux] realWeather created
  Initializing campaign system...
[StartLoop] Thread started, entering main loop
[StartLoop] Waiting for wait_for_start_graphics event...
[ThreadManager::start_campaign_thread] ENTRY, function=0x555555888c90
[ThreadManager::start_campaign_thread] Calling CreateThread...
[New Thread 0x7fffbd9fe6c0 (LWP 8678)]
[ThreadManager::start_campaign_thread] CreateThread returned handle=0x55555cd0cec0
[ThreadManager::start_campaign_thread] DONE
[CampaignThread] STARTED - entering function
[CampaignThread] About to call HandleCampaignThread()
[HandleCampaignThread] STARTED - entering function
[HandleCampaignThread] Set CAMP_RUNNING, campaign_active()=1
[HandleCampaignThread] Got CAMP_SUSPEND_REQUEST, setting CAMP_SUSPENDED
  [main_linux] Camp_Init() returned
  Building key mappings...
  [main_linux] BuildAscii() SKIPPED -- static Key_Chart kept (MP-1)
  Initializing comms manager...
  [main_linux] gCommsMgr->Setup() returned
  Loading logbook...
[FF_LINUX] WeatherClass::Init entry (instantAction=1)
[FF_LINUX] WeatherClass::Init: lastCheck=0
[FF_LINUX] WeatherClass::Init: weatherDay=0
[FF_LINUX] WeatherClass::Init: Calling TimeOfDayGeneral()
[FF_LINUX] WeatherClass::Init: About to call GenerateClouds()
[FF_LINUX] WeatherClass::Init: GenerateClouds returned, exiting Init
  [main_linux] logbook loaded for 'Viper'
  Loading keyboard function tables...
  [main_linux] LoadFunctionTables() returned
  Game core initialization complete.
[main] init_game_core() returned
[main] Calling init_d3d_graphics...
[Texture::SetupForDevice] rc=0x555557f82b60 path=/home/admin/sgl/SAT/freeFalcon/WP/drive_c/FreeFalcon6/terrdata/objects/
[main] init_d3d_graphics() returned

========================================
Initialization complete!
========================================
[main] Entering main_loop...

========================================
Entering main loop
  ESC = quit, Click X to close
========================================

[Main] Posting FM_START_GAME to initialize game...
[INPUT] focus gained (doUI=0) -> relative mouse re-enabled
[FM] FM_START_GAME received
[FM] FM_START_UI received
[FM] Main thread re-acquired GL context
[FM] Calling UI_Startup()...
[UI_Startup] ENTRY, FalconDisplay.currentMode=1
[UI_Startup] Calling EnterMode(UI)...
  [DisplayDevice::Setup] Starting 1024x768x16, fullscreen=0
  [DisplayDevice::Setup] Calling CreateContext...
  [CreateContext] driverNum=0, devNum=0, resNum=18
  [CreateContext] GetDriver returned pDDI=0x555557459210
  [CreateContext] D3D devices count: 1
  [CreateContext] Display modes count: 46
  [CreateContext] GetDevice returned pD3DDI=0x555557457460
  [CreateContext] GetDisplayMode returned pddsd=0x55555745b990
  [DXContext::Init] Starting with hWnd=0x555556498380, 1024x768@16, fullscreen=0
  [DXContext::Init] Checking thread ID...
  [DXContext::Init] Thread ID check passed
  [DXContext::Init] Calling DirectDrawCreateEx...
  [DXContext::Init] DirectDrawCreateEx returned m_pDD=0x55555984ed30
  [DXContext::Init] Calling GetCaps... m_pcapsDD=0x55555b7fbbe0
  [DXContext::Init] GetCaps done
  [DXContext::Init] Calling GetDeviceIdentifier... m_pDevID=0x55555cd192d0
  [DXContext::Init] GetDeviceIdentifier done
  [DXContext::Init] DXContext::Init - DriverInfo - "OpenGL" - "FreeFalcon OpenGL Renderer", Vendor: 4318, Device: 4660, SubSys: 0, Rev: 0, Product: 0, Version: 0, SubVersion: 0, Build: 0
  [DXContext::Init] Calling SetCooperativeLevel with flags=0x1408...
  [DXContext::Init] SetCooperativeLevel done
  [DXContext::Init] Complete!
  [DisplayDevice::Setup] CreateContext returned m_DXCtx=0x555557d91bc0
  [DisplayDevice::Setup] Context created, setting up window...
  [DisplayDevice::Setup] Calling ShowWindow...
  [DisplayDevice::Setup] ShowWindow done
  [DisplayDevice::Setup] Setting up windowed image, IsHardware=1...
  [DisplayDevice::Setup] image.Setup done
  [DisplayDevice::Setup] Calling SetRenderTarget, targetSurface=0x55555b514310...
[SetRenderTarget] Linux: Creating D3D7 interface directly
[SetRenderTarget] Linux: m_pD3D=0x55555cd19710
[AttachDepthBuffer] Linux: Skipping - OpenGL manages depth buffers
[SetRenderTarget] Linux: Creating D3D device directly, pRenderTarget=0x55555b514310
[SetRenderTarget] Linux: m_pD3DD=0x7fffbc5ac010
  [DisplayDevice::Setup] SetRenderTarget done
  [DisplayDevice::Setup] Calling movieInit...
  [DisplayDevice::Setup] Complete!
[UI_Startup] EnterMode done, getting ImageBuffer...
[New Thread 0x7fffa387e6c0 (LWP 8679)]
[GlobalSetup] Creating C_Parser...
[GlobalSetup] Loading ID lists...
[LoadIDList] Loading: userids.lst
[LoadIDList] file size=500 for userids.lst
[LoadIDList] Loading: fontids.lst
[LoadIDList] file size=22 for fontids.lst
[LoadIDList] Loading: imageids.lst
[LoadIDList] file size=197 for imageids.lst
[LoadIDList] Loading: soundids.lst
[LoadIDList] file size=46 for soundids.lst
[LoadIDList] Loading: textids.lst
[LoadIDList] file size=21 for textids.lst
[LoadIDList] Loading: movieids.lst
[LoadIDList] file size=20 for movieids.lst
[LoadImageList] Loading: resimgs.lst
[LoadImageList] Opened: resimgs.lst
[LoadSoundList] Loading: sounds.lst
[LoadImageList] Loading: main_res.lst
[LoadImageList] Opened: main_res.lst
[LoadSoundList] Loading: main_snd.lst
[LoadWindowList] Loading: main_scf.lst
[LoadImageList] Loading: comm_res.lst
[LoadImageList] Opened: comm_res.lst
[LoadSoundList] Loading: comm_snd.lst
[LoadWindowList] Loading: comm_scf.lst
[LoadImageList] Loading: help_res.lst
[LoadImageList] FAILED to open: help_res.lst
[LoadSoundList] Loading: help_snd.lst
[LoadWindowList] Loading: help_scf.lst
[LoadImageList] Loading: lb_res.lst
[LoadImageList] Opened: lb_res.lst
[LoadSoundList] Loading: lb_snd.lst
[LoadWindowList] Loading: lb_scf.lst
[New Thread 0x7fffa17946c0 (LWP 8680)]
[Texture::SetupForDevice] rc=0x555557d91bc0 path=/home/admin/sgl/SAT/freeFalcon/WP/drive_c/FreeFalcon6/terrdata/misctex/
[FarTexDB] DDS file: /home/admin/sgl/SAT/freeFalcon/WP/drive_c/FreeFalcon6/terrdata/korea/texture/fartiles.dds, headerSize=124, bytesRead=124
[FarTexDB] DDS header: flags=0x81007, width=32, height=32, linearSize=512, mipMapCount=0
[FarTexDB] DDS pixfmt: flags=0x0, fourCC=0x31545844, rgbBitCount=4
[FarTexDB] linearSize=512, texCount=96664, fartexDDSFile.IsReady=1
[PalLight] light=(0.750 0.829 0.849) gametime=0 pal=0x55555fff9ae0
[FM] UI_Startup() complete
FPS: 30 (avg over 5 sec), doUI=1, gMainHandler=0x55555cd19730
FPS: 59 (avg over 5 sec), doUI=1, gMainHandler=0x55555cd19730
[Mouse] LBUTTONDOWN at (973, 752)
[LBUTTONDOWN] at (973,752) -> window=0x55555f1b1f90 ID=5000
[LBUTTONDOWN] GrabItem found control ID=40003 type=25
[LBUTTONUP] at (973,752) -> window=0x55555f1b1f90 Grab_.Control_=0x55555f1b4850
[LBUTTONUP] Grab_.Control_ found: ID=40003 type=25
[LBUTTONUP] Calling Process(ID=40003, type=52)
[OpenMainCampaignCB] Called with hittype=52
[OpenMainCampaignCB] Processing - CPSelectLoaded=0
[OpenMainCampaignCB] Loading Campaign Select windows...
[LoadImageList] Loading: cs_res.lst
[LoadImageList] Opened: cs_res.lst
[LoadSoundList] Loading: cs_snd.lst
[LoadWindowList] Loading: cs_scf.lst
[LoadImageList] Loading: pln_res.lst
[LoadImageList] Opened: pln_res.lst
[LoadSoundList] Loading: pln_snd.lst
[LoadWindowList] Loading: pln_scf.lst
[OpenMainCampaignCB] LoadCampaignSelectWindows() completed
[FF_LINUX] StartReadCampFile: type=4 filename='save0'
[FF_LINUX] StartReadCampFile: FalconCampUserSaveDirectory='/home/admin/sgl/SAT/freeFalcon/WP/drive_c/FreeFalcon6/campaign/save'
[FF_LINUX] StartReadCampFile: Opening path='/home/admin/sgl/SAT/freeFalcon/WP/drive_c/FreeFalcon6/campaign/save/save0.cam'
[FF_LINUX] StartReadCampFile: Successfully opened campaign file
[LZSS_Expand] Called: srcSize=5368, size=24207
[LZSS_Expand] LZSS_Expand: 24207 bytes out in 0.1 ms
[FM] FM_GOT_CAMPAIGN_DATA received (wParam=16777216)
[FM] FM_GOT_CAMPAIGN_DATA: RecieveScenarioInfo (S6x)
[Mouse] LBUTTONDOWN at (912, 755)
[LBUTTONDOWN] at (912,755) -> window=0x5555609b6000 ID=40500
[LBUTTONDOWN] GrabItem found control ID=2000002 type=25
[LBUTTONUP] at (912,755) -> window=0x5555609b6000 Grab_.Control_=0x5555609c2840
[LBUTTONUP] Grab_.Control_ found: ID=2000002 type=25
[LBUTTONUP] Calling Process(ID=2000002, type=52)
[LoadImageList] Loading: cp_res.lst
[LoadImageList] Opened: cp_res.lst
[LoadSoundList] Loading: cp_snd.lst
[LoadWindowList] Loading: cp_scf.lst
[LoadImageList] Loading: cmn_res.lst
[LoadImageList] Opened: cmn_res.lst
[LoadSoundList] Loading: cmn_snd.lst
[LoadWindowList] Loading: cmn_scf.lst
[FM] FM_LOAD_CAMPAIGN received (type=4)
[FM] FM_LOAD_CAMPAIGN: Calling TheCampaign.LoadCampaign()...
[FF_LINUX] StartReadCampFile: type=4 filename='save0'
[FF_LINUX] StartReadCampFile: FalconCampUserSaveDirectory='/home/admin/sgl/SAT/freeFalcon/WP/drive_c/FreeFalcon6/campaign/save'
[FF_LINUX] StartReadCampFile: Opening path='/home/admin/sgl/SAT/freeFalcon/WP/drive_c/FreeFalcon6/campaign/save/save0.cam'
[FF_LINUX] StartReadCampFile: Successfully opened campaign file
[VuSession::JoinGame] ENTRY: session=0x5555573a2cc0 newgame=0x55555d645e70 current_game=(nil)
[VuSession::JoinGame] Setting game_.reset(newgame=0x55555d645e70)
[VuSession::JoinGame] Game set, Game()=0x55555d645e70
[VuSession::JoinGame] EXIT: retval=1 Game()=0x55555d645e70
[FF_LINUX] WeatherClass::Init entry (instantAction=0)
[FF_LINUX] WeatherClass::Init: lastCheck=32400000
[FF_LINUX] WeatherClass::Init: weatherDay=0
[FF_LINUX] WeatherClass::Init: Calling UpdateCondition(1)
[FF_LINUX] WeatherClass::Init: UpdateCondition returned
[FF_LINUX] WeatherClass::Init: Calling TimeOfDayGeneral()
[FF_LINUX] WeatherClass::Init: About to call GenerateClouds()
[FF_LINUX] WeatherClass::Init: GenerateClouds returned, exiting Init
[FF_LINUX] LoadBaseObjectives ENTRY: scenario='save0'
[FF_LINUX] LoadBaseObjectives: Calling ReadCampFile()
[FF_LINUX] LoadBaseObjectives: ReadCampFile returned dataSize=145525
[FF_LINUX] LoadBaseObjectives: num=2629 size=347139 newsize=145514
[FF_LINUX] LoadBaseObjectives: Calling LZSS_Expand()
[LZSS_Expand] Called: srcSize=145515, size=347139
[LZSS_Expand] LZSS_Expand: 347139 bytes out in 1.9 ms
[FF_LINUX] LoadBaseObjectives: LZSS_Expand done
[FF_LINUX] LoadBaseObjectives: Creating 2629 objectives...
[FF_LINUX] LoadBaseObjectives: Creating obj 0/2629
[FF_LINUX] LoadBaseObjectives: obj 0 type=2092, calling NewObjective
[FF_LINUX] NewObjective[1]: tid=2092, calling CampEnterCriticalSection
[FF_LINUX] NewObjective[1]: CampEnterCriticalSection done, creating ObjectiveClass
[FF_LINUX] CampBaseClass ctor[1] entry
[FF_LINUX] CampBaseClass ctor[1] entityType=2092
[FF_LINUX] CampBaseClass ctor[1] calling SetLocation(480,540)
[FF_LINUX] CampBaseClass ctor[1] SetLocation done
[FF_LINUX] CampBaseClass ctor[1] complete
[FF_LINUX] ObjectiveClass ctor[1] entry, entityType=2092
[FF_LINUX] ObjectiveClass ctor[1] getting class_data for entityType=2092
[FF_LINUX] ObjectiveClass ctor[1] class_data=0x555557384fae
[FF_LINUX] ObjectiveClass ctor[1] calling ResetObjectiveStatus()
[FF_LINUX] ObjectiveClass ctor[1] ResetObjectiveStatus done, type=10
[FF_LINUX] ObjectiveClass ctor[1] complete
[FF_LINUX] NewObjective[1]: ObjectiveClass created 0x55556129cb20
[FF_LINUX] NewObjective[1]: calling CampLeaveCriticalSection
[FF_LINUX] NewObjective[1]: CampLeaveCriticalSection done, inserting to vuDatabase
[FF_LINUX] NewObjective[1]: vuDatabase->Insert done
[FF_LINUX] LoadBaseObjectives: obj 0 NewObjective returned 0x55556129cb20
[FF_LINUX] LoadBaseObjectives: Creating obj 1/2629
[FF_LINUX] LoadBaseObjectives: obj 1 type=233, calling NewObjective
[FF_LINUX] NewObjective[2]: tid=233, calling CampEnterCriticalSection
[FF_LINUX] NewObjective[2]: CampEnterCriticalSection done, creating ObjectiveClass
[FF_LINUX] CampBaseClass ctor[2] entry
[FF_LINUX] CampBaseClass ctor[2] entityType=233
[FF_LINUX] CampBaseClass ctor[2] calling SetLocation(540,565)
[FF_LINUX] CampBaseClass ctor[2] SetLocation done
[FF_LINUX] CampBaseClass ctor[2] complete
[FF_LINUX] ObjectiveClass ctor[2] entry, entityType=233
[FF_LINUX] ObjectiveClass ctor[2] getting class_data for entityType=233
[FF_LINUX] ObjectiveClass ctor[2] class_data=0x55555737da66
[FF_LINUX] ObjectiveClass ctor[2] calling ResetObjectiveStatus()
[FF_LINUX] ObjectiveClass ctor[2] ResetObjectiveStatus done, type=10
[FF_LINUX] ObjectiveClass ctor[2] complete
[FF_LINUX] NewObjective[2]: ObjectiveClass created 0x55556129cd70
[FF_LINUX] NewObjective[2]: calling CampLeaveCriticalSection
[FF_LINUX] NewObjective[2]: CampLeaveCriticalSection done, inserting to vuDatabase
[FF_LINUX] NewObjective[2]: vuDatabase->Insert done
[FF_LINUX] LoadBaseObjectives: obj 1 NewObjective returned 0x55556129cd70
[FF_LINUX] LoadBaseObjectives: Creating obj 2/2629
[FF_LINUX] LoadBaseObjectives: obj 2 type=233, calling NewObjective
[FF_LINUX] NewObjective[3]: tid=233, calling CampEnterCriticalSection
[FF_LINUX] NewObjective[3]: CampEnterCriticalSection done, creating ObjectiveClass
[FF_LINUX] CampBaseClass ctor[3] entry
[FF_LINUX] CampBaseClass ctor[3] entityType=233
[FF_LINUX] CampBaseClass ctor[3] calling SetLocation(412,503)
[FF_LINUX] CampBaseClass ctor[3] SetLocation done
[FF_LINUX] CampBaseClass ctor[3] complete
[FF_LINUX] ObjectiveClass ctor[3] entry, entityType=233
[FF_LINUX] ObjectiveClass ctor[3] getting class_data for entityType=233
[FF_LINUX] ObjectiveClass ctor[3] class_data=0x55555737da66
[FF_LINUX] ObjectiveClass ctor[3] calling ResetObjectiveStatus()
[FF_LINUX] ObjectiveClass ctor[3] ResetObjectiveStatus done, type=10
[FF_LINUX] ObjectiveClass ctor[3] complete
[FF_LINUX] NewObjective[3]: ObjectiveClass created 0x55556129cf90
[FF_LINUX] NewObjective[3]: calling CampLeaveCriticalSection
[FF_LINUX] NewObjective[3]: CampLeaveCriticalSection done, inserting to vuDatabase
[FF_LINUX] NewObjective[3]: vuDatabase->Insert done
[FF_LINUX] LoadBaseObjectives: obj 2 NewObjective returned 0x55556129cf90
[FF_LINUX] LoadBaseObjectives: Creating obj 3/2629
[FF_LINUX] LoadBaseObjectives: obj 3 type=2100, calling NewObjective
[FF_LINUX] NewObjective[4]: tid=2100, calling CampEnterCriticalSection
[FF_LINUX] NewObjective[4]: CampEnterCriticalSection done, creating ObjectiveClass
[FF_LINUX] CampBaseClass ctor[4] entry
[FF_LINUX] CampBaseClass ctor[4] entityType=2100
[FF_LINUX] CampBaseClass ctor[4] calling SetLocation(397,468)
[FF_LINUX] CampBaseClass ctor[4] SetLocation done
[FF_LINUX] CampBaseClass ctor[4] complete
[FF_LINUX] ObjectiveClass ctor[4] entry, entityType=2100
[FF_LINUX] ObjectiveClass ctor[4] getting class_data for entityType=2100
[FF_LINUX] ObjectiveClass ctor[4] class_data=0x55555738515e
[FF_LINUX] ObjectiveClass ctor[4] calling ResetObjectiveStatus()
[FF_LINUX] ObjectiveClass ctor[4] ResetObjectiveStatus done, type=10
[FF_LINUX] ObjectiveClass ctor[4] complete
[FF_LINUX] NewObjective[4]: ObjectiveClass created 0x55556129d1f0
[FF_LINUX] NewObjective[4]: calling CampLeaveCriticalSection
[FF_LINUX] NewObjective[4]: CampLeaveCriticalSection done, inserting to vuDatabase
[FF_LINUX] NewObjective[4]: vuDatabase->Insert done
[FF_LINUX] LoadBaseObjectives: obj 3 NewObjective returned 0x55556129d1f0
[FF_LINUX] LoadBaseObjectives: Creating obj 4/2629
[FF_LINUX] LoadBaseObjectives: obj 4 type=2109, calling NewObjective
[FF_LINUX] NewObjective[5]: tid=2109, calling CampEnterCriticalSection
[FF_LINUX] NewObjective[5]: CampEnterCriticalSection done, creating ObjectiveClass
[FF_LINUX] CampBaseClass ctor[5] entry
[FF_LINUX] CampBaseClass ctor[5] entityType=2109
[FF_LINUX] CampBaseClass ctor[5] calling SetLocation(304,537)
[FF_LINUX] CampBaseClass ctor[5] SetLocation done
[FF_LINUX] CampBaseClass ctor[5] complete
[FF_LINUX] ObjectiveClass ctor[5] entry, entityType=2109
[FF_LINUX] ObjectiveClass ctor[5] getting class_data for entityType=2109
[FF_LINUX] ObjectiveClass ctor[5] class_data=0x555557385344
[FF_LINUX] ObjectiveClass ctor[5] calling ResetObjectiveStatus()
[FF_LINUX] ObjectiveClass ctor[5] ResetObjectiveStatus done, type=10
[FF_LINUX] ObjectiveClass ctor[5] complete
[FF_LINUX] NewObjective[5]: ObjectiveClass created 0x55556129d4c0
[FF_LINUX] NewObjective[5]: calling CampLeaveCriticalSection
[FF_LINUX] NewObjective[5]: CampLeaveCriticalSection done, inserting to vuDatabase
[FF_LINUX] NewObjective[5]: vuDatabase->Insert done
[FF_LINUX] LoadBaseObjectives: obj 4 NewObjective returned 0x55556129d4c0
[FF_LINUX] NewObjective[6]: tid=233, calling CampEnterCriticalSection
[FF_LINUX] NewObjective[6]: CampEnterCriticalSection done, creating ObjectiveClass
[FF_LINUX] NewObjective[6]: ObjectiveClass created 0x55556129d790
[FF_LINUX] NewObjective[6]: calling CampLeaveCriticalSection
[FF_LINUX] NewObjective[6]: CampLeaveCriticalSection done, inserting to vuDatabase
[FF_LINUX] NewObjective[6]: vuDatabase->Insert done
[FF_LINUX] NewObjective[7]: tid=233, calling CampEnterCriticalSection
[FF_LINUX] NewObjective[7]: CampEnterCriticalSection done, creating ObjectiveClass
[FF_LINUX] NewObjective[7]: ObjectiveClass created 0x55556129da60
[FF_LINUX] NewObjective[7]: calling CampLeaveCriticalSection
[FF_LINUX] NewObjective[7]: CampLeaveCriticalSection done, inserting to vuDatabase
[FF_LINUX] NewObjective[7]: vuDatabase->Insert done
[FF_LINUX] NewObjective[8]: tid=2103, calling CampEnterCriticalSection
[FF_LINUX] NewObjective[8]: CampEnterCriticalSection done, creating ObjectiveClass
[FF_LINUX] NewObjective[8]: ObjectiveClass created 0x55556129dd30
[FF_LINUX] NewObjective[8]: calling CampLeaveCriticalSection
[FF_LINUX] NewObjective[8]: CampLeaveCriticalSection done, inserting to vuDatabase
[FF_LINUX] NewObjective[8]: vuDatabase->Insert done
[FF_LINUX] NewObjective[9]: tid=233, calling CampEnterCriticalSection
[FF_LINUX] NewObjective[9]: CampEnterCriticalSection done, creating ObjectiveClass
[FF_LINUX] NewObjective[9]: ObjectiveClass created 0x55556129e000
[FF_LINUX] NewObjective[9]: calling CampLeaveCriticalSection
[FF_LINUX] NewObjective[9]: CampLeaveCriticalSection done, inserting to vuDatabase
[FF_LINUX] NewObjective[9]: vuDatabase->Insert done
[FF_LINUX] ATCBrain ctor[1] entry
[FF_LINUX] ATCBrain ctor[1] numRwys=2
[FF_LINUX] ATCBrain ctor[1] entering rwindex loop, initial rwindex=54
[FF_LINUX] ATCBrain ctor[1] rwindex loop iter 1, rwindex=54
[FF_LINUX] ATCBrain ctor[1] rwindex loop iter 2, rwindex=55
[FF_LINUX] ATCBrain ctor[1] rwindex loop iter 3, rwindex=56
[FF_LINUX] ATCBrain ctor[1] rwindex loop iter 4, rwindex=57
[FF_LINUX] ATCBrain ctor[1] rwindex loop iter 5, rwindex=58
[FF_LINUX] ATCBrain ctor[1] rwindex loop iter 6, rwindex=59
[FF_LINUX] ATCBrain ctor[1] rwindex loop iter 7, rwindex=60
[FF_LINUX] ATCBrain ctor[1] rwindex loop iter 8, rwindex=61
[FF_LINUX] ATCBrain ctor[2] entry
[FF_LINUX] ATCBrain ctor[2] numRwys=1
[FF_LINUX] ATCBrain ctor[2] entering rwindex loop, initial rwindex=9
[FF_LINUX] ATCBrain ctor[2] rwindex loop iter 1, rwindex=9
[FF_LINUX] ATCBrain ctor[2] rwindex loop iter 2, rwindex=10
[FF_LINUX] ATCBrain ctor[2] rwindex loop iter 3, rwindex=11
[FF_LINUX] ATCBrain ctor[2] rwindex loop iter 4, rwindex=12
[FF_LINUX] ATCBrain ctor[2] rwindex loop iter 5, rwindex=13
[FF_LINUX] ATCBrain ctor[3] entry
[FF_LINUX] ATCBrain ctor[3] numRwys=1
[FF_LINUX] ATCBrain ctor[3] entering rwindex loop, initial rwindex=253
[FF_LINUX] ATCBrain ctor[3] rwindex loop iter 1, rwindex=253
[FF_LINUX] ATCBrain ctor[3] rwindex loop iter 2, rwindex=254
[FF_LINUX] ATCBrain ctor[3] rwindex loop iter 3, rwindex=255
[FF_LINUX] ATCBrain ctor[3] rwindex loop iter 4, rwindex=256
[FF_LINUX] LoadBaseObjectives: Creating obj 500/2629
[FF_LINUX] LoadBaseObjectives: Creating obj 1000/2629
[FF_LINUX] LoadBaseObjectives: Creating obj 1500/2629
[FF_LINUX] LoadBaseObjectives: Creating obj 2000/2629
[FF_LINUX] LoadBaseObjectives: Creating obj 2500/2629
[FF_LINUX] LoadBaseObjectives: All 2629 objectives created
[FF_LINUX] LoadBaseObjectives: SUCCESS - returning 1
[FF_LINUX] DecodeUnitData: count=962 size=290858 rem=59006 gCampDataVersion=73
[LZSS_Expand] Called: srcSize=59006, size=290858
[LZSS_Expand] LZSS_Expand: 290858 bytes out in 0.9 ms
[FF_LINUX] DecodeUnitData: LZSS_Expand returned 59005
[FF_LINUX] DecodeUnitData: first 20 bytes after expand: a0 03 ca 0f 00 00 00 00 00 00 a0 03 f0 02 77 03 00 00 00 00 
[FF_LINUX] DecodeUnitData: bytes 80-99: 00 00 00 00 00 00 a0 03 b0 02 f6 02 00 00 00 00 00 00 00 00 
[FF_LINUX] DecodeUnitData: Unit 0 - buf before read: a0 03, rem=290858
[FF_LINUX] DecodeUnitData: Unit 0 - type read: 928 (0x03a0)
[FF_LINUX] UnitClass ctor[1] entry after CampBase: rem=290827
[FF_LINUX] UnitClass ctor[1] after DecodeWaypoints: rem=290784
[FF_LINUX] DecodeUnitData: Unit 0 - after NewUnit, rem=290782, next bytes: a0 03
[FF_LINUX] DecodeUnitData: Unit 1 - buf before read: a0 03, rem=290782
[FF_LINUX] DecodeUnitData: Unit 1 - type read: 928 (0x03a0)
[FF_LINUX] UnitClass ctor[2] entry after CampBase: rem=290751
[FF_LINUX] UnitClass ctor[2] after DecodeWaypoints: rem=290708
[FF_LINUX] DecodeUnitData: Unit 1 - after NewUnit, rem=290706, next bytes: a0 03
[FF_LINUX] DecodeUnitData: Unit 2 - buf before read: a0 03, rem=290706
[FF_LINUX] DecodeUnitData: Unit 2 - type read: 928 (0x03a0)
[FF_LINUX] UnitClass ctor[3] entry after CampBase: rem=290675
[FF_LINUX] UnitClass ctor[3] after DecodeWaypoints: rem=290632
[FF_LINUX] DecodeUnitData: Unit 2 - after NewUnit, rem=290630, next bytes: a0 03
[FF_LINUX] SquadronClass ctor[1] entry: rem=289720 gCampDataVersion=73
[FF_LINUX] SquadronClass ctor[1] after fuel+specialty: rem=289715
[FF_LINUX] SquadronClass ctor[1] after stores: rem=289115
[FF_LINUX] SquadronClass ctor[1] after pilot_data: rem=288635
[FF_LINUX] SquadronClass ctor[2] entry: rem=288450 gCampDataVersion=73
[FF_LINUX] SquadronClass ctor[2] after fuel+specialty: rem=288445
[FF_LINUX] SquadronClass ctor[2] after stores: rem=287845
[FF_LINUX] SquadronClass ctor[2] after pilot_data: rem=287365
[FF_LINUX] SquadronClass ctor[3] entry: rem=287180 gCampDataVersion=73
[FF_LINUX] SquadronClass ctor[3] after fuel+specialty: rem=287175
[FF_LINUX] SquadronClass ctor[3] after stores: rem=286575
[FF_LINUX] SquadronClass ctor[3] after pilot_data: rem=286095
[FF_LINUX] WeatherClass::Init entry (instantAction=0)
[FF_LINUX] WeatherClass::Init: lastCheck=32400000
[FF_LINUX] WeatherClass::Init: weatherDay=0
[FF_LINUX] WeatherClass::Init: Calling UpdateCondition(1)
[FF_LINUX] WeatherClass::Init: UpdateCondition returned
[FF_LINUX] WeatherClass::Init: Calling TimeOfDayGeneral()
[FF_LINUX] WeatherClass::Init: About to call GenerateClouds()
[FF_LINUX] WeatherClass::Init: GenerateClouds returned, exiting Init
[FM] FM_LOAD_CAMPAIGN: LoadCampaign() returned 1
[FM] FM_LOAD_CAMPAIGN: Queueing FM_JOIN_SUCCEEDED
[FM] FM_JOIN_SUCCEEDED received
FPS: 50 (avg over 5 sec), doUI=1, gMainHandler=0x55555cd19730
[Mouse] LBUTTONDOWN at (562, 756)
[LBUTTONDOWN] at (562,756) -> window=0x55556113e640 ID=6321
[LBUTTONDOWN] GrabItem found control ID=16027 type=25
[LBUTTONUP] at (562,756) -> window=0x55556113e640 Grab_.Control_=0x555561149490
[LBUTTONUP] Grab_.Control_ found: ID=16027 type=25
[LBUTTONUP] Calling Process(ID=16027, type=52)
[Mouse] LBUTTONDOWN at (581, 388)
[LBUTTONDOWN] at (581,388) -> window=0x555561139b10 ID=70205
[LBUTTONDOWN] GrabItem found control ID=70206 type=25
[LBUTTONUP] at (582,387) -> window=0x555561139b10 Grab_.Control_=0x55556113bd90
[LBUTTONUP] Grab_.Control_ found: ID=70206 type=25
[LBUTTONUP] Calling Process(ID=70206, type=52)
Assertion at 2334  /home/admin/freefalcon-central/src/campaign/camptask/atm.cpp  Sep 16 2026
[Failed:  sortie_rate <= 2] Assertion at 2334  /home/admin/freefalcon-central/src/campaign/camptask/atm.cpp  Sep 16 2026
[Takeoff to egresstanker can't be reached - needs adjusting the 2D fuel rates] Error:  line 1611, /home/admin/freefalcon-central/src/campaign/camptask/mission.cpp on Sep 16 2026
[Mouse] LBUTTONDOWN at (113, 114)
[LBUTTONDOWN] at (113,114) -> window=0x555561100b60 ID=6100
[LBUTTONDOWN] GrabItem found control ID=6130 type=0
[LBUTTONUP] at (113,114) -> window=0x555561100b60 Grab_.Control_=0x5555610fae10
[LBUTTONUP] Grab_.Control_ found: ID=6130 type=0
[LBUTTONUP] Calling Process(ID=6130, type=52)
[LBUTTONDOWN] at (546,259) -> window=0x5555610ed570 ID=6500
[LBUTTONDOWN] GrabItem found control ID=1600009 type=0
[LBUTTONUP] at (580,485) -> window=0x5555610ed570 Grab_.Control_=(nil)
[LBUTTONUP] NO Grab_.Control_ - deactivating
[LBUTTONDOWN] at (519,300) -> window=0x5555610ed570 ID=6500
[LBUTTONDOWN] GrabItem found control ID=1366021 type=38
[LBUTTONUP] at (519,300) -> window=0x5555610ed570 Grab_.Control_=0x55556171ada0
[LBUTTONUP] Grab_.Control_ found: ID=1366021 type=38
[LBUTTONUP] Calling Process(ID=1366021, type=52)
[LBUTTONDOWN] at (519,300) -> window=0x5555610ed570 ID=6500
[LBUTTONDOWN] GrabItem found control ID=1366021 type=38
[LBUTTONUP] at (519,300) -> window=0x5555610ed570 Grab_.Control_=0x55556171ada0
[LBUTTONUP] Grab_.Control_ found: ID=1366021 type=38
[LBUTTONUP] Calling Process(ID=1366021, type=52)
[LBUTTONDOWN] at (547,330) -> window=0x55556123c710 ID=18198
[LBUTTONDOWN] GrabItem found control ID=86111 type=0
[LBUTTONUP] at (547,330) -> window=0x55556123c710 Grab_.Control_=0x55555f211940
[LBUTTONUP] Grab_.Control_ found: ID=86111 type=0
[LBUTTONUP] Calling Process(ID=86111, type=52)
[OTW.Setup] LastNearTexLOD=2 LastFarTexLOD=4 NumLevels=6
[TERRAIN_DIAG] ground_color=(0.750,0.829,0.849) haze_ground=(0.599,0.789,0.819)
[TERRAIN_DIAG] far_clip=32789.8 haze_start=3278.9 haze_depth=16394.9 hazed=1
[TERRAIN_DIAG] lightAmbient=0.250 lightDiffuse=0.750 lightSpecular=1.500
[TERRAIN_DIAG] GL_LIGHTING=0 GL_FOG=1 GL_ALPHA_TEST=1 GL_BLEND=1 GL_DEPTH_TEST=0
[TERRAIN_DIAG] GL_SCISSOR_TEST=0 GL_STENCIL_TEST=0 GL_CULL_FACE=0
[TERRAIN_DIAG] fogMode=0x2601 fogStart=0.0 fogEnd=80000.0 fogColor=(0.59,0.79,0.81,1.00)
[TERRAIN_DIAG] alphaFunc=0x206 alphaRef=0.0039
[TERRAIN_DIAG] FOG_COORD_SRC=0x8452 (FRAG_DEPTH=0x8452, FOG_COORD=0x8457)
[VERT_COLOR] r=0.721 g=0.793 b=0.798 a=1.000 dist=3176.6 scale=0.096 state=37 colorIdx=97
[VERT_COLOR] r=0.721 g=0.793 b=0.798 a=1.000 dist=3176.6 scale=0.096 state=37 colorIdx=97
[VERT_COLOR] r=0.721 g=0.793 b=0.798 a=1.000 dist=3176.6 scale=0.096 state=37 colorIdx=97
[VERT_COLOR] r=0.721 g=0.793 b=0.798 a=1.000 dist=3176.6 scale=0.096 state=37 colorIdx=97
[VERT_COLOR] r=0.721 g=0.793 b=0.798 a=1.000 dist=3176.6 scale=0.096 state=37 colorIdx=97
[TERRAIN_DIAG] ground_color=(0.750,0.829,0.849) haze_ground=(0.599,0.789,0.819)
[TERRAIN_DIAG] far_clip=32789.8 haze_start=3278.9 haze_depth=16394.9 hazed=1
[TERRAIN_DIAG] lightAmbient=0.250 lightDiffuse=0.750 lightSpecular=1.500
[TERRAIN_DIAG] GL_LIGHTING=0 GL_FOG=1 GL_ALPHA_TEST=1 GL_BLEND=1 GL_DEPTH_TEST=1
[TERRAIN_DIAG] GL_SCISSOR_TEST=0 GL_STENCIL_TEST=0 GL_CULL_FACE=0
[TERRAIN_DIAG] fogMode=0x2601 fogStart=0.0 fogEnd=80000.0 fogColor=(0.59,0.79,0.81,1.00)
[TERRAIN_DIAG] alphaFunc=0x206 alphaRef=0.0039
[TERRAIN_DIAG] FOG_COORD_SRC=0x8452 (FRAG_DEPTH=0x8452, FOG_COORD=0x8457)
[TERRAIN_DIAG] ground_color=(0.750,0.829,0.849) haze_ground=(0.599,0.789,0.819)
[TERRAIN_DIAG] far_clip=32789.8 haze_start=3278.9 haze_depth=16394.9 hazed=1
[TERRAIN_DIAG] lightAmbient=0.250 lightDiffuse=0.750 lightSpecular=1.500
[TERRAIN_DIAG] GL_LIGHTING=0 GL_FOG=1 GL_ALPHA_TEST=1 GL_BLEND=1 GL_DEPTH_TEST=1
[TERRAIN_DIAG] GL_SCISSOR_TEST=0 GL_STENCIL_TEST=0 GL_CULL_FACE=0
[TERRAIN_DIAG] fogMode=0x2601 fogStart=0.0 fogEnd=80000.0 fogColor=(0.59,0.79,0.81,1.00)
[TERRAIN_DIAG] alphaFunc=0x206 alphaRef=0.0039
[TERRAIN_DIAG] FOG_COORD_SRC=0x8452 (FRAG_DEPTH=0x8452, FOG_COORD=0x8457)
[LBUTTONDOWN] at (23,81) -> window=0x555560ec8150 ID=18351
[LBUTTONDOWN] GrabItem found control ID=18346 type=0
[LBUTTONUP] at (23,81) -> window=0x555560ec8150 Grab_.Control_=0x555560eccca0
[LBUTTONUP] Grab_.Control_ found: ID=18346 type=0
[LBUTTONUP] Calling Process(ID=18346, type=52)
[LBUTTONDOWN] at (136,137) -> window=0x555560ec8150 ID=18351
[LBUTTONDOWN] GrabItem found control ID=18346 type=0
[LBUTTONUP] at (136,137) -> window=0x555560ec8150 Grab_.Control_=0x555560eccca0
[LBUTTONUP] Grab_.Control_ found: ID=18346 type=0
[LBUTTONUP] Calling Process(ID=18346, type=52)
[LBUTTONDOWN] at (486,38) -> window=0x555560ec8150 ID=18351
[LBUTTONDOWN] GrabItem found control ID=80001 type=25
[LBUTTONUP] at (486,38) -> window=0x555560ec8150 Grab_.Control_=0x555560ecaa70
[LBUTTONUP] Grab_.Control_ found: ID=80001 type=25
[LBUTTONUP] Calling Process(ID=80001, type=52)
[LBUTTONDOWN] at (589,745) -> window=0x555560eb2a70 ID=18000
[LBUTTONDOWN] GrabItem found control ID=18353 type=25
[LBUTTONUP] at (589,745) -> window=0x555560eb2a70 Grab_.Control_=0x555560ec6a20
[LBUTTONUP] Grab_.Control_ found: ID=18353 type=25
[LBUTTONUP] Calling Process(ID=18353, type=52)
[LBUTTONDOWN] at (590,740) -> window=0x555560eb2a70 ID=18000
[LBUTTONDOWN] GrabItem found control ID=18353 type=25
[LBUTTONUP] at (590,740) -> window=0x555560eb2a70 Grab_.Control_=0x555560ec6a20
[LBUTTONUP] Grab_.Control_ found: ID=18353 type=25
[LBUTTONUP] Calling Process(ID=18353, type=52)
[LBUTTONDOWN] at (590,740) -> window=0x555560eb2a70 ID=18000
[LBUTTONDOWN] GrabItem found control ID=18353 type=25
[LBUTTONUP] at (588,741) -> window=0x555560eb2a70 Grab_.Control_=0x555560ec6a20
[LBUTTONUP] Grab_.Control_ found: ID=18353 type=25
[LBUTTONUP] Calling Process(ID=18353, type=52)
[LBUTTONDOWN] at (588,740) -> window=0x555560eb2a70 ID=18000
[LBUTTONDOWN] GrabItem found control ID=18353 type=25
[LBUTTONUP] at (588,739) -> window=0x555560eb2a70 Grab_.Control_=0x555560ec6a20
[LBUTTONUP] Grab_.Control_ found: ID=18353 type=25
[LBUTTONUP] Calling Process(ID=18353, type=52)
[LBUTTONDOWN] at (352,120) -> window=0x555560ec8150 ID=18351
[LBUTTONDOWN] GrabItem found control ID=18346 type=0
[LBUTTONUP] at (352,120) -> window=0x555560ec8150 Grab_.Control_=0x555560eccca0
[LBUTTONUP] Grab_.Control_ found: ID=18346 type=0
[LBUTTONUP] Calling Process(ID=18346, type=52)
[LBUTTONDOWN] at (483,44) -> window=0x555560ec8150 ID=18351
[LBUTTONDOWN] GrabItem found control ID=80001 type=25
[LBUTTONUP] at (483,44) -> window=0x555560ec8150 Grab_.Control_=0x555560ecaa70
[LBUTTONUP] Grab_.Control_ found: ID=80001 type=25
[LBUTTONUP] Calling Process(ID=80001, type=52)
[LBUTTONDOWN] at (387,750) -> window=0x555560eb2a70 ID=18000
[LBUTTONDOWN] GrabItem found NO control
[LBUTTONUP] at (387,750) -> window=0x555560eb2a70 Grab_.Control_=(nil)
[LBUTTONUP] NO Grab_.Control_ - deactivating
[LBUTTONDOWN] at (379,748) -> window=0x555560eb2a70 ID=18000
[LBUTTONDOWN] GrabItem found control ID=18006 type=29
[LBUTTONUP] at (379,748) -> window=0x555560eb2a70 Grab_.Control_=0x555560ec57b0
[LBUTTONUP] Grab_.Control_ found: ID=18006 type=29
[LBUTTONUP] Calling Process(ID=18006, type=52)
[LBUTTONDOWN] at (379,748) -> window=0x555560eb2a70 ID=18000
[LBUTTONDOWN] GrabItem found control ID=18006 type=29
[LBUTTONUP] at (379,748) -> window=0x555560eb2a70 Grab_.Control_=0x555560ec57b0
[LBUTTONUP] Grab_.Control_ found: ID=18006 type=29
[LBUTTONUP] Calling Process(ID=18006, type=52)
[LBUTTONDOWN] at (649,750) -> window=0x555560eb2a70 ID=18000
[LBUTTONDOWN] GrabItem found control ID=18008 type=25
[LBUTTONUP] at (649,750) -> window=0x555560eb2a70 Grab_.Control_=0x555560ec4380
[LBUTTONUP] Grab_.Control_ found: ID=18008 type=25
[LBUTTONUP] Calling Process(ID=18008, type=52)
[LBUTTONDOWN] at (465,743) -> window=0x555560eb2a70 ID=18000
[LBUTTONDOWN] GrabItem found control ID=18007 type=37
[LBUTTONUP] at (465,743) -> window=0x555560eb2a70 Grab_.Control_=0x555560ec7770
[LBUTTONUP] Grab_.Control_ found: ID=18007 type=37
[LBUTTONUP] Calling Process(ID=18007, type=52)
[LBUTTONDOWN] at (465,743) -> window=0x555560eb2a70 ID=18000
[LBUTTONDOWN] GrabItem found control ID=18007 type=37
[LBUTTONUP] at (466,744) -> window=0x555560eb2a70 Grab_.Control_=0x555560ec7770
[LBUTTONUP] Grab_.Control_ found: ID=18007 type=37
[LBUTTONUP] Calling Process(ID=18007, type=52)
[LBUTTONUP] at (466,744) -> window=0x555560eb2a70 Grab_.Control_=(nil)
[LBUTTONUP] NO Grab_.Control_ - deactivating
[LBUTTONUP] at (467,744) -> window=0x555560eb2a70 Grab_.Control_=(nil)
[LBUTTONUP] NO Grab_.Control_ - deactivating
[LBUTTONDOWN] at (468,758) -> window=0x555560eb2a70 ID=18000
[LBUTTONDOWN] GrabItem found control ID=18007 type=37
[LBUTTONUP] at (468,758) -> window=0x555560eb2a70 Grab_.Control_=0x555560ec7770
[LBUTTONUP] Grab_.Control_ found: ID=18007 type=37
[LBUTTONUP] Calling Process(ID=18007, type=52)
[LBUTTONUP] at (468,758) -> window=0x555560eb2a70 Grab_.Control_=(nil)
[LBUTTONUP] NO Grab_.Control_ - deactivating
[LBUTTONUP] at (468,758) -> window=0x555560eb2a70 Grab_.Control_=(nil)
[LBUTTONUP] NO Grab_.Control_ - deactivating
[LBUTTONUP] at (468,758) -> window=0x555560eb2a70 Grab_.Control_=(nil)
[LBUTTONUP] NO Grab_.Control_ - deactivating
[LBUTTONDOWN] at (67,747) -> window=0x555560eb2a70 ID=18000
[LBUTTONDOWN] GrabItem found control ID=80001 type=25
[LBUTTONUP] at (67,747) -> window=0x555560eb2a70 Grab_.Control_=0x555560ec6020
[LBUTTONUP] Grab_.Control_ found: ID=80001 type=25
[LBUTTONUP] Calling Process(ID=80001, type=52)
[LBUTTONDOWN] at (768,756) -> window=0x5555610e7500 ID=6013
[LBUTTONDOWN] GrabItem found control ID=6121 type=25
[LBUTTONUP] at (768,756) -> window=0x5555610e7500 Grab_.Control_=0x5555610e5630
[LBUTTONUP] Grab_.Control_ found: ID=6121 type=25
[LBUTTONUP] Calling Process(ID=6121, type=52)
[LBUTTONDOWN] at (47,742) -> window=0x55556077a7c0 ID=15000
[LBUTTONDOWN] GrabItem found control ID=80001 type=25
[LBUTTONUP] at (48,742) -> window=0x55556077a7c0 Grab_.Control_=0x55556077de60
[LBUTTONUP] Grab_.Control_ found: ID=80001 type=25
[LBUTTONUP] Calling Process(ID=80001, type=52)
[LBUTTONDOWN] at (958,744) -> window=0x5555610e7500 ID=6013
[LBUTTONDOWN] GrabItem found control ID=2000000 type=25
[LBUTTONUP] at (960,744) -> window=0x5555610e7500 Grab_.Control_=0x5555610ea940
[LBUTTONUP] Grab_.Control_ found: ID=2000000 type=25
[LBUTTONUP] Calling Process(ID=2000000, type=52)
[LBUTTONDOWN] at (297,557) -> window=0x555560ecf060 ID=6015
[LBUTTONDOWN] GrabItem found control ID=6017 type=27
[LBUTTONUP] at (297,557) -> window=0x555560ecf060 Grab_.Control_=0x555560ed3030
[LBUTTONUP] Grab_.Control_ found: ID=6017 type=27
[LBUTTONUP] Calling Process(ID=6017, type=52)
[FM] FM_AUTOSAVE_CAMPAIGN received
Assertion at 2053  /home/admin/freefalcon-central/src/campaign/camptask/mission.cpp  Sep 16 2026
[Failed:  d] Assertion at 2053  /home/admin/freefalcon-central/src/campaign/camptask/mission.cpp  Sep 16 2026
[FM] FM_START_CAMPAIGN received
[EndUI] ENTRY
[EndUI] Calling TheCampaign.Suspend()...
[HandleCampaignThread] Got CAMP_SUSPEND_REQUEST, setting CAMP_SUSPENDED
[StartLoop] Event received! Proceeding.
[GL] FF_SimThreadAcquireGL() ENTER
[EndUI] Suspend() returned, calling UI_Cleanup()...
[UI_Cleanup] ENTRY
[UI_Cleanup] SetCursor done, cleaning UI_VuThread...
[UI_Cleanup] UI_VuThread done, cleaning gCommsMgr callbacks...
[UI_Cleanup] gCommsMgr callbacks done, sleeping 10ms...
[UI_Cleanup] Sleep done, cleaning gMapMgr...
[UI_Cleanup] gMapMgr done, cleaning gMainHandler...
[Thread 0x7fffa387e6c0 (LWP 8679) exited]
[GL] Sim thread acquired GL context, g_simOwnsGLContext=true
[StartLoop] GL context acquired
[OTWDriver.Enter] this=0x5555562f4c20, &OTWDriver=0x5555562f4c20
[New Thread 0x7fffa387e6c0 (LWP 8714)]
[OTWDriver.Enter] Calling FalconDisplay.EnterMode(Sim)...
  [DisplayDevice::Setup] Starting 1024x768x32, fullscreen=0
  [DisplayDevice::Setup] Calling CreateContext...
  [CreateContext] driverNum=0, devNum=0, resNum=19
  [CreateContext] GetDriver returned pDDI=0x555557459210
  [CreateContext] D3D devices count: 1
  [CreateContext] Display modes count: 46
  [CreateContext] GetDevice returned pD3DDI=0x555557457460
  [CreateContext] GetDisplayMode returned pddsd=0x55555745ba18
  [DXContext::Init] Starting with hWnd=0x555556498380, 1024x768@32, fullscreen=0
  [DXContext::Init] Checking thread ID...
  [DXContext::Init] Thread ID check passed
  [DXContext::Init] Calling DirectDrawCreateEx...
  [DXContext::Init] DirectDrawCreateEx returned m_pDD=0x55555afa3c40
  [DXContext::Init] Calling GetCaps... m_pcapsDD=0x55555b7fbbe0
  [DXContext::Init] GetCaps done
  [DXContext::Init] Calling GetDeviceIdentifier... m_pDevID=0x7fffa41aafd0
  [DXContext::Init] GetDeviceIdentifier done
  [DXContext::Init] DXContext::Init - DriverInfo - "OpenGL" - "FreeFalcon OpenGL Renderer", Vendor: 4318, Device: 4660, SubSys: 0, Rev: 0, Product: 0, Version: 0, SubVersion: 0, Build: 0
  [DXContext::Init] Calling SetCooperativeLevel with flags=0x1408...
  [DXContext::Init] SetCooperativeLevel done
  [DXContext::Init] Complete!
  [DisplayDevice::Setup] CreateContext returned m_DXCtx=0x555557d91bc0
  [DisplayDevice::Setup] Context created, setting up window...
  [DisplayDevice::Setup] Calling ShowWindow...
  [DisplayDevice::Setup] ShowWindow done
  [DisplayDevice::Setup] Setting up windowed image, IsHardware=1...
  [DisplayDevice::Setup] image.Setup done
  [DisplayDevice::Setup] Calling SetRenderTarget, targetSurface=0x55555b514310...
[SetRenderTarget] Linux: Creating D3D7 interface directly
[SetRenderTarget] Linux: m_pD3D=0x7fffa41a8aa0
[AttachDepthBuffer] Linux: Skipping - OpenGL manages depth buffers
[SetRenderTarget] Linux: Creating D3D device directly, pRenderTarget=0x55555b514310
[SetRenderTarget] Linux: m_pD3DD=0x7fffa44cc0a0
  [DisplayDevice::Setup] SetRenderTarget done
  [DisplayDevice::Setup] Calling movieInit...
  [DisplayDevice::Setup] Complete!
[OTWDriver.Enter] EnterMode done
[OTWDriver.Enter] OTWImage=0x555555d8b678, targetSurface=0x55555b514310
Assertion at 366  /home/admin/freefalcon-central/src/graphics/texture/terrtex.cpp  Sep 16 2026
[Failed:  LoadedSetCount == 0] Assertion at 366  /home/admin/freefalcon-central/src/graphics/texture/terrtex.cpp  Sep 16 2026
Assertion at 110  /home/admin/freefalcon-central/src/graphics/bsplib/palbank.cpp  Sep 16 2026
[Failed:  cnt == 0] Assertion at 110  /home/admin/freefalcon-central/src/graphics/bsplib/palbank.cpp  Sep 16 2026
[Texture::CleanupForDevice] Setting rc=NULL (was 0x555557d91bc0)
[Texture::SetupForDevice] rc=0x555557d91bc0 path=/home/admin/sgl/SAT/freeFalcon/WP/drive_c/FreeFalcon6/terrdata/misctex/
[FarTexDB] DDS file: /home/admin/sgl/SAT/freeFalcon/WP/drive_c/FreeFalcon6/terrdata/korea/texture/fartiles.dds, headerSize=124, bytesRead=124
[FarTexDB] DDS header: flags=0x81007, width=32, height=32, linearSize=512, mipMapCount=0
[FarTexDB] DDS pixfmt: flags=0x0, fourCC=0x31545844, rgbBitCount=4
[FarTexDB] linearSize=512, texCount=96664, fartexDDSFile.IsReady=1
[PalLight] light=(0.750 0.829 0.849) gametime=33060000 pal=0x7fffa5cad640
[OTWDriver.Enter] Creating viewPoint...
[OTWDriver.Enter] viewPoint created: 0x7fffa622ff60
[OTWDriver.Enter] viewPoint->Setup done
[OTWDriver.Enter] Creating renderer, OTWImage=0x555555d8b678, targetSurface=0x55555b514310
[OTWDriver.Enter] Calling renderer->Setup...
[OTW.Setup] LastNearTexLOD=2 LastFarTexLOD=4 NumLevels=6
[OTWDriver.Enter] renderer->Setup done
[OTWDriver.Enter] VbManager.Setup...
[OTWDriver.Enter] VbManager.Setup done
[OTWDriver.Enter] SetupSplashScreen...
[Thread 0x7fffa17946c0 (LWP 8680) exited]
[UI_Cleanup] gMainHandler done, cleaning gUIViewer...
[UI_Cleanup] gUIViewer done, checking CleanViewpoint (mode=5)...
[UI_Cleanup] Skipping CleanViewpoint() - in Sim mode
[UI_Cleanup] Skipping DeviceDependentGraphicsCleanup() - in Sim mode
[UI_Cleanup] sound/music done, cleaning popup/image/anim managers...
[EndUI] UI_Cleanup() returned, calling Resume()...
[EndUI] Resume() returned, calling SetFocus()...
[EndUI] EXIT
[OTWDriver.Enter] SplashScreenUpdate...
[OTWDriver.Enter] RegisterTimeUpdateCB...
[OTWDriver.Enter] VCock_Init...
[SetupRttTarget] Created: 512x512 bpp=32 renderTexture=0x7fff9036d5f0 m_pDDS=0x7fff9036d660
[OTWDriver.Enter] VCock_Init done
[OTWDriver.Enter] Button3D_Init...
[OTWDriver.Enter] Button3D_Init done
[OTWDriver.Enter] Initializing view state...
[OTWDriver.Enter] View state initialized
[OTWDriver.Enter] FindCockpit ckpit_res.dat...
[OTWDriver.Enter] Creating CockpitManager (resX=0, resY=0, DispWidth=1024, DispHeight=768, FindBest=1024)...
[OTWDriver.Enter] CockpitManager created=0x7fff90a649f0 PadlockCPManager=0x7fff78312f80, creating MenuManager...
[OTWDriver.Enter] MFD CreateDrawables...
[OTWDriver.Enter] CreateCockpitGeometry...
[OTWDriver.Enter] CreateCockpitGeometry done
[OTWDriver.Enter] F4SoundFXInit...
[OTWDriver.Enter] F4SoundFXInit done
[OTWDriver.Enter] SetupDIMouseAndKeyboard...
[CreateSimCursors] Trying to open: /home/admin/sgl/SAT/freeFalcon/WP/drive_c/FreeFalcon6/art/ckptart/6_cursor.dat
[CreateSimCursors] Loaded 12 cursors from /home/admin/sgl/SAT/freeFalcon/WP/drive_c/FreeFalcon6/art/ckptart/6_turn.gif
[OTWDriver.Enter] SetupDIMouseAndKeyboard done
[OTWDriver.Enter] SetActive(TRUE)...
[OTWDriver.Enter] Complete!
[AircraftClass::Init] ENTER
[AircraftClass::Init] SimVehicleClass::Init done
[AircraftClass::Init] classPtr=0x555557be6af1, initData=0x7fffc4d83a60
[AircraftClass::Init] Checking SType/SPType...
[AircraftClass::Init] Creating AirframeClass...
[AircraftClass::Init] AirframeClass created: 0x7fffb00083a0
[AircraftClass::Init] SetFlag done, mFaults=(nil)
[AircraftClass::Init] FackClass created, isDigital=1
[AircraftClass::Init] Checking RunningInstantAction...
[AircraftClass::Init] RunningInstantAction check done
[AircraftClass::Init] Initial pos set: x=1178943.6 y=1457555.3 z=-5.0
[AircraftClass::Init] Waypoints: numWaypoints=8 waypoint=0x7fffb00022f0
[AircraftClass::Init] Waypoint loop done
[AircraftClass::Init] st=33060000 SimLibElapsedTime=33060000
[AircraftClass::Init] SetStartTime done, currentWaypoint=0
[AircraftClass::Init] Waypoint index loop done, curWaypoint=0x7fffb00022f0
[AircraftClass::Init] Inside curWaypoint check, getting WPAction...
[AircraftClass::Init] Getting UnitAirbase from campBase=0x7fffa80a37b0
[AircraftClass::Init] UnitAirbase ent=0x55556142dc50
[AircraftClass::Init] WPAction=1 (WP_TAKEOFF=1) allowGroundInit=1
[AircraftClass::Init] Calling OnGroundInit...
[AircraftClass::Init] OnGroundInit done
[AircraftClass::Init] After waypoint if block, initialMach=0.000
[AircraftClass::Init] Mach clamped, afIdx lookup from vehicleDataIndex=16
[AircraftClass::Init] afIdx=156 NumACDefEntries=266
[AircraftClass::Init] Calling af->InitData(156)...
[AircraftClass::Init] af->InitData done
[AircraftClass::Init] Checking auxaeroData=0x55555cce3d70
[AircraftClass::Init] F16 flag check done
[AircraftClass::Init] Engine flag check done, creating SMS...
[AircraftClass::Init] SMS created: 0x7fffb0008dc0
[AircraftClass::Init] Creating FCC, NumHardpoints=10
[AircraftClass::Init] FCC created: 0x7fffb000fdf0
[AircraftClass::Init] FCC->SetSms done
[AircraftClass::Init] Getting gun from hardPoint[0]=0x7fffb0008f60
[AircraftClass::Init] Guns=0x7fffb0009050
[AircraftClass::Init] Gun TrailID set
[AircraftClass::Init] Checking ground level...
[AircraftClass::Init] Ground level check done
[AircraftClass::Init] Calling af->Init(156)...
[AircraftClass::Init] af->Init done
[AircraftClass::Init] Checking hasSwingWing...
[AircraftClass::Init] hasSwingWing check done
[AircraftClass::Init] Checking isComplex=1
[AircraftClass::Init] Calling MakeComplex()...
[AircraftClass::Init] MakeComplex done
[AircraftClass::Init] isComplex check done
[AircraftClass::Init] Calling SetSwitch(COMP_CANOPY)...
[AircraftClass::Init] SetSwitch done
[AircraftClass::Init] Checking ACMI recording...
[AircraftClass::Init] ACMI check done
[AircraftClass::Init] Checking IsComplex for laser/harm pods...
[AircraftClass::Init] IsComplex check done
[AircraftClass::Init] Checking Guns=0x7fffb0009050
[AircraftClass::Init] Guns check done
[AircraftClass::Init] Starting sensor setup...
[AircraftClass::Init] Sensor setup done, numSensors=3
[AircraftClass::Init] Creating brain, GetCampaignObject=0x7fffa80a37b0
[AircraftClass::Init] Creating DigitalBrain...
[AircraftClass::Init] DigitalBrain created: 0x7fffb00122d0
[AircraftClass::Init] Brain created, calling DBrain()->SetTaxiPoint...
[AircraftClass::Init] Creating PilotInputs...
[AircraftClass::Init] PilotInputs created: 0x7fffb0010670
[AircraftClass::Init] Checking PreFlight...
[AircraftClass::Init] End of initData block
[AircraftClass::Init] EXIT - Init complete
[AircraftClass::Init] ENTER
[AircraftClass::Init] SimVehicleClass::Init done
[AircraftClass::Init] classPtr=0x555557be6af1, initData=0x7fffc4d83a60
[AircraftClass::Init] Checking SType/SPType...
[AircraftClass::Init] Creating AirframeClass...
[AircraftClass::Init] AirframeClass created: 0x7fffb00140e0
[AircraftClass::Init] SetFlag done, mFaults=(nil)
[AircraftClass::Init] FackClass created, isDigital=1
[AircraftClass::Init] Checking RunningInstantAction...
[AircraftClass::Init] RunningInstantAction check done
[AircraftClass::Init] Initial pos set: x=1178800.1 y=1457467.7 z=-5.0
[AircraftClass::Init] Waypoints: numWaypoints=8 waypoint=0x7fffb0012cb0
[AircraftClass::Init] Waypoint loop done
[AircraftClass::Init] st=33060000 SimLibElapsedTime=33060000
[AircraftClass::Init] SetStartTime done, currentWaypoint=0
[AircraftClass::Init] Waypoint index loop done, curWaypoint=0x7fffb0012cb0
[AircraftClass::Init] Inside curWaypoint check, getting WPAction...
[AircraftClass::Init] Getting UnitAirbase from campBase=0x7fffa80a37b0
[AircraftClass::Init] UnitAirbase ent=0x55556142dc50
[AircraftClass::Init] WPAction=1 (WP_TAKEOFF=1) allowGroundInit=1
[AircraftClass::Init] Calling OnGroundInit...
[AircraftClass::Init] OnGroundInit done
[AircraftClass::Init] After waypoint if block, initialMach=0.000
[AircraftClass::Init] Mach clamped, afIdx lookup from vehicleDataIndex=16
[AircraftClass::Init] afIdx=156 NumACDefEntries=266
[AircraftClass::Init] Calling af->InitData(156)...
[AircraftClass::Init] af->InitData done
[AircraftClass::Init] Checking auxaeroData=0x55555cce3d70
[AircraftClass::Init] F16 flag check done
[AircraftClass::Init] Engine flag check done, creating SMS...
[AircraftClass::Init] SMS created: 0x7fffb0014b00
[AircraftClass::Init] Creating FCC, NumHardpoints=10
[AircraftClass::Init] FCC created: 0x7fffb001ba10
[AircraftClass::Init] FCC->SetSms done
[AircraftClass::Init] Getting gun from hardPoint[0]=0x7fffb0014ca0
[AircraftClass::Init] Guns=0x7fffb0014d90
[AircraftClass::Init] Gun TrailID set
[AircraftClass::Init] Checking ground level...
[AircraftClass::Init] Ground level check done
[AircraftClass::Init] Calling af->Init(156)...
[AircraftClass::Init] af->Init done
[AircraftClass::Init] Checking hasSwingWing...
[AircraftClass::Init] hasSwingWing check done
[AircraftClass::Init] Checking isComplex=1
[AircraftClass::Init] Calling MakeComplex()...
[AircraftClass::Init] MakeComplex done
[AircraftClass::Init] isComplex check done
[AircraftClass::Init] Calling SetSwitch(COMP_CANOPY)...
[AircraftClass::Init] SetSwitch done
[AircraftClass::Init] Checking ACMI recording...
[AircraftClass::Init] ACMI check done
[AircraftClass::Init] Checking IsComplex for laser/harm pods...
[AircraftClass::Init] IsComplex check done
[AircraftClass::Init] Checking Guns=0x7fffb0014d90
[AircraftClass::Init] Guns check done
[AircraftClass::Init] Starting sensor setup...
[AircraftClass::Init] Sensor setup done, numSensors=3
[AircraftClass::Init] Creating brain, GetCampaignObject=0x7fffa80a37b0
[AircraftClass::Init] Creating DigitalBrain...
[AircraftClass::Init] DigitalBrain created: 0x7fffb001def0
[AircraftClass::Init] Brain created, calling DBrain()->SetTaxiPoint...
[AircraftClass::Init] Creating PilotInputs...
[AircraftClass::Init] PilotInputs created: 0x7fffb001c290
[AircraftClass::Init] Checking PreFlight...
[AircraftClass::Init] End of initData block
[AircraftClass::Init] EXIT - Init complete
[StartLoop] Starting deagg wait: flight=0x7fffa80a37b0 IsAggregate=0 IsDead=0
[StartLoop] Deagg wait done: flight=0x7fffa80a37b0 IsAggregate=0 IsDead=0 delayCounter=120
[StartLoop] Waiting for SimDriver.GetPlayerEntity()...
[StartLoop] SimDriver.GetPlayerEntity()=0x7fffb0007210, calling SplashScreenUpdate(2)
[StartLoop] Waiting for gLeftToDeaggregate=-1, player=0x7fffb0007210, IsLocal=1
[StartLoop] gLeftToDeaggregate wait done: gLeft=-1 counter=100
[RenderFirstFrame] Enter, vuxGameTime=33060000, todOffset=0.0
[RenderFirstFrame] Setting TimeManager to 33060000 ms = 09:11
[RenderFirstFrame] TimeManager refreshed, TOD ambient=0.2134 diffuse=0.7401
[RenderFirstFrame] Weather refreshed
[RenderFirstFrame] Calling Reset3DParameters()...
[RenderFirstFrame] Reset3DParameters() done
[RenderFirstFrame] Cockpit defaults loaded, calling PreLoadScene...
Assertion at 356  /home/admin/freefalcon-central/src/graphics/bsplib/texbank.cpp  Sep 16 2026
[Failed:  IsValidIndex(id)] Assertion at 356  /home/admin/freefalcon-central/src/graphics/bsplib/texbank.cpp  Sep 16 2026
[AircraftClass::Init] ENTER
[AircraftClass::Init] SimVehicleClass::Init done
[AircraftClass::Init] classPtr=0x555557c28ec9, initData=0x7fffc4d83a60
[AircraftClass::Init] Checking SType/SPType...
[AircraftClass::Init] Creating AirframeClass...
[AircraftClass::Init] AirframeClass created: 0x7fffb018f340
[AircraftClass::Init] SetFlag done, mFaults=(nil)
[AircraftClass::Init] FackClass created, isDigital=1
[AircraftClass::Init] Checking RunningInstantAction...
[AircraftClass::Init] RunningInstantAction check done
[AircraftClass::Init] Initial pos set: x=1039334.5 y=1267717.8 z=-5.0
[AircraftClass::Init] Waypoints: numWaypoints=7 waypoint=0x7fffb0116ab0
[AircraftClass::Init] Waypoint loop done
[AircraftClass::Init] st=33300000 SimLibElapsedTime=33060000
[AircraftClass::Init] SetStartTime done, currentWaypoint=0
[AircraftClass::Init] Waypoint index loop done, curWaypoint=0x7fffb0116ab0
[AircraftClass::Init] Inside curWaypoint check, getting WPAction...
[AircraftClass::Init] Getting UnitAirbase from campBase=0x7fffa80f5b00
[AircraftClass::Init] UnitAirbase ent=0x5555614956f0
[AircraftClass::Init] WPAction=1 (WP_TAKEOFF=1) allowGroundInit=1
[AircraftClass::Init] Calling OnGroundInit...
[AircraftClass::Init] OnGroundInit done
[AircraftClass::Init] After waypoint if block, initialMach=0.000
[AircraftClass::Init] Mach clamped, afIdx lookup from vehicleDataIndex=129
[AircraftClass::Init] afIdx=71 NumACDefEntries=266
[AircraftClass::Init] Calling af->InitData(71)...
[AircraftClass::Init] af->InitData done
[AircraftClass::Init] Checking auxaeroData=0x55555c7bf6f0
[AircraftClass::Init] F16 flag check done
[AircraftClass::Init] Engine flag check done, creating SMS...
[AircraftClass::Init] SMS created: 0x7fffb018fd60
[AircraftClass::Init] Creating FCC, NumHardpoints=10
[AircraftClass::Init] FCC created: 0x7fffb0194240
[AircraftClass::Init] FCC->SetSms done
[AircraftClass::Init] Getting gun from hardPoint[0]=0x7fffb018ff00
[AircraftClass::Init] Guns=0x7fffb018fff0
[AircraftClass::Init] Gun TrailID set
[AircraftClass::Init] Checking ground level...
[AircraftClass::Init] Ground level check done
[AircraftClass::Init] Calling af->Init(71)...
[AircraftClass::Init] af->Init done
[AircraftClass::Init] Checking hasSwingWing...
[AircraftClass::Init] hasSwingWing check done
[AircraftClass::Init] Checking isComplex=1
[AircraftClass::Init] Calling MakeComplex()...
[AircraftClass::Init] MakeComplex done
[AircraftClass::Init] isComplex check done
[AircraftClass::Init] Calling SetSwitch(COMP_CANOPY)...
[AircraftClass::Init] SetSwitch done
[AircraftClass::Init] Checking ACMI recording...
[AircraftClass::Init] ACMI check done
[AircraftClass::Init] Checking IsComplex for laser/harm pods...
[AircraftClass::Init] IsComplex check done
[AircraftClass::Init] Checking Guns=0x7fffb018fff0
[AircraftClass::Init] Guns check done
[AircraftClass::Init] Starting sensor setup...
[AircraftClass::Init] Sensor setup done, numSensors=4
[AircraftClass::Init] Creating brain, GetCampaignObject=0x7fffa80f5b00
[AircraftClass::Init] Creating DigitalBrain...
[AircraftClass::Init] DigitalBrain created: 0x7fffb0196850
[AircraftClass::Init] Brain created, calling DBrain()->SetTaxiPoint...
[AircraftClass::Init] Creating PilotInputs...
[AircraftClass::Init] PilotInputs created: 0x7fffb0194c50
[AircraftClass::Init] Checking PreFlight...
[AircraftClass::Init] End of initData block
[AircraftClass::Init] EXIT - Init complete
[AircraftClass::Init] ENTER
[AircraftClass::Init] SimVehicleClass::Init done
[AircraftClass::Init] classPtr=0x555557c28ec9, initData=0x7fffc4d83a60
[AircraftClass::Init] Checking SType/SPType...
[AircraftClass::Init] Creating AirframeClass...
[AircraftClass::Init] AirframeClass created: 0x7fffb01986f0
[AircraftClass::Init] SetFlag done, mFaults=(nil)
[AircraftClass::Init] FackClass created, isDigital=1
[AircraftClass::Init] Checking RunningInstantAction...
[AircraftClass::Init] RunningInstantAction check done
[AircraftClass::Init] Initial pos set: x=1039440.3 y=1267951.1 z=-5.0
[AircraftClass::Init] Waypoints: numWaypoints=7 waypoint=0x7fffb0197320
[AircraftClass::Init] Waypoint loop done
[AircraftClass::Init] st=33300000 SimLibElapsedTime=33060000
[AircraftClass::Init] SetStartTime done, currentWaypoint=0
[AircraftClass::Init] Waypoint index loop done, curWaypoint=0x7fffb0197320
[AircraftClass::Init] Inside curWaypoint check, getting WPAction...
[AircraftClass::Init] Getting UnitAirbase from campBase=0x7fffa80f5b00
[AircraftClass::Init] UnitAirbase ent=0x5555614956f0
[AircraftClass::Init] WPAction=1 (WP_TAKEOFF=1) allowGroundInit=1
[AircraftClass::Init] Calling OnGroundInit...
[AircraftClass::Init] OnGroundInit done
[AircraftClass::Init] After waypoint if block, initialMach=0.000
[AircraftClass::Init] Mach clamped, afIdx lookup from vehicleDataIndex=129
[AircraftClass::Init] afIdx=71 NumACDefEntries=266
[AircraftClass::Init] Calling af->InitData(71)...
[AircraftClass::Init] af->InitData done
[AircraftClass::Init] Checking auxaeroData=0x55555c7bf6f0
[AircraftClass::Init] F16 flag check done
[AircraftClass::Init] Engine flag check done, creating SMS...
[AircraftClass::Init] SMS created: 0x7fffb0199110
[AircraftClass::Init] Creating FCC, NumHardpoints=10
[AircraftClass::Init] FCC created: 0x7fffb019d5d0
[AircraftClass::Init] FCC->SetSms done
[AircraftClass::Init] Getting gun from hardPoint[0]=0x7fffb01992b0
[AircraftClass::Init] Guns=0x7fffb01993a0
[AircraftClass::Init] Gun TrailID set
[AircraftClass::Init] Checking ground level...
[AircraftClass::Init] Ground level check done
[AircraftClass::Init] Calling af->Init(71)...
[AircraftClass::Init] af->Init done
[AircraftClass::Init] Checking hasSwingWing...
[AircraftClass::Init] hasSwingWing check done
[AircraftClass::Init] Checking isComplex=1
[AircraftClass::Init] Calling MakeComplex()...
[AircraftClass::Init] MakeComplex done
[AircraftClass::Init] isComplex check done
[AircraftClass::Init] Calling SetSwitch(COMP_CANOPY)...
[AircraftClass::Init] SetSwitch done
[AircraftClass::Init] Checking ACMI recording...
[AircraftClass::Init] ACMI check done
[AircraftClass::Init] Checking IsComplex for laser/harm pods...
[AircraftClass::Init] IsComplex check done
[AircraftClass::Init] Checking Guns=0x7fffb01993a0
[AircraftClass::Init] Guns check done
[AircraftClass::Init] Starting sensor setup...
[AircraftClass::Init] Sensor setup done, numSensors=4
[AircraftClass::Init] Creating brain, GetCampaignObject=0x7fffa80f5b00
[AircraftClass::Init] Creating DigitalBrain...
[AircraftClass::Init] DigitalBrain created: 0x7fffb019fba0
[AircraftClass::Init] Brain created, calling DBrain()->SetTaxiPoint...
[AircraftClass::Init] Creating PilotInputs...
[AircraftClass::Init] PilotInputs created: 0x7fffb019dfa0
[AircraftClass::Init] Checking PreFlight...
[AircraftClass::Init] End of initData block
[AircraftClass::Init] EXIT - Init complete
[AircraftClass::Init] ENTER
[AircraftClass::Init] SimVehicleClass::Init done
[AircraftClass::Init] classPtr=0x555557c28ec9, initData=0x7fffc4d83a60
[AircraftClass::Init] Checking SType/SPType...
[AircraftClass::Init] Creating AirframeClass...
[AircraftClass::Init] AirframeClass created: 0x7fffb01a5f30
[AircraftClass::Init] SetFlag done, mFaults=(nil)
[AircraftClass::Init] FackClass created, isDigital=1
[AircraftClass::Init] Checking RunningInstantAction...
[AircraftClass::Init] RunningInstantAction check done
[AircraftClass::Init] Initial pos set: x=1039852.9 y=1267905.6 z=-5.0
[AircraftClass::Init] Waypoints: numWaypoints=7 waypoint=0x7fffb01a4b50
[AircraftClass::Init] Waypoint loop done
[AircraftClass::Init] st=33360000 SimLibElapsedTime=33060000
[AircraftClass::Init] SetStartTime done, currentWaypoint=0
[AircraftClass::Init] Waypoint index loop done, curWaypoint=0x7fffb01a4b50
[AircraftClass::Init] Inside curWaypoint check, getting WPAction...
[AircraftClass::Init] Getting UnitAirbase from campBase=0x7fffa80f62d0
[AircraftClass::Init] UnitAirbase ent=0x5555614956f0
[AircraftClass::Init] WPAction=1 (WP_TAKEOFF=1) allowGroundInit=1
[AircraftClass::Init] Calling OnGroundInit...
[AircraftClass::Init] OnGroundInit done
[AircraftClass::Init] After waypoint if block, initialMach=0.000
[AircraftClass::Init] Mach clamped, afIdx lookup from vehicleDataIndex=129
[AircraftClass::Init] afIdx=71 NumACDefEntries=266
[AircraftClass::Init] Calling af->InitData(71)...
[AircraftClass::Init] af->InitData done
[AircraftClass::Init] Checking auxaeroData=0x55555c7bf6f0
[AircraftClass::Init] F16 flag check done
[AircraftClass::Init] Engine flag check done, creating SMS...
[AircraftClass::Init] SMS created: 0x7fffb01a6950
[AircraftClass::Init] Creating FCC, NumHardpoints=10
[AircraftClass::Init] FCC created: 0x7fffb01aa250
[AircraftClass::Init] FCC->SetSms done
[AircraftClass::Init] Getting gun from hardPoint[0]=0x7fffb01a6af0
[AircraftClass::Init] Guns=0x7fffb01a6be0
[AircraftClass::Init] Gun TrailID set
[AircraftClass::Init] Checking ground level...
[AircraftClass::Init] Ground level check done
[AircraftClass::Init] Calling af->Init(71)...
[AircraftClass::Init] af->Init done
[AircraftClass::Init] Checking hasSwingWing...
[AircraftClass::Init] hasSwingWing check done
[AircraftClass::Init] Checking isComplex=1
[AircraftClass::Init] Calling MakeComplex()...
[AircraftClass::Init] MakeComplex done
[AircraftClass::Init] isComplex check done
[AircraftClass::Init] Calling SetSwitch(COMP_CANOPY)...
[AircraftClass::Init] SetSwitch done
[AircraftClass::Init] Checking ACMI recording...
[AircraftClass::Init] ACMI check done
[AircraftClass::Init] Checking IsComplex for laser/harm pods...
[AircraftClass::Init] IsComplex check done
[AircraftClass::Init] Checking Guns=0x7fffb01a6be0
[AircraftClass::Init] Guns check done
[AircraftClass::Init] Starting sensor setup...
[AircraftClass::Init] Sensor setup done, numSensors=3
[AircraftClass::Init] Creating brain, GetCampaignObject=0x7fffa80f62d0
[AircraftClass::Init] Creating DigitalBrain...
[AircraftClass::Init] DigitalBrain created: 0x7fffb01ac860
[AircraftClass::Init] Brain created, calling DBrain()->SetTaxiPoint...
[AircraftClass::Init] Creating PilotInputs...
[AircraftClass::Init] PilotInputs created: 0x7fffb01aab10
[AircraftClass::Init] Checking PreFlight...
[AircraftClass::Init] End of initData block
[AircraftClass::Init] EXIT - Init complete
[AircraftClass::Init] ENTER
[AircraftClass::Init] SimVehicleClass::Init done
[AircraftClass::Init] classPtr=0x555557c28ec9, initData=0x7fffc4d83a60
[AircraftClass::Init] Checking SType/SPType...
[AircraftClass::Init] Creating AirframeClass...
[AircraftClass::Init] AirframeClass created: 0x7fffb01adf10
[AircraftClass::Init] SetFlag done, mFaults=(nil)
[AircraftClass::Init] FackClass created, isDigital=1
[AircraftClass::Init] Checking RunningInstantAction...
[AircraftClass::Init] RunningInstantAction check done
[AircraftClass::Init] Initial pos set: x=1039705.0 y=1268289.3 z=-5.0
[AircraftClass::Init] Waypoints: numWaypoints=7 waypoint=0x7fffb01aab80
[AircraftClass::Init] Waypoint loop done
[AircraftClass::Init] st=33360000 SimLibElapsedTime=33060000
[AircraftClass::Init] SetStartTime done, currentWaypoint=0
[AircraftClass::Init] Waypoint index loop done, curWaypoint=0x7fffb01aab80
[AircraftClass::Init] Inside curWaypoint check, getting WPAction...
[AircraftClass::Init] Getting UnitAirbase from campBase=0x7fffa80f62d0
[AircraftClass::Init] UnitAirbase ent=0x5555614956f0
[AircraftClass::Init] WPAction=1 (WP_TAKEOFF=1) allowGroundInit=1
[AircraftClass::Init] Calling OnGroundInit...
[AircraftClass::Init] OnGroundInit done
[AircraftClass::Init] After waypoint if block, initialMach=0.000
[AircraftClass::Init] Mach clamped, afIdx lookup from vehicleDataIndex=129
[AircraftClass::Init] afIdx=71 NumACDefEntries=266
[AircraftClass::Init] Calling af->InitData(71)...
[AircraftClass::Init] af->InitData done
[AircraftClass::Init] Checking auxaeroData=0x55555c7bf6f0
[AircraftClass::Init] F16 flag check done
[AircraftClass::Init] Engine flag check done, creating SMS...
[AircraftClass::Init] SMS created: 0x7fffb01ae930
[AircraftClass::Init] Creating FCC, NumHardpoints=10
[AircraftClass::Init] FCC created: 0x7fffb01b2110
[AircraftClass::Init] FCC->SetSms done
[AircraftClass::Init] Getting gun from hardPoint[0]=0x7fffb01aead0
[AircraftClass::Init] Guns=0x7fffb01aebc0
[AircraftClass::Init] Gun TrailID set
[AircraftClass::Init] Checking ground level...
[AircraftClass::Init] Ground level check done
[AircraftClass::Init] Calling af->Init(71)...
[AircraftClass::Init] af->Init done
[AircraftClass::Init] Checking hasSwingWing...
[AircraftClass::Init] hasSwingWing check done
[AircraftClass::Init] Checking isComplex=1
[AircraftClass::Init] Calling MakeComplex()...
[AircraftClass::Init] MakeComplex done
[AircraftClass::Init] isComplex check done
[AircraftClass::Init] Calling SetSwitch(COMP_CANOPY)...
[AircraftClass::Init] SetSwitch done
[AircraftClass::Init] Checking ACMI recording...
[AircraftClass::Init] ACMI check done
[AircraftClass::Init] Checking IsComplex for laser/harm pods...
[AircraftClass::Init] IsComplex check done
[AircraftClass::Init] Checking Guns=0x7fffb01aebc0
[AircraftClass::Init] Guns check done
[AircraftClass::Init] Starting sensor setup...
[AircraftClass::Init] Sensor setup done, numSensors=3
[AircraftClass::Init] Creating brain, GetCampaignObject=0x7fffa80f62d0
[AircraftClass::Init] Creating DigitalBrain...
[AircraftClass::Init] DigitalBrain created: 0x7fffb01b46e0
[AircraftClass::Init] Brain created, calling DBrain()->SetTaxiPoint...
[AircraftClass::Init] Creating PilotInputs...
[AircraftClass::Init] PilotInputs created: 0x7fffb01b2990
[AircraftClass::Init] Checking PreFlight...
[AircraftClass::Init] End of initData block
[AircraftClass::Init] EXIT - Init complete
[AircraftClass::Init] ENTER
[AircraftClass::Init] SimVehicleClass::Init done
[AircraftClass::Init] classPtr=0x555557c28ec9, initData=0x7fffc4d83a60
[AircraftClass::Init] Checking SType/SPType...
[AircraftClass::Init] Creating AirframeClass...
[AircraftClass::Init] AirframeClass created: 0x7fffb01ba5f0
[AircraftClass::Init] SetFlag done, mFaults=(nil)
[AircraftClass::Init] FackClass created, isDigital=1
[AircraftClass::Init] Checking RunningInstantAction...
[AircraftClass::Init] RunningInstantAction check done
[AircraftClass::Init] Initial pos set: x=1040083.5 y=1268425.7 z=-5.0
[AircraftClass::Init] Waypoints: numWaypoints=8 waypoint=0x7fffb01b8630
[AircraftClass::Init] Waypoint loop done
[AircraftClass::Init] st=33420000 SimLibElapsedTime=33060000
[AircraftClass::Init] SetStartTime done, currentWaypoint=0
[AircraftClass::Init] Waypoint index loop done, curWaypoint=0x7fffb01b8630
[AircraftClass::Init] Inside curWaypoint check, getting WPAction...
[AircraftClass::Init] Getting UnitAirbase from campBase=0x7fffa80f7200
[AircraftClass::Init] UnitAirbase ent=0x5555614956f0
[AircraftClass::Init] WPAction=1 (WP_TAKEOFF=1) allowGroundInit=1
[AircraftClass::Init] Calling OnGroundInit...
[AircraftClass::Init] OnGroundInit done
[AircraftClass::Init] After waypoint if block, initialMach=0.000
[AircraftClass::Init] Mach clamped, afIdx lookup from vehicleDataIndex=129
[AircraftClass::Init] afIdx=71 NumACDefEntries=266
[AircraftClass::Init] Calling af->InitData(71)...
[AircraftClass::Init] af->InitData done
[AircraftClass::Init] Checking auxaeroData=0x55555c7bf6f0
[AircraftClass::Init] F16 flag check done
[AircraftClass::Init] Engine flag check done, creating SMS...
[AircraftClass::Init] SMS created: 0x7fffb01bb010
[AircraftClass::Init] Creating FCC, NumHardpoints=10
[AircraftClass::Init] FCC created: 0x7fffb01bf310
[AircraftClass::Init] FCC->SetSms done
[AircraftClass::Init] Getting gun from hardPoint[0]=0x7fffb01bb1b0
[AircraftClass::Init] Guns=0x7fffb01bb2a0
[AircraftClass::Init] Gun TrailID set
[AircraftClass::Init] Checking ground level...
[AircraftClass::Init] Ground level check done
[AircraftClass::Init] Calling af->Init(71)...
[AircraftClass::Init] af->Init done
[AircraftClass::Init] Checking hasSwingWing...
[AircraftClass::Init] hasSwingWing check done
[AircraftClass::Init] Checking isComplex=1
[AircraftClass::Init] Calling MakeComplex()...
[AircraftClass::Init] MakeComplex done
[AircraftClass::Init] isComplex check done
[AircraftClass::Init] Calling SetSwitch(COMP_CANOPY)...
[AircraftClass::Init] SetSwitch done
[AircraftClass::Init] Checking ACMI recording...
[AircraftClass::Init] ACMI check done
[AircraftClass::Init] Checking IsComplex for laser/harm pods...
[AircraftClass::Init] IsComplex check done
[AircraftClass::Init] Checking Guns=0x7fffb01bb2a0
[AircraftClass::Init] Guns check done
[AircraftClass::Init] Starting sensor setup...
[AircraftClass::Init] Sensor setup done, numSensors=4
[AircraftClass::Init] Creating brain, GetCampaignObject=0x7fffa80f7200
[AircraftClass::Init] Creating DigitalBrain...
[AircraftClass::Init] DigitalBrain created: 0x7fffb01c19c0
[AircraftClass::Init] Brain created, calling DBrain()->SetTaxiPoint...
[AircraftClass::Init] Creating PilotInputs...
[AircraftClass::Init] PilotInputs created: 0x7fffb01bfd20
[AircraftClass::Init] Checking PreFlight...
[AircraftClass::Init] End of initData block
[AircraftClass::Init] EXIT - Init complete
[AircraftClass::Init] ENTER
[AircraftClass::Init] SimVehicleClass::Init done
[AircraftClass::Init] classPtr=0x555557c28ec9, initData=0x7fffc4d83a60
[AircraftClass::Init] Checking SType/SPType...
[AircraftClass::Init] Creating AirframeClass...
[AircraftClass::Init] AirframeClass created: 0x7fffb01c3880
[AircraftClass::Init] SetFlag done, mFaults=(nil)
[AircraftClass::Init] FackClass created, isDigital=1
[AircraftClass::Init] Checking RunningInstantAction...
[AircraftClass::Init] RunningInstantAction check done
[AircraftClass::Init] Initial pos set: x=1040321.0 y=1268271.3 z=-5.0
[AircraftClass::Init] Waypoints: numWaypoints=8 waypoint=0x7fffb01c2420
[AircraftClass::Init] Waypoint loop done
[AircraftClass::Init] st=33420000 SimLibElapsedTime=33060000
[AircraftClass::Init] SetStartTime done, currentWaypoint=0
[AircraftClass::Init] Waypoint index loop done, curWaypoint=0x7fffb01c2420
[AircraftClass::Init] Inside curWaypoint check, getting WPAction...
[AircraftClass::Init] Getting UnitAirbase from campBase=0x7fffa80f7200
[AircraftClass::Init] UnitAirbase ent=0x5555614956f0
[AircraftClass::Init] WPAction=1 (WP_TAKEOFF=1) allowGroundInit=1
[AircraftClass::Init] Calling OnGroundInit...
[AircraftClass::Init] OnGroundInit done
[AircraftClass::Init] After waypoint if block, initialMach=0.000
[AircraftClass::Init] Mach clamped, afIdx lookup from vehicleDataIndex=129
[AircraftClass::Init] afIdx=71 NumACDefEntries=266
[AircraftClass::Init] Calling af->InitData(71)...
[AircraftClass::Init] af->InitData done
[AircraftClass::Init] Checking auxaeroData=0x55555c7bf6f0
[AircraftClass::Init] F16 flag check done
[AircraftClass::Init] Engine flag check done, creating SMS...
[AircraftClass::Init] SMS created: 0x7fffb01c42a0
[AircraftClass::Init] Creating FCC, NumHardpoints=10
[AircraftClass::Init] FCC created: 0x7fffb01c8480
[AircraftClass::Init] FCC->SetSms done
[AircraftClass::Init] Getting gun from hardPoint[0]=0x7fffb01c4440
[AircraftClass::Init] Guns=0x7fffb01c4530
[AircraftClass::Init] Gun TrailID set
[AircraftClass::Init] Checking ground level...
[AircraftClass::Init] Ground level check done
[AircraftClass::Init] Calling af->Init(71)...
[AircraftClass::Init] af->Init done
[AircraftClass::Init] Checking hasSwingWing...
[AircraftClass::Init] hasSwingWing check done
[AircraftClass::Init] Checking isComplex=1
[AircraftClass::Init] Calling MakeComplex()...
[AircraftClass::Init] MakeComplex done
[AircraftClass::Init] isComplex check done
[AircraftClass::Init] Calling SetSwitch(COMP_CANOPY)...
[AircraftClass::Init] SetSwitch done
[AircraftClass::Init] Checking ACMI recording...
[AircraftClass::Init] ACMI check done
[AircraftClass::Init] Checking IsComplex for laser/harm pods...
[AircraftClass::Init] IsComplex check done
[AircraftClass::Init] Checking Guns=0x7fffb01c4530
[AircraftClass::Init] Guns check done
[AircraftClass::Init] Starting sensor setup...
[AircraftClass::Init] Sensor setup done, numSensors=4
[AircraftClass::Init] Creating brain, GetCampaignObject=0x7fffa80f7200
[AircraftClass::Init] Creating DigitalBrain...
[AircraftClass::Init] DigitalBrain created: 0x7fffb01caaf0
[AircraftClass::Init] Brain created, calling DBrain()->SetTaxiPoint...
[AircraftClass::Init] Creating PilotInputs...
[AircraftClass::Init] PilotInputs created: 0x7fffb01c8e50
[AircraftClass::Init] Checking PreFlight...
[AircraftClass::Init] End of initData block
[AircraftClass::Init] EXIT - Init complete
[AircraftClass::Init] ENTER
[AircraftClass::Init] SimVehicleClass::Init done
[AircraftClass::Init] classPtr=0x555557be6cef, initData=0x7fffc4d83a60
[AircraftClass::Init] Checking SType/SPType...
[AircraftClass::Init] Creating AirframeClass...
[AircraftClass::Init] AirframeClass created: 0x7fffb030ca80
[AircraftClass::Init] SetFlag done, mFaults=(nil)
[AircraftClass::Init] FackClass created, isDigital=1
[AircraftClass::Init] Checking RunningInstantAction...
[AircraftClass::Init] RunningInstantAction check done
[AircraftClass::Init] Initial pos set: x=1398911.2 y=1549790.3 z=-21868.0
[AircraftClass::Init] Waypoints: numWaypoints=8 waypoint=0x7fffb030b570
[AircraftClass::Init] Waypoint loop done
[AircraftClass::Init] st=32460000 SimLibElapsedTime=33060000
[AircraftClass::Init] SetStartTime done, currentWaypoint=1
[AircraftClass::Init] Waypoint index loop done, curWaypoint=0x7fffb030b5d0
[AircraftClass::Init] Inside curWaypoint check, getting WPAction...
[AircraftClass::Init] Getting UnitAirbase from campBase=0x7fffa80a0d10
[AircraftClass::Init] UnitAirbase ent=0x55556142dc50
[AircraftClass::Init] WPAction=0 (WP_TAKEOFF=1) allowGroundInit=1
[AircraftClass::Init] Else branch (not WP_TAKEOFF)
[AircraftClass::Init] Calling AddTakeOff, waypoint=0x7fffb030b570
[AircraftClass::Init] AddTakeOff done
[AircraftClass::Init] Got atWaypoint location: 1175872.6, 1461230.8, 0.0
[AircraftClass::Init] RunningInstantAction=0 isDigital=1
[AircraftClass::Init] Getting wp2 location from curWaypoint=0x7fffb030b5d0
[AircraftClass::Init] wp2 location: 1602270.0, 1631789.8, -18000.0
[AircraftClass::Init] initialPsi=0.380, getting arrival times
[AircraftClass::Init] dt=1068244 SEC_TO_MSEC=1000
[AircraftClass::Init] initialMach=430.003
[AircraftClass::Init] After waypoint if block, initialMach=430.003
[AircraftClass::Init] Mach clamped, afIdx lookup from vehicleDataIndex=47
[AircraftClass::Init] afIdx=7 NumACDefEntries=266
[AircraftClass::Init] Calling af->InitData(7)...
[AircraftClass::Init] af->InitData done
[AircraftClass::Init] Checking auxaeroData=0x55555be9a8c0
[AircraftClass::Init] F16 flag check done
[AircraftClass::Init] Engine flag check done, creating SMS...
[AircraftClass::Init] SMS created: 0x7fffb030d4a0
[AircraftClass::Init] Creating FCC, NumHardpoints=14
[AircraftClass::Init] FCC created: 0x7fffb0313a50
[AircraftClass::Init] FCC->SetSms done
[AircraftClass::Init] Getting gun from hardPoint[0]=0x7fffb030d660
[AircraftClass::Init] Guns=0x7fffb030d750
[AircraftClass::Init] Gun TrailID set
[AircraftClass::Init] Checking ground level...
[AircraftClass::Init] Ground level check done
[AircraftClass::Init] Calling af->Init(7)...
[AircraftClass::Init] af->Init done
[AircraftClass::Init] Checking hasSwingWing...
[AircraftClass::Init] hasSwingWing check done
[AircraftClass::Init] Checking isComplex=1
[AircraftClass::Init] Calling MakeComplex()...
[AircraftClass::Init] MakeComplex done
[AircraftClass::Init] isComplex check done
[AircraftClass::Init] Calling SetSwitch(COMP_CANOPY)...
[AircraftClass::Init] SetSwitch done
[AircraftClass::Init] Checking ACMI recording...
[AircraftClass::Init] ACMI check done
[AircraftClass::Init] Checking IsComplex for laser/harm pods...
[AircraftClass::Init] IsComplex check done
[AircraftClass::Init] Checking Guns=0x7fffb030d750
[AircraftClass::Init] Guns check done
[AircraftClass::Init] Starting sensor setup...
[AircraftClass::Init] Sensor setup done, numSensors=3
[AircraftClass::Init] Creating brain, GetCampaignObject=0x7fffa80a0d10
[AircraftClass::Init] Creating DigitalBrain...
[AircraftClass::Init] DigitalBrain created: 0x7fffb0315bf0
[AircraftClass::Init] Brain created, calling DBrain()->SetTaxiPoint...
[AircraftClass::Init] Creating PilotInputs...
[AircraftClass::Init] PilotInputs created: 0x7fffb0314280
[AircraftClass::Init] Checking PreFlight...
[AircraftClass::Init] Calling PreFlight()...
[AircraftClass::Init] PreFlight done
[AircraftClass::Init] End of initData block
[AircraftClass::Init] EXIT - Init complete
[AircraftClass::Init] ENTER
[AircraftClass::Init] SimVehicleClass::Init done
[AircraftClass::Init] classPtr=0x555557be6cef, initData=0x7fffc4d83a60
[AircraftClass::Init] Checking SType/SPType...
[AircraftClass::Init] Creating AirframeClass...
[AircraftClass::Init] AirframeClass created: 0x7fffb0317ae0
[AircraftClass::Init] SetFlag done, mFaults=(nil)
[AircraftClass::Init] FackClass created, isDigital=1
[AircraftClass::Init] Checking RunningInstantAction...
[AircraftClass::Init] RunningInstantAction check done
[AircraftClass::Init] Initial pos set: x=1395781.2 y=1542430.7 z=-21868.0
[AircraftClass::Init] Waypoints: numWaypoints=8 waypoint=0x7fffb03166b0
[AircraftClass::Init] Waypoint loop done
[AircraftClass::Init] st=32460000 SimLibElapsedTime=33060000
[AircraftClass::Init] SetStartTime done, currentWaypoint=1
[AircraftClass::Init] Waypoint index loop done, curWaypoint=0x7fffb0316710
[AircraftClass::Init] Inside curWaypoint check, getting WPAction...
[AircraftClass::Init] Getting UnitAirbase from campBase=0x7fffa80a0d10
[AircraftClass::Init] UnitAirbase ent=0x55556142dc50
[AircraftClass::Init] WPAction=0 (WP_TAKEOFF=1) allowGroundInit=1
[AircraftClass::Init] Else branch (not WP_TAKEOFF)
[AircraftClass::Init] Calling AddTakeOff, waypoint=0x7fffb03166b0
[AircraftClass::Init] AddTakeOff done
[AircraftClass::Init] Got atWaypoint location: 1175872.6, 1461230.8, 0.0
[AircraftClass::Init] RunningInstantAction=0 isDigital=1
[AircraftClass::Init] Getting wp2 location from curWaypoint=0x7fffb0316710
[AircraftClass::Init] wp2 location: 1602270.0, 1631789.8, -18000.0
[AircraftClass::Init] initialPsi=0.380, getting arrival times
[AircraftClass::Init] dt=1068244 SEC_TO_MSEC=1000
[AircraftClass::Init] initialMach=430.003
[AircraftClass::Init] After waypoint if block, initialMach=430.003
[AircraftClass::Init] Mach clamped, afIdx lookup from vehicleDataIndex=47
[AircraftClass::Init] afIdx=7 NumACDefEntries=266
[AircraftClass::Init] Calling af->InitData(7)...
[AircraftClass::Init] af->InitData done
[AircraftClass::Init] Checking auxaeroData=0x55555be9a8c0
[AircraftClass::Init] F16 flag check done
[AircraftClass::Init] Engine flag check done, creating SMS...
[AircraftClass::Init] SMS created: 0x7fffb0318500
[AircraftClass::Init] Creating FCC, NumHardpoints=14
[AircraftClass::Init] FCC created: 0x7fffb031e970
[AircraftClass::Init] FCC->SetSms done
[AircraftClass::Init] Getting gun from hardPoint[0]=0x7fffb03186c0
[AircraftClass::Init] Guns=0x7fffb03187b0
[AircraftClass::Init] Gun TrailID set
[AircraftClass::Init] Checking ground level...
[AircraftClass::Init] Ground level check done
[AircraftClass::Init] Calling af->Init(7)...
[AircraftClass::Init] af->Init done
[AircraftClass::Init] Checking hasSwingWing...
[AircraftClass::Init] hasSwingWing check done
[AircraftClass::Init] Checking isComplex=1
[AircraftClass::Init] Calling MakeComplex()...
[AircraftClass::Init] MakeComplex done
[AircraftClass::Init] isComplex check done
[AircraftClass::Init] Calling SetSwitch(COMP_CANOPY)...
[AircraftClass::Init] SetSwitch done
[AircraftClass::Init] Checking ACMI recording...
[AircraftClass::Init] ACMI check done
[AircraftClass::Init] Checking IsComplex for laser/harm pods...
[AircraftClass::Init] IsComplex check done
[AircraftClass::Init] Checking Guns=0x7fffb03187b0
[AircraftClass::Init] Guns check done
[AircraftClass::Init] Starting sensor setup...
[AircraftClass::Init] Sensor setup done, numSensors=3
[AircraftClass::Init] Creating brain, GetCampaignObject=0x7fffa80a0d10
[AircraftClass::Init] Creating DigitalBrain...
[AircraftClass::Init] DigitalBrain created: 0x7fffb0320ad0
[AircraftClass::Init] Brain created, calling DBrain()->SetTaxiPoint...
[AircraftClass::Init] Creating PilotInputs...
[AircraftClass::Init] PilotInputs created: 0x7fffb031f160
[AircraftClass::Init] Checking PreFlight...
[AircraftClass::Init] Calling PreFlight()...
[AircraftClass::Init] PreFlight done
[AircraftClass::Init] End of initData block
[AircraftClass::Init] EXIT - Init complete
[AircraftClass::Init] ENTER
[AircraftClass::Init] SimVehicleClass::Init done
[AircraftClass::Init] classPtr=0x555557be6af1, initData=0x7fffc4d83a60
[AircraftClass::Init] Checking SType/SPType...
[AircraftClass::Init] Creating AirframeClass...
[AircraftClass::Init] AirframeClass created: 0x7fffb0327ac0
[AircraftClass::Init] SetFlag done, mFaults=(nil)
[AircraftClass::Init] FackClass created, isDigital=1
[AircraftClass::Init] Checking RunningInstantAction...
[AircraftClass::Init] RunningInstantAction check done
[AircraftClass::Init] Initial pos set: x=1176953.0 y=1458922.7 z=-5.0
[AircraftClass::Init] Waypoints: numWaypoints=9 waypoint=0x7fffb0326650
[AircraftClass::Init] Waypoint loop done
[AircraftClass::Init] st=33960000 SimLibElapsedTime=33060000
[AircraftClass::Init] SetStartTime done, currentWaypoint=0
[AircraftClass::Init] Waypoint index loop done, curWaypoint=0x7fffb0326650
[AircraftClass::Init] Inside curWaypoint check, getting WPAction...
[AircraftClass::Init] Getting UnitAirbase from campBase=0x7fffa80f42f0
[AircraftClass::Init] UnitAirbase ent=0x55556142dc50
[AircraftClass::Init] WPAction=1 (WP_TAKEOFF=1) allowGroundInit=1
[AircraftClass::Init] Calling OnGroundInit...
[AircraftClass::Init] OnGroundInit done
[AircraftClass::Init] After waypoint if block, initialMach=0.000
[AircraftClass::Init] Mach clamped, afIdx lookup from vehicleDataIndex=16
[AircraftClass::Init] afIdx=156 NumACDefEntries=266
[AircraftClass::Init] Calling af->InitData(156)...
[AircraftClass::Init] af->InitData done
[AircraftClass::Init] Checking auxaeroData=0x55555cce3d70
[AircraftClass::Init] F16 flag check done
[AircraftClass::Init] Engine flag check done, creating SMS...
[AircraftClass::Init] SMS created: 0x7fffb03284e0
[AircraftClass::Init] Creating FCC, NumHardpoints=10
[AircraftClass::Init] FCC created: 0x7fffb032eaf0
[AircraftClass::Init] FCC->SetSms done
[AircraftClass::Init] Getting gun from hardPoint[0]=0x7fffb0328680
[AircraftClass::Init] Guns=0x7fffb0328770
[AircraftClass::Init] Gun TrailID set
[AircraftClass::Init] Checking ground level...
[AircraftClass::Init] Ground level check done
[AircraftClass::Init] Calling af->Init(156)...
[AircraftClass::Init] af->Init done
[AircraftClass::Init] Checking hasSwingWing...
[AircraftClass::Init] hasSwingWing check done
[AircraftClass::Init] Checking isComplex=1
[AircraftClass::Init] Calling MakeComplex()...
[AircraftClass::Init] MakeComplex done
[AircraftClass::Init] isComplex check done
[AircraftClass::Init] Calling SetSwitch(COMP_CANOPY)...
[AircraftClass::Init] SetSwitch done
[AircraftClass::Init] Checking ACMI recording...
[AircraftClass::Init] ACMI check done
[AircraftClass::Init] Checking IsComplex for laser/harm pods...
[AircraftClass::Init] IsComplex check done
[AircraftClass::Init] Checking Guns=0x7fffb0328770
[AircraftClass::Init] Guns check done
[AircraftClass::Init] Starting sensor setup...
[AircraftClass::Init] Sensor setup done, numSensors=4
[AircraftClass::Init] Creating brain, GetCampaignObject=0x7fffa80f42f0
[AircraftClass::Init] Creating DigitalBrain...
[AircraftClass::Init] DigitalBrain created: 0x7fffb03310b0
[AircraftClass::Init] Brain created, calling DBrain()->SetTaxiPoint...
[AircraftClass::Init] Creating PilotInputs...
[AircraftClass::Init] PilotInputs created: 0x7fffb032f460
[AircraftClass::Init] Checking PreFlight...
[AircraftClass::Init] End of initData block
[AircraftClass::Init] EXIT - Init complete
[AircraftClass::Init] ENTER
[AircraftClass::Init] SimVehicleClass::Init done
[AircraftClass::Init] classPtr=0x555557be6af1, initData=0x7fffc4d83a60
[AircraftClass::Init] Checking SType/SPType...
[AircraftClass::Init] Creating AirframeClass...
[AircraftClass::Init] AirframeClass created: 0x7fffb0332fa0
[AircraftClass::Init] SetFlag done, mFaults=(nil)
[AircraftClass::Init] FackClass created, isDigital=1
[AircraftClass::Init] Checking RunningInstantAction...
[AircraftClass::Init] RunningInstantAction check done
[AircraftClass::Init] Initial pos set: x=1176799.5 y=1458969.7 z=-5.0
[AircraftClass::Init] Waypoints: numWaypoints=9 waypoint=0x7fffb0331b10
[AircraftClass::Init] Waypoint loop done
[AircraftClass::Init] st=33960000 SimLibElapsedTime=33060000
[AircraftClass::Init] SetStartTime done, currentWaypoint=0
[AircraftClass::Init] Waypoint index loop done, curWaypoint=0x7fffb0331b10
[AircraftClass::Init] Inside curWaypoint check, getting WPAction...
[AircraftClass::Init] Getting UnitAirbase from campBase=0x7fffa80f42f0
[AircraftClass::Init] UnitAirbase ent=0x55556142dc50
[AircraftClass::Init] WPAction=1 (WP_TAKEOFF=1) allowGroundInit=1
[AircraftClass::Init] Calling OnGroundInit...
[AircraftClass::Init] OnGroundInit done
[AircraftClass::Init] After waypoint if block, initialMach=0.000
[AircraftClass::Init] Mach clamped, afIdx lookup from vehicleDataIndex=16
[AircraftClass::Init] afIdx=156 NumACDefEntries=266
[AircraftClass::Init] Calling af->InitData(156)...
[AircraftClass::Init] af->InitData done
[AircraftClass::Init] Checking auxaeroData=0x55555cce3d70
[AircraftClass::Init] F16 flag check done
[AircraftClass::Init] Engine flag check done, creating SMS...
[AircraftClass::Init] SMS created: 0x7fffb03339c0
[AircraftClass::Init] Creating FCC, NumHardpoints=10
[AircraftClass::Init] FCC created: 0x7fffb0339eb0
[AircraftClass::Init] FCC->SetSms done
[AircraftClass::Init] Getting gun from hardPoint[0]=0x7fffb0333b60
[AircraftClass::Init] Guns=0x7fffb0333c50
[AircraftClass::Init] Gun TrailID set
[AircraftClass::Init] Checking ground level...
[AircraftClass::Init] Ground level check done
[AircraftClass::Init] Calling af->Init(156)...
[AircraftClass::Init] af->Init done
[AircraftClass::Init] Checking hasSwingWing...
[AircraftClass::Init] hasSwingWing check done
[AircraftClass::Init] Checking isComplex=1
[AircraftClass::Init] Calling MakeComplex()...
[AircraftClass::Init] MakeComplex done
[AircraftClass::Init] isComplex check done
[AircraftClass::Init] Calling SetSwitch(COMP_CANOPY)...
[AircraftClass::Init] SetSwitch done
[AircraftClass::Init] Checking ACMI recording...
[AircraftClass::Init] ACMI check done
[AircraftClass::Init] Checking IsComplex for laser/harm pods...
[AircraftClass::Init] IsComplex check done
[AircraftClass::Init] Checking Guns=0x7fffb0333c50
[AircraftClass::Init] Guns check done
[AircraftClass::Init] Starting sensor setup...
[AircraftClass::Init] Sensor setup done, numSensors=4
[AircraftClass::Init] Creating brain, GetCampaignObject=0x7fffa80f42f0
[AircraftClass::Init] Creating DigitalBrain...
[AircraftClass::Init] DigitalBrain created: 0x7fffb033c430
[AircraftClass::Init] Brain created, calling DBrain()->SetTaxiPoint...
[AircraftClass::Init] Creating PilotInputs...
[AircraftClass::Init] PilotInputs created: 0x7fffb033a7e0
[AircraftClass::Init] Checking PreFlight...
[AircraftClass::Init] End of initData block
[AircraftClass::Init] EXIT - Init complete
[AircraftClass::Init] ENTER
[AircraftClass::Init] SimVehicleClass::Init done
[AircraftClass::Init] classPtr=0x555557be6af1, initData=0x7fffc4d83a60
[AircraftClass::Init] Checking SType/SPType...
[AircraftClass::Init] Creating AirframeClass...
[AircraftClass::Init] AirframeClass created: 0x7fffb033e350
[AircraftClass::Init] SetFlag done, mFaults=(nil)
[AircraftClass::Init] FackClass created, isDigital=1
[AircraftClass::Init] Checking RunningInstantAction...
[AircraftClass::Init] RunningInstantAction check done
[AircraftClass::Init] Initial pos set: x=1177086.3 y=1458638.8 z=-5.0
[AircraftClass::Init] Waypoints: numWaypoints=9 waypoint=0x7fffb033ce90
[AircraftClass::Init] Waypoint loop done
[AircraftClass::Init] st=33960000 SimLibElapsedTime=33060000
[AircraftClass::Init] SetStartTime done, currentWaypoint=0
[AircraftClass::Init] Waypoint index loop done, curWaypoint=0x7fffb033ce90
[AircraftClass::Init] Inside curWaypoint check, getting WPAction...
[AircraftClass::Init] Getting UnitAirbase from campBase=0x7fffa80f42f0
[AircraftClass::Init] UnitAirbase ent=0x55556142dc50
[AircraftClass::Init] WPAction=1 (WP_TAKEOFF=1) allowGroundInit=1
[AircraftClass::Init] Calling OnGroundInit...
[AircraftClass::Init] OnGroundInit done
[AircraftClass::Init] After waypoint if block, initialMach=0.000
[AircraftClass::Init] Mach clamped, afIdx lookup from vehicleDataIndex=16
[AircraftClass::Init] afIdx=156 NumACDefEntries=266
[AircraftClass::Init] Calling af->InitData(156)...
[AircraftClass::Init] af->InitData done
[AircraftClass::Init] Checking auxaeroData=0x55555cce3d70
[AircraftClass::Init] F16 flag check done
[AircraftClass::Init] Engine flag check done, creating SMS...
[AircraftClass::Init] SMS created: 0x7fffb033ed70
[AircraftClass::Init] Creating FCC, NumHardpoints=10
[AircraftClass::Init] FCC created: 0x7fffb0345260
[AircraftClass::Init] FCC->SetSms done
[AircraftClass::Init] Getting gun from hardPoint[0]=0x7fffb033ef10
[AircraftClass::Init] Guns=0x7fffb033f000
[AircraftClass::Init] Gun TrailID set
[AircraftClass::Init] Checking ground level...
[AircraftClass::Init] Ground level check done
[AircraftClass::Init] Calling af->Init(156)...
[AircraftClass::Init] af->Init done
[AircraftClass::Init] Checking hasSwingWing...
[AircraftClass::Init] hasSwingWing check done
[AircraftClass::Init] Checking isComplex=1
[AircraftClass::Init] Calling MakeComplex()...
[AircraftClass::Init] MakeComplex done
[AircraftClass::Init] isComplex check done
[AircraftClass::Init] Calling SetSwitch(COMP_CANOPY)...
[AircraftClass::Init] SetSwitch done
[AircraftClass::Init] Checking ACMI recording...
[AircraftClass::Init] ACMI check done
[AircraftClass::Init] Checking IsComplex for laser/harm pods...
[AircraftClass::Init] IsComplex check done
[AircraftClass::Init] Checking Guns=0x7fffb033f000
[AircraftClass::Init] Guns check done
[AircraftClass::Init] Starting sensor setup...
[AircraftClass::Init] Sensor setup done, numSensors=4
[AircraftClass::Init] Creating brain, GetCampaignObject=0x7fffa80f42f0
[AircraftClass::Init] Creating DigitalBrain...
[AircraftClass::Init] DigitalBrain created: 0x7fffb03477e0
[AircraftClass::Init] Brain created, calling DBrain()->SetTaxiPoint...
[AircraftClass::Init] Creating PilotInputs...
[AircraftClass::Init] PilotInputs created: 0x7fffb0345b90
[AircraftClass::Init] Checking PreFlight...
[AircraftClass::Init] End of initData block
[AircraftClass::Init] EXIT - Init complete
[AircraftClass::Init] ENTER
[AircraftClass::Init] SimVehicleClass::Init done
[AircraftClass::Init] classPtr=0x555557be6af1, initData=0x7fffc4d83a60
[AircraftClass::Init] Checking SType/SPType...
[AircraftClass::Init] Creating AirframeClass...
[AircraftClass::Init] AirframeClass created: 0x7fffb0349700
[AircraftClass::Init] SetFlag done, mFaults=(nil)
[AircraftClass::Init] FackClass created, isDigital=1
[AircraftClass::Init] Checking RunningInstantAction...
[AircraftClass::Init] RunningInstantAction check done
[AircraftClass::Init] Initial pos set: x=1177424.6 y=1458881.2 z=-5.0
[AircraftClass::Init] Waypoints: numWaypoints=9 waypoint=0x7fffb0348240
[AircraftClass::Init] Waypoint loop done
[AircraftClass::Init] st=33960000 SimLibElapsedTime=33060000
[AircraftClass::Init] SetStartTime done, currentWaypoint=0
[AircraftClass::Init] Waypoint index loop done, curWaypoint=0x7fffb0348240
[AircraftClass::Init] Inside curWaypoint check, getting WPAction...
[AircraftClass::Init] Getting UnitAirbase from campBase=0x7fffa80f42f0
[AircraftClass::Init] UnitAirbase ent=0x55556142dc50
[AircraftClass::Init] WPAction=1 (WP_TAKEOFF=1) allowGroundInit=1
[AircraftClass::Init] Calling OnGroundInit...
[AircraftClass::Init] OnGroundInit done
[AircraftClass::Init] After waypoint if block, initialMach=0.000
[AircraftClass::Init] Mach clamped, afIdx lookup from vehicleDataIndex=16
[AircraftClass::Init] afIdx=156 NumACDefEntries=266
[AircraftClass::Init] Calling af->InitData(156)...
[AircraftClass::Init] af->InitData done
[AircraftClass::Init] Checking auxaeroData=0x55555cce3d70
[AircraftClass::Init] F16 flag check done
[AircraftClass::Init] Engine flag check done, creating SMS...
[AircraftClass::Init] SMS created: 0x7fffb034a120
[AircraftClass::Init] Creating FCC, NumHardpoints=10
[AircraftClass::Init] FCC created: 0x7fffb0350610
[AircraftClass::Init] FCC->SetSms done
[AircraftClass::Init] Getting gun from hardPoint[0]=0x7fffb034a2c0
[AircraftClass::Init] Guns=0x7fffb034a3b0
[AircraftClass::Init] Gun TrailID set
[AircraftClass::Init] Checking ground level...
[AircraftClass::Init] Ground level check done
[AircraftClass::Init] Calling af->Init(156)...
[AircraftClass::Init] af->Init done
[AircraftClass::Init] Checking hasSwingWing...
[AircraftClass::Init] hasSwingWing check done
[AircraftClass::Init] Checking isComplex=1
[AircraftClass::Init] Calling MakeComplex()...
[AircraftClass::Init] MakeComplex done
[AircraftClass::Init] isComplex check done
[AircraftClass::Init] Calling SetSwitch(COMP_CANOPY)...
[AircraftClass::Init] SetSwitch done
[AircraftClass::Init] Checking ACMI recording...
[AircraftClass::Init] ACMI check done
[AircraftClass::Init] Checking IsComplex for laser/harm pods...
[AircraftClass::Init] IsComplex check done
[AircraftClass::Init] Checking Guns=0x7fffb034a3b0
[AircraftClass::Init] Guns check done
[AircraftClass::Init] Starting sensor setup...
[AircraftClass::Init] Sensor setup done, numSensors=4
[AircraftClass::Init] Creating brain, GetCampaignObject=0x7fffa80f42f0
[AircraftClass::Init] Creating DigitalBrain...
[AircraftClass::Init] DigitalBrain created: 0x7fffb0352b90
[AircraftClass::Init] Brain created, calling DBrain()->SetTaxiPoint...
[AircraftClass::Init] Creating PilotInputs...
[AircraftClass::Init] PilotInputs created: 0x7fffb0350f40
[AircraftClass::Init] Checking PreFlight...
[AircraftClass::Init] End of initData block
[AircraftClass::Init] EXIT - Init complete
[AircraftClass::Init] ENTER
[AircraftClass::Init] SimVehicleClass::Init done
[AircraftClass::Init] classPtr=0x555557be6cef, initData=0x7fffc4d83a60
[AircraftClass::Init] Checking SType/SPType...
[AircraftClass::Init] Creating AirframeClass...
[AircraftClass::Init] AirframeClass created: 0x7fffb035f880
[AircraftClass::Init] SetFlag done, mFaults=(nil)
[AircraftClass::Init] FackClass created, isDigital=1
[AircraftClass::Init] Checking RunningInstantAction...
[AircraftClass::Init] RunningInstantAction check done
[AircraftClass::Init] Initial pos set: x=1307071.8 y=1513710.6 z=-20155.0
[AircraftClass::Init] Waypoints: numWaypoints=8 waypoint=0x7fffb035e450
[AircraftClass::Init] Waypoint loop done
[AircraftClass::Init] st=32700000 SimLibElapsedTime=33060000
[AircraftClass::Init] SetStartTime done, currentWaypoint=1
[AircraftClass::Init] Waypoint index loop done, curWaypoint=0x7fffb035e4b0
[AircraftClass::Init] Inside curWaypoint check, getting WPAction...
[AircraftClass::Init] Getting UnitAirbase from campBase=0x7fffa80a6240
[AircraftClass::Init] UnitAirbase ent=0x55556142dc50
[AircraftClass::Init] WPAction=0 (WP_TAKEOFF=1) allowGroundInit=1
[AircraftClass::Init] Else branch (not WP_TAKEOFF)
[AircraftClass::Init] Calling AddTakeOff, waypoint=0x7fffb035e450
[AircraftClass::Init] AddTakeOff done
[AircraftClass::Init] Got atWaypoint location: 1175872.6, 1461230.8, 0.0
[AircraftClass::Init] RunningInstantAction=0 isDigital=1
[AircraftClass::Init] Getting wp2 location from curWaypoint=0x7fffb035e4b0
[AircraftClass::Init] wp2 location: 1602270.0, 1631789.8, -18000.0
[AircraftClass::Init] initialPsi=0.380, getting arrival times
[AircraftClass::Init] dt=1061289 SEC_TO_MSEC=1000
[AircraftClass::Init] initialMach=432.840
[AircraftClass::Init] After waypoint if block, initialMach=432.840
[AircraftClass::Init] Mach clamped, afIdx lookup from vehicleDataIndex=47
[AircraftClass::Init] afIdx=7 NumACDefEntries=266
[AircraftClass::Init] Calling af->InitData(7)...
[AircraftClass::Init] af->InitData done
[AircraftClass::Init] Checking auxaeroData=0x55555be9a8c0
[AircraftClass::Init] F16 flag check done
[AircraftClass::Init] Engine flag check done, creating SMS...
[AircraftClass::Init] SMS created: 0x7fffb03602a0
[AircraftClass::Init] Creating FCC, NumHardpoints=14
[AircraftClass::Init] FCC created: 0x7fffb03665b0
[AircraftClass::Init] FCC->SetSms done
[AircraftClass::Init] Getting gun from hardPoint[0]=0x7fffb0360460
[AircraftClass::Init] Guns=0x7fffb0360550
[AircraftClass::Init] Gun TrailID set
[AircraftClass::Init] Checking ground level...
[AircraftClass::Init] Ground level check done
[AircraftClass::Init] Calling af->Init(7)...
[AircraftClass::Init] af->Init done
[AircraftClass::Init] Checking hasSwingWing...
[AircraftClass::Init] hasSwingWing check done
[AircraftClass::Init] Checking isComplex=1
[AircraftClass::Init] Calling MakeComplex()...
[AircraftClass::Init] MakeComplex done
[AircraftClass::Init] isComplex check done
[AircraftClass::Init] Calling SetSwitch(COMP_CANOPY)...
[AircraftClass::Init] SetSwitch done
[AircraftClass::Init] Checking ACMI recording...
[AircraftClass::Init] ACMI check done
[AircraftClass::Init] Checking IsComplex for laser/harm pods...
[AircraftClass::Init] IsComplex check done
[AircraftClass::Init] Checking Guns=0x7fffb0360550
[AircraftClass::Init] Guns check done
[AircraftClass::Init] Starting sensor setup...
[AircraftClass::Init] Sensor setup done, numSensors=3
[AircraftClass::Init] Creating brain, GetCampaignObject=0x7fffa80a6240
[AircraftClass::Init] Creating DigitalBrain...
[AircraftClass::Init] DigitalBrain created: 0x7fffb0368750
[AircraftClass::Init] Brain created, calling DBrain()->SetTaxiPoint...
[AircraftClass::Init] Creating PilotInputs...
[AircraftClass::Init] PilotInputs created: 0x7fffb0366de0
[AircraftClass::Init] Checking PreFlight...
[AircraftClass::Init] Calling PreFlight()...
[AircraftClass::Init] PreFlight done
[AircraftClass::Init] End of initData block
[AircraftClass::Init] EXIT - Init complete
[AircraftClass::Init] ENTER
[AircraftClass::Init] SimVehicleClass::Init done
[AircraftClass::Init] classPtr=0x555557be6cef, initData=0x7fffc4d83a60
[AircraftClass::Init] Checking SType/SPType...
[AircraftClass::Init] Creating AirframeClass...
[AircraftClass::Init] AirframeClass created: 0x7fffb036a640
[AircraftClass::Init] SetFlag done, mFaults=(nil)
[AircraftClass::Init] FackClass created, isDigital=1
[AircraftClass::Init] Checking RunningInstantAction...
[AircraftClass::Init] RunningInstantAction check done
[AircraftClass::Init] Initial pos set: x=1303921.3 y=1506359.7 z=-20155.0
[AircraftClass::Init] Waypoints: numWaypoints=8 waypoint=0x7fffb0369210
[AircraftClass::Init] Waypoint loop done
[AircraftClass::Init] st=32700000 SimLibElapsedTime=33060000
[AircraftClass::Init] SetStartTime done, currentWaypoint=1
[AircraftClass::Init] Waypoint index loop done, curWaypoint=0x7fffb0369270
[AircraftClass::Init] Inside curWaypoint check, getting WPAction...
[AircraftClass::Init] Getting UnitAirbase from campBase=0x7fffa80a6240
[AircraftClass::Init] UnitAirbase ent=0x55556142dc50
[AircraftClass::Init] WPAction=0 (WP_TAKEOFF=1) allowGroundInit=1
[AircraftClass::Init] Else branch (not WP_TAKEOFF)
[AircraftClass::Init] Calling AddTakeOff, waypoint=0x7fffb0369210
[AircraftClass::Init] AddTakeOff done
[AircraftClass::Init] Got atWaypoint location: 1175872.6, 1461230.8, 0.0
[AircraftClass::Init] RunningInstantAction=0 isDigital=1
[AircraftClass::Init] Getting wp2 location from curWaypoint=0x7fffb0369270
[AircraftClass::Init] wp2 location: 1602270.0, 1631789.8, -18000.0
[AircraftClass::Init] initialPsi=0.380, getting arrival times
[AircraftClass::Init] dt=1061289 SEC_TO_MSEC=1000
[AircraftClass::Init] initialMach=432.840
[AircraftClass::Init] After waypoint if block, initialMach=432.840
[AircraftClass::Init] Mach clamped, afIdx lookup from vehicleDataIndex=47
[AircraftClass::Init] afIdx=7 NumACDefEntries=266
[AircraftClass::Init] Calling af->InitData(7)...
[AircraftClass::Init] af->InitData done
[AircraftClass::Init] Checking auxaeroData=0x55555be9a8c0
[AircraftClass::Init] F16 flag check done
[AircraftClass::Init] Engine flag check done, creating SMS...
[AircraftClass::Init] SMS created: 0x7fffb036b060
[AircraftClass::Init] Creating FCC, NumHardpoints=14
[AircraftClass::Init] FCC created: 0x7fffb0371230
[AircraftClass::Init] FCC->SetSms done
[AircraftClass::Init] Getting gun from hardPoint[0]=0x7fffb036b220
[AircraftClass::Init] Guns=0x7fffb036b310
[AircraftClass::Init] Gun TrailID set
[AircraftClass::Init] Checking ground level...
[AircraftClass::Init] Ground level check done
[AircraftClass::Init] Calling af->Init(7)...
[AircraftClass::Init] af->Init done
[AircraftClass::Init] Checking hasSwingWing...
[AircraftClass::Init] hasSwingWing check done
[AircraftClass::Init] Checking isComplex=1
[AircraftClass::Init] Calling MakeComplex()...
[AircraftClass::Init] MakeComplex done
[AircraftClass::Init] isComplex check done
[AircraftClass::Init] Calling SetSwitch(COMP_CANOPY)...
[AircraftClass::Init] SetSwitch done
[AircraftClass::Init] Checking ACMI recording...
[AircraftClass::Init] ACMI check done
[AircraftClass::Init] Checking IsComplex for laser/harm pods...
[AircraftClass::Init] IsComplex check done
[AircraftClass::Init] Checking Guns=0x7fffb036b310
[AircraftClass::Init] Guns check done
[AircraftClass::Init] Starting sensor setup...
[AircraftClass::Init] Sensor setup done, numSensors=3
[AircraftClass::Init] Creating brain, GetCampaignObject=0x7fffa80a6240
[AircraftClass::Init] Creating DigitalBrain...
[AircraftClass::Init] DigitalBrain created: 0x7fffb0373390
[AircraftClass::Init] Brain created, calling DBrain()->SetTaxiPoint...
[AircraftClass::Init] Creating PilotInputs...
[AircraftClass::Init] PilotInputs created: 0x7fffb0371a20
[AircraftClass::Init] Checking PreFlight...
[AircraftClass::Init] Calling PreFlight()...
[AircraftClass::Init] PreFlight done
[AircraftClass::Init] End of initData block
[AircraftClass::Init] EXIT - Init complete
[AircraftClass::Init] ENTER
[AircraftClass::Init] SimVehicleClass::Init done
[AircraftClass::Init] classPtr=0x555557be6cef, initData=0x7fffc4d83a60
[AircraftClass::Init] Checking SType/SPType...
[AircraftClass::Init] Creating AirframeClass...
[AircraftClass::Init] AirframeClass created: 0x7fffb0375280
[AircraftClass::Init] SetFlag done, mFaults=(nil)
[AircraftClass::Init] FackClass created, isDigital=1
[AircraftClass::Init] Checking RunningInstantAction...
[AircraftClass::Init] RunningInstantAction check done
[AircraftClass::Init] Initial pos set: x=1288852.2 y=1513138.0 z=-20155.0
[AircraftClass::Init] Waypoints: numWaypoints=8 waypoint=0x7fffb0373e50
[AircraftClass::Init] Waypoint loop done
[AircraftClass::Init] st=32700000 SimLibElapsedTime=33060000
[AircraftClass::Init] SetStartTime done, currentWaypoint=1
[AircraftClass::Init] Waypoint index loop done, curWaypoint=0x7fffb0373eb0
[AircraftClass::Init] Inside curWaypoint check, getting WPAction...
[AircraftClass::Init] Getting UnitAirbase from campBase=0x7fffa80a6240
[AircraftClass::Init] UnitAirbase ent=0x55556142dc50
[AircraftClass::Init] WPAction=0 (WP_TAKEOFF=1) allowGroundInit=1
[AircraftClass::Init] Else branch (not WP_TAKEOFF)
[AircraftClass::Init] Calling AddTakeOff, waypoint=0x7fffb0373e50
[AircraftClass::Init] AddTakeOff done
[AircraftClass::Init] Got atWaypoint location: 1175872.6, 1461230.8, 0.0
[AircraftClass::Init] RunningInstantAction=0 isDigital=1
[AircraftClass::Init] Getting wp2 location from curWaypoint=0x7fffb0373eb0
[AircraftClass::Init] wp2 location: 1602270.0, 1631789.8, -18000.0
[AircraftClass::Init] initialPsi=0.380, getting arrival times
[AircraftClass::Init] dt=1061289 SEC_TO_MSEC=1000
[AircraftClass::Init] initialMach=432.840
[AircraftClass::Init] After waypoint if block, initialMach=432.840
[AircraftClass::Init] Mach clamped, afIdx lookup from vehicleDataIndex=47
[AircraftClass::Init] afIdx=7 NumACDefEntries=266
[AircraftClass::Init] Calling af->InitData(7)...
[AircraftClass::Init] af->InitData done
[AircraftClass::Init] Checking auxaeroData=0x55555be9a8c0
[AircraftClass::Init] F16 flag check done
[AircraftClass::Init] Engine flag check done, creating SMS...
[AircraftClass::Init] SMS created: 0x7fffb0375ca0
[AircraftClass::Init] Creating FCC, NumHardpoints=14
[AircraftClass::Init] FCC created: 0x7fffb037be70
[AircraftClass::Init] FCC->SetSms done
[AircraftClass::Init] Getting gun from hardPoint[0]=0x7fffb0375e60
[AircraftClass::Init] Guns=0x7fffb0375f50
[AircraftClass::Init] Gun TrailID set
[AircraftClass::Init] Checking ground level...
[AircraftClass::Init] Ground level check done
[AircraftClass::Init] Calling af->Init(7)...
[AircraftClass::Init] af->Init done
[AircraftClass::Init] Checking hasSwingWing...
[AircraftClass::Init] hasSwingWing check done
[AircraftClass::Init] Checking isComplex=1
[AircraftClass::Init] Calling MakeComplex()...
[AircraftClass::Init] MakeComplex done
[AircraftClass::Init] isComplex check done
[AircraftClass::Init] Calling SetSwitch(COMP_CANOPY)...
[AircraftClass::Init] SetSwitch done
[AircraftClass::Init] Checking ACMI recording...
[AircraftClass::Init] ACMI check done
[AircraftClass::Init] Checking IsComplex for laser/harm pods...
[AircraftClass::Init] IsComplex check done
[AircraftClass::Init] Checking Guns=0x7fffb0375f50
[AircraftClass::Init] Guns check done
[AircraftClass::Init] Starting sensor setup...
[AircraftClass::Init] Sensor setup done, numSensors=3
[AircraftClass::Init] Creating brain, GetCampaignObject=0x7fffa80a6240
[AircraftClass::Init] Creating DigitalBrain...
[AircraftClass::Init] DigitalBrain created: 0x7fffb037dfd0
[AircraftClass::Init] Brain created, calling DBrain()->SetTaxiPoint...
[AircraftClass::Init] Creating PilotInputs...
[AircraftClass::Init] PilotInputs created: 0x7fffb037c660
[AircraftClass::Init] Checking PreFlight...
[AircraftClass::Init] Calling PreFlight()...
[AircraftClass::Init] PreFlight done
[AircraftClass::Init] End of initData block
[AircraftClass::Init] EXIT - Init complete
[AircraftClass::Init] ENTER
[AircraftClass::Init] SimVehicleClass::Init done
[AircraftClass::Init] classPtr=0x555557be6cef, initData=0x7fffc4d83a60
[AircraftClass::Init] Checking SType/SPType...
[AircraftClass::Init] Creating AirframeClass...
[AircraftClass::Init] AirframeClass created: 0x7fffb037fec0
[AircraftClass::Init] SetFlag done, mFaults=(nil)
[AircraftClass::Init] FackClass created, isDigital=1
[AircraftClass::Init] Checking RunningInstantAction...
[AircraftClass::Init] RunningInstantAction check done
[AircraftClass::Init] Initial pos set: x=1280338.8 y=1516284.2 z=-20155.0
[AircraftClass::Init] Waypoints: numWaypoints=8 waypoint=0x7fffb037ea90
[AircraftClass::Init] Waypoint loop done
[AircraftClass::Init] st=32700000 SimLibElapsedTime=33060000
[AircraftClass::Init] SetStartTime done, currentWaypoint=1
[AircraftClass::Init] Waypoint index loop done, curWaypoint=0x7fffb037eaf0
[AircraftClass::Init] Inside curWaypoint check, getting WPAction...
[AircraftClass::Init] Getting UnitAirbase from campBase=0x7fffa80a6240
[AircraftClass::Init] UnitAirbase ent=0x55556142dc50
[AircraftClass::Init] WPAction=0 (WP_TAKEOFF=1) allowGroundInit=1
[AircraftClass::Init] Else branch (not WP_TAKEOFF)
[AircraftClass::Init] Calling AddTakeOff, waypoint=0x7fffb037ea90
[AircraftClass::Init] AddTakeOff done
[AircraftClass::Init] Got atWaypoint location: 1175872.6, 1461230.8, 0.0
[AircraftClass::Init] RunningInstantAction=0 isDigital=1
[AircraftClass::Init] Getting wp2 location from curWaypoint=0x7fffb037eaf0
[AircraftClass::Init] wp2 location: 1602270.0, 1631789.8, -18000.0
[AircraftClass::Init] initialPsi=0.380, getting arrival times
[AircraftClass::Init] dt=1061289 SEC_TO_MSEC=1000
[AircraftClass::Init] initialMach=432.840
[AircraftClass::Init] After waypoint if block, initialMach=432.840
[AircraftClass::Init] Mach clamped, afIdx lookup from vehicleDataIndex=47
[AircraftClass::Init] afIdx=7 NumACDefEntries=266
[AircraftClass::Init] Calling af->InitData(7)...
[AircraftClass::Init] af->InitData done
[AircraftClass::Init] Checking auxaeroData=0x55555be9a8c0
[AircraftClass::Init] F16 flag check done
[AircraftClass::Init] Engine flag check done, creating SMS...
[AircraftClass::Init] SMS created: 0x7fffb03808e0
[AircraftClass::Init] Creating FCC, NumHardpoints=14
[AircraftClass::Init] FCC created: 0x7fffb0386ab0
[AircraftClass::Init] FCC->SetSms done
[AircraftClass::Init] Getting gun from hardPoint[0]=0x7fffb0380aa0
[AircraftClass::Init] Guns=0x7fffb0380b90
[AircraftClass::Init] Gun TrailID set
[AircraftClass::Init] Checking ground level...
[AircraftClass::Init] Ground level check done
[AircraftClass::Init] Calling af->Init(7)...
[AircraftClass::Init] af->Init done
[AircraftClass::Init] Checking hasSwingWing...
[AircraftClass::Init] hasSwingWing check done
[AircraftClass::Init] Checking isComplex=1
[AircraftClass::Init] Calling MakeComplex()...
[AircraftClass::Init] MakeComplex done
[AircraftClass::Init] isComplex check done
[AircraftClass::Init] Calling SetSwitch(COMP_CANOPY)...
[AircraftClass::Init] SetSwitch done
[AircraftClass::Init] Checking ACMI recording...
[AircraftClass::Init] ACMI check done
[AircraftClass::Init] Checking IsComplex for laser/harm pods...
[AircraftClass::Init] IsComplex check done
[AircraftClass::Init] Checking Guns=0x7fffb0380b90
[AircraftClass::Init] Guns check done
[AircraftClass::Init] Starting sensor setup...
[AircraftClass::Init] Sensor setup done, numSensors=3
[AircraftClass::Init] Creating brain, GetCampaignObject=0x7fffa80a6240
[AircraftClass::Init] Creating DigitalBrain...
[AircraftClass::Init] DigitalBrain created: 0x7fffb0388c10
[AircraftClass::Init] Brain created, calling DBrain()->SetTaxiPoint...
[AircraftClass::Init] Creating PilotInputs...
[AircraftClass::Init] PilotInputs created: 0x7fffb03872a0
[AircraftClass::Init] Checking PreFlight...
[AircraftClass::Init] Calling PreFlight()...
[AircraftClass::Init] PreFlight done
[AircraftClass::Init] End of initData block
[AircraftClass::Init] EXIT - Init complete
[AircraftClass::Init] ENTER
[AircraftClass::Init] SimVehicleClass::Init done
[AircraftClass::Init] classPtr=0x555557be65f6, initData=0x7fffc4d83a60
[AircraftClass::Init] Checking SType/SPType...
[AircraftClass::Init] Creating AirframeClass...
[AircraftClass::Init] AirframeClass created: 0x7fffb04a9ed0
[AircraftClass::Init] SetFlag done, mFaults=(nil)
[AircraftClass::Init] FackClass created, isDigital=1
[AircraftClass::Init] Checking RunningInstantAction...
[AircraftClass::Init] RunningInstantAction check done
[AircraftClass::Init] Initial pos set: x=1079215.2 y=1637028.8 z=-5.0
[AircraftClass::Init] Waypoints: numWaypoints=8 waypoint=0x7fffb04a89c0
[AircraftClass::Init] Waypoint loop done
[AircraftClass::Init] st=33300000 SimLibElapsedTime=33060000
[AircraftClass::Init] SetStartTime done, currentWaypoint=0
[AircraftClass::Init] Waypoint index loop done, curWaypoint=0x7fffb04a89c0
[AircraftClass::Init] Inside curWaypoint check, getting WPAction...
[AircraftClass::Init] Getting UnitAirbase from campBase=0x7fffa80f7a90
[AircraftClass::Init] UnitAirbase ent=0x5555614835f0
[AircraftClass::Init] WPAction=1 (WP_TAKEOFF=1) allowGroundInit=1
[AircraftClass::Init] Calling OnGroundInit...
[AircraftClass::Init] OnGroundInit done
[AircraftClass::Init] After waypoint if block, initialMach=0.000
[AircraftClass::Init] Mach clamped, afIdx lookup from vehicleDataIndex=12
[AircraftClass::Init] afIdx=0 NumACDefEntries=266
[AircraftClass::Init] Calling af->InitData(0)...
[AircraftClass::Init] af->InitData done
[AircraftClass::Init] Checking auxaeroData=0x55555bfa3240
[AircraftClass::Init] F16 flag check done
[AircraftClass::Init] Engine flag check done, creating SMS...
[AircraftClass::Init] SMS created: 0x7fffb04aa880
[AircraftClass::Init] Creating FCC, NumHardpoints=10
[AircraftClass::Init] FCC created: 0x7fffb04af7a0
[AircraftClass::Init] FCC->SetSms done
[AircraftClass::Init] Getting gun from hardPoint[0]=0x7fffb04aaa20
[AircraftClass::Init] Guns=0x7fffb04aab10
[AircraftClass::Init] Gun TrailID set
[AircraftClass::Init] Checking ground level...
[AircraftClass::Init] Ground level check done
[AircraftClass::Init] Calling af->Init(0)...
[AircraftClass::Init] af->Init done
[AircraftClass::Init] Checking hasSwingWing...
[AircraftClass::Init] hasSwingWing check done
[AircraftClass::Init] Checking isComplex=1
[AircraftClass::Init] Calling MakeComplex()...
[AircraftClass::Init] MakeComplex done
[AircraftClass::Init] isComplex check done
[AircraftClass::Init] Calling SetSwitch(COMP_CANOPY)...
[AircraftClass::Init] SetSwitch done
[AircraftClass::Init] Checking ACMI recording...
[AircraftClass::Init] ACMI check done
[AircraftClass::Init] Checking IsComplex for laser/harm pods...
[AircraftClass::Init] IsComplex check done
[AircraftClass::Init] Checking Guns=0x7fffb04aab10
[AircraftClass::Init] Guns check done
[AircraftClass::Init] Starting sensor setup...
[AircraftClass::Init] Sensor setup done, numSensors=3
[AircraftClass::Init] Creating brain, GetCampaignObject=0x7fffa80f7a90
[AircraftClass::Init] Creating DigitalBrain...
[AircraftClass::Init] DigitalBrain created: 0x7fffb04b1e50
[AircraftClass::Init] Brain created, calling DBrain()->SetTaxiPoint...
[AircraftClass::Init] Creating PilotInputs...
[AircraftClass::Init] PilotInputs created: 0x7fffb04b0060
[AircraftClass::Init] Checking PreFlight...
[AircraftClass::Init] End of initData block
[AircraftClass::Init] EXIT - Init complete
[AircraftClass::Init] ENTER
[AircraftClass::Init] SimVehicleClass::Init done
[AircraftClass::Init] classPtr=0x555557be65f6, initData=0x7fffc4d83a60
[AircraftClass::Init] Checking SType/SPType...
[AircraftClass::Init] Creating AirframeClass...
[AircraftClass::Init] AirframeClass created: 0x7fffb04b3560
[AircraftClass::Init] SetFlag done, mFaults=(nil)
[AircraftClass::Init] FackClass created, isDigital=1
[AircraftClass::Init] Checking RunningInstantAction...
[AircraftClass::Init] RunningInstantAction check done
[AircraftClass::Init] Initial pos set: x=1079178.6 y=1637302.2 z=-5.0
[AircraftClass::Init] Waypoints: numWaypoints=8 waypoint=0x7fffb04b00d0
[AircraftClass::Init] Waypoint loop done
[AircraftClass::Init] st=33300000 SimLibElapsedTime=33060000
[AircraftClass::Init] SetStartTime done, currentWaypoint=0
[AircraftClass::Init] Waypoint index loop done, curWaypoint=0x7fffb04b00d0
[AircraftClass::Init] Inside curWaypoint check, getting WPAction...
[AircraftClass::Init] Getting UnitAirbase from campBase=0x7fffa80f7a90
[AircraftClass::Init] UnitAirbase ent=0x5555614835f0
[AircraftClass::Init] WPAction=1 (WP_TAKEOFF=1) allowGroundInit=1
[AircraftClass::Init] Calling OnGroundInit...
[AircraftClass::Init] OnGroundInit done
[AircraftClass::Init] After waypoint if block, initialMach=0.000
[AircraftClass::Init] Mach clamped, afIdx lookup from vehicleDataIndex=12
[AircraftClass::Init] afIdx=0 NumACDefEntries=266
[AircraftClass::Init] Calling af->InitData(0)...
[AircraftClass::Init] af->InitData done
[AircraftClass::Init] Checking auxaeroData=0x55555bfa3240
[AircraftClass::Init] F16 flag check done
[AircraftClass::Init] Engine flag check done, creating SMS...
[AircraftClass::Init] SMS created: 0x7fffb04b3f80
[AircraftClass::Init] Creating FCC, NumHardpoints=10
[AircraftClass::Init] FCC created: 0x7fffb04b8f00
[AircraftClass::Init] FCC->SetSms done
[AircraftClass::Init] Getting gun from hardPoint[0]=0x7fffb04b4120
[AircraftClass::Init] Guns=0x7fffb04b4210
[AircraftClass::Init] Gun TrailID set
[AircraftClass::Init] Checking ground level...
[AircraftClass::Init] Ground level check done
[AircraftClass::Init] Calling af->Init(0)...
[AircraftClass::Init] af->Init done
[AircraftClass::Init] Checking hasSwingWing...
[AircraftClass::Init] hasSwingWing check done
[AircraftClass::Init] Checking isComplex=1
[AircraftClass::Init] Calling MakeComplex()...
[AircraftClass::Init] MakeComplex done
[AircraftClass::Init] isComplex check done
[AircraftClass::Init] Calling SetSwitch(COMP_CANOPY)...
[AircraftClass::Init] SetSwitch done
[AircraftClass::Init] Checking ACMI recording...
[AircraftClass::Init] ACMI check done
[AircraftClass::Init] Checking IsComplex for laser/harm pods...
[AircraftClass::Init] IsComplex check done
[AircraftClass::Init] Checking Guns=0x7fffb04b4210
[AircraftClass::Init] Guns check done
[AircraftClass::Init] Starting sensor setup...
[AircraftClass::Init] Sensor setup done, numSensors=3
[AircraftClass::Init] Creating brain, GetCampaignObject=0x7fffa80f7a90
[AircraftClass::Init] Creating DigitalBrain...
[AircraftClass::Init] DigitalBrain created: 0x7fffb04bb570
[AircraftClass::Init] Brain created, calling DBrain()->SetTaxiPoint...
[AircraftClass::Init] Creating PilotInputs...
[AircraftClass::Init] PilotInputs created: 0x7fffb04b9780
[AircraftClass::Init] Checking PreFlight...
[AircraftClass::Init] End of initData block
[AircraftClass::Init] EXIT - Init complete
[RenderFirstFrame] PreLoadScene done
[RenderFirstFrame] Exit
[GL] FF_SimThreadReleaseGL() ENTER
[GL] Sim thread released GL context, g_simOwnsGLContext=false
[StartLoop] Setting currentMode = StartRunningGraphics
[GL] FF_SimThreadAcquireGL() ENTER
[GL] Sim thread acquired GL context, g_simOwnsGLContext=true
[StoreMPRPalette] lightColor=(0.932, 0.959, 1.000) lightLevel=0.953
[StoreMPRPalette] lightColor=(0.932, 0.959, 1.000) lightLevel=0.953
[StoreMPRPalette] lightColor=(0.932, 0.959, 1.000) lightLevel=0.953
Assertion at 4166  /home/admin/freefalcon-central/src/graphics/3dlib/context.cpp  Sep 19 2026
[Failed:  (nVerts >= 3) or (nPrimType == MPR_PRM_POINTS and nVerts >= 1) or (nPrimType <= MPR_PRM_POLYLINE and nVerts >= 2)] Assertion at 4166  /home/admin/freefalcon-central/src/graphics/3dlib/context.cpp  Sep 19 2026
[PalLight] light=(0.932 0.959 1.000) gametime=33071778 pal=0x7fffa5cad640
[Joystick] axis 3 active (value 32253)
[Joystick] throttle axis=3, yaw axis=2 (override with FF_THROTTLE_AXIS / FF_YAW_AXIS)
[Joystick] axis 3 active (value 30711)
[Joystick] axis 3 active (value 30197)
[AircraftClass::Init] ENTER
[AircraftClass::Init] SimVehicleClass::Init done
[AircraftClass::Init] classPtr=0x555557be699d, initData=0x7fffc4d83a60
[AircraftClass::Init] Checking SType/SPType...
[AircraftClass::Init] Creating AirframeClass...
[AircraftClass::Init] AirframeClass created: 0x7fff756b11c0
[AircraftClass::Init] SetFlag done, mFaults=(nil)
[AircraftClass::Init] FackClass created, isDigital=1
[AircraftClass::Init] Checking RunningInstantAction...
[AircraftClass::Init] RunningInstantAction check done
[AircraftClass::Init] Initial pos set: x=1253684.8 y=1440374.0 z=-31.0
[AircraftClass::Init] Waypoints: numWaypoints=8 waypoint=0x7fff74afd350
[AircraftClass::Init] Waypoint loop done
[AircraftClass::Init] st=33360000 SimLibElapsedTime=33075951
[AircraftClass::Init] SetStartTime done, currentWaypoint=0
[AircraftClass::Init] Waypoint index loop done, curWaypoint=0x7fff74afd350
[AircraftClass::Init] Inside curWaypoint check, getting WPAction...
[AircraftClass::Init] Getting UnitAirbase from campBase=0x7fffa80a18a0
[AircraftClass::Init] UnitAirbase ent=0x55556142e350
[AircraftClass::Init] WPAction=1 (WP_TAKEOFF=1) allowGroundInit=1
[AircraftClass::Init] Calling OnGroundInit...
[AircraftClass::Init] OnGroundInit done
[AircraftClass::Init] After waypoint if block, initialMach=0.000
[AircraftClass::Init] Mach clamped, afIdx lookup from vehicleDataIndex=232
[AircraftClass::Init] afIdx=1 NumACDefEntries=266
[AircraftClass::Init] Calling af->InitData(1)...
[AircraftClass::Init] af->InitData done
[AircraftClass::Init] Checking auxaeroData=0x55555be8a790
[AircraftClass::Init] F16 flag check done
[AircraftClass::Init] Engine flag check done, creating SMS...
[AircraftClass::Init] SMS created: 0x55555b4ae340
[AircraftClass::Init] Creating FCC, NumHardpoints=8
[AircraftClass::Init] FCC created: 0x5555609c1ee0
[AircraftClass::Init] FCC->SetSms done
[AircraftClass::Init] Getting gun from hardPoint[0]=0x7fffb04da7d0
[AircraftClass::Init] Guns=0x7fff756b3370
[AircraftClass::Init] Gun TrailID set
[AircraftClass::Init] Checking ground level...
[AircraftClass::Init] Ground level check done
[AircraftClass::Init] Calling af->Init(1)...
[AircraftClass::Init] af->Init done
[AircraftClass::Init] Checking hasSwingWing...
[AircraftClass::Init] hasSwingWing check done
[AircraftClass::Init] Checking isComplex=1
[AircraftClass::Init] Calling MakeComplex()...
[AircraftClass::Init] MakeComplex done
[AircraftClass::Init] isComplex check done
[AircraftClass::Init] Calling SetSwitch(COMP_CANOPY)...
[AircraftClass::Init] SetSwitch done
[AircraftClass::Init] Checking ACMI recording...
[AircraftClass::Init] ACMI check done
[AircraftClass::Init] Checking IsComplex for laser/harm pods...
[AircraftClass::Init] IsComplex check done
[AircraftClass::Init] Checking Guns=0x7fff756b3370
[AircraftClass::Init] Guns check done
[AircraftClass::Init] Starting sensor setup...
[AircraftClass::Init] Sensor setup done, numSensors=3
[AircraftClass::Init] Creating brain, GetCampaignObject=0x7fffa80a18a0
[AircraftClass::Init] Creating DigitalBrain...
[AircraftClass::Init] DigitalBrain created: 0x7fff756b8f90
[AircraftClass::Init] Brain created, calling DBrain()->SetTaxiPoint...
[AircraftClass::Init] Creating PilotInputs...
[AircraftClass::Init] PilotInputs created: 0x7fff756b7440
[AircraftClass::Init] Checking PreFlight...
[AircraftClass::Init] End of initData block
[AircraftClass::Init] EXIT - Init complete
[AircraftClass::Init] ENTER
[AircraftClass::Init] SimVehicleClass::Init done
[AircraftClass::Init] classPtr=0x555557be699d, initData=0x7fffc4d83a60
[AircraftClass::Init] Checking SType/SPType...
[AircraftClass::Init] Creating AirframeClass...
[AircraftClass::Init] AirframeClass created: 0x7fff756bace0
[AircraftClass::Init] SetFlag done, mFaults=(nil)
[AircraftClass::Init] FackClass created, isDigital=1
[AircraftClass::Init] Checking RunningInstantAction...
[AircraftClass::Init] RunningInstantAction check done
[AircraftClass::Init] Initial pos set: x=1253656.3 y=1440670.1 z=-31.0
[AircraftClass::Init] Waypoints: numWaypoints=8 waypoint=0x7fff756b3130
[AircraftClass::Init] Waypoint loop done
[AircraftClass::Init] st=33360000 SimLibElapsedTime=33075951
[AircraftClass::Init] SetStartTime done, currentWaypoint=0
[AircraftClass::Init] Waypoint index loop done, curWaypoint=0x7fff756b3130
[AircraftClass::Init] Inside curWaypoint check, getting WPAction...
[AircraftClass::Init] Getting UnitAirbase from campBase=0x7fffa80a18a0
[AircraftClass::Init] UnitAirbase ent=0x55556142e350
[AircraftClass::Init] WPAction=1 (WP_TAKEOFF=1) allowGroundInit=1
[AircraftClass::Init] Calling OnGroundInit...
[AircraftClass::Init] OnGroundInit done
[AircraftClass::Init] After waypoint if block, initialMach=0.000
[AircraftClass::Init] Mach clamped, afIdx lookup from vehicleDataIndex=232
[AircraftClass::Init] afIdx=1 NumACDefEntries=266
[AircraftClass::Init] Calling af->InitData(1)...
[AircraftClass::Init] af->InitData done
[AircraftClass::Init] Checking auxaeroData=0x55555be8a790
[AircraftClass::Init] F16 flag check done
[AircraftClass::Init] Engine flag check done, creating SMS...
[AircraftClass::Init] SMS created: 0x555558412610
[AircraftClass::Init] Creating FCC, NumHardpoints=8
[AircraftClass::Init] FCC created: 0x5555610ff3b0
[AircraftClass::Init] FCC->SetSms done
[AircraftClass::Init] Getting gun from hardPoint[0]=0x7fff756bb4c0
[AircraftClass::Init] Guns=0x7fff756bb5b0
[AircraftClass::Init] Gun TrailID set
[AircraftClass::Init] Checking ground level...
[AircraftClass::Init] Ground level check done
[AircraftClass::Init] Calling af->Init(1)...
[AircraftClass::Init] af->Init done
[AircraftClass::Init] Checking hasSwingWing...
[AircraftClass::Init] hasSwingWing check done
[AircraftClass::Init] Checking isComplex=1
[AircraftClass::Init] Calling MakeComplex()...
[AircraftClass::Init] MakeComplex done
[AircraftClass::Init] isComplex check done
[AircraftClass::Init] Calling SetSwitch(COMP_CANOPY)...
[AircraftClass::Init] SetSwitch done
[AircraftClass::Init] Checking ACMI recording...
[AircraftClass::Init] ACMI check done
[AircraftClass::Init] Checking IsComplex for laser/harm pods...
[AircraftClass::Init] IsComplex check done
[AircraftClass::Init] Checking Guns=0x7fff756bb5b0
[AircraftClass::Init] Guns check done
[AircraftClass::Init] Starting sensor setup...
[AircraftClass::Init] Sensor setup done, numSensors=3
[AircraftClass::Init] Creating brain, GetCampaignObject=0x7fffa80a18a0
[AircraftClass::Init] Creating DigitalBrain...
[AircraftClass::Init] DigitalBrain created: 0x7fff756c0600
[AircraftClass::Init] Brain created, calling DBrain()->SetTaxiPoint...
[AircraftClass::Init] Creating PilotInputs...
[AircraftClass::Init] PilotInputs created: 0x7fff756bec90
[AircraftClass::Init] Checking PreFlight...
[AircraftClass::Init] End of initData block
[AircraftClass::Init] EXIT - Init complete
[AircraftClass::Init] ENTER
[AircraftClass::Init] SimVehicleClass::Init done
[AircraftClass::Init] classPtr=0x555557be699d, initData=0x7fffc4d83a60
[AircraftClass::Init] Checking SType/SPType...
[AircraftClass::Init] Creating AirframeClass...
[AircraftClass::Init] AirframeClass created: 0x7fff756c2500
[AircraftClass::Init] SetFlag done, mFaults=(nil)
[AircraftClass::Init] FackClass created, isDigital=1
[AircraftClass::Init] Checking RunningInstantAction...
[AircraftClass::Init] RunningInstantAction check done
[AircraftClass::Init] Initial pos set: x=1253753.3 y=1440828.8 z=-31.0
[AircraftClass::Init] Waypoints: numWaypoints=8 waypoint=0x7fff756c10d0
[AircraftClass::Init] Waypoint loop done
[AircraftClass::Init] st=33360000 SimLibElapsedTime=33075951
[AircraftClass::Init] SetStartTime done, currentWaypoint=0
[AircraftClass::Init] Waypoint index loop done, curWaypoint=0x7fff756c10d0
[AircraftClass::Init] Inside curWaypoint check, getting WPAction...
[AircraftClass::Init] Getting UnitAirbase from campBase=0x7fffa80a18a0
[AircraftClass::Init] UnitAirbase ent=0x55556142e350
[AircraftClass::Init] WPAction=1 (WP_TAKEOFF=1) allowGroundInit=1
[AircraftClass::Init] Calling OnGroundInit...
[AircraftClass::Init] OnGroundInit done
[AircraftClass::Init] After waypoint if block, initialMach=0.000
[AircraftClass::Init] Mach clamped, afIdx lookup from vehicleDataIndex=232
[AircraftClass::Init] afIdx=1 NumACDefEntries=266
[AircraftClass::Init] Calling af->InitData(1)...
[AircraftClass::Init] af->InitData done
[AircraftClass::Init] Checking auxaeroData=0x55555be8a790
[AircraftClass::Init] F16 flag check done
[AircraftClass::Init] Engine flag check done, creating SMS...
[AircraftClass::Init] SMS created: 0x55555bea4410
[AircraftClass::Init] Creating FCC, NumHardpoints=8
[AircraftClass::Init] FCC created: 0x5555607783b0
[AircraftClass::Init] FCC->SetSms done
[AircraftClass::Init] Getting gun from hardPoint[0]=0x7fff756c2ce0
[AircraftClass::Init] Guns=0x7fff756c2dd0
[AircraftClass::Init] Gun TrailID set
[AircraftClass::Init] Checking ground level...
[AircraftClass::Init] Ground level check done
[AircraftClass::Init] Calling af->Init(1)...
[AircraftClass::Init] af->Init done
[AircraftClass::Init] Checking hasSwingWing...
[AircraftClass::Init] hasSwingWing check done
[AircraftClass::Init] Checking isComplex=1
[AircraftClass::Init] Calling MakeComplex()...
[AircraftClass::Init] MakeComplex done
[AircraftClass::Init] isComplex check done
[AircraftClass::Init] Calling SetSwitch(COMP_CANOPY)...
[AircraftClass::Init] SetSwitch done
[AircraftClass::Init] Checking ACMI recording...
[AircraftClass::Init] ACMI check done
[AircraftClass::Init] Checking IsComplex for laser/harm pods...
[AircraftClass::Init] IsComplex check done
[AircraftClass::Init] Checking Guns=0x7fff756c2dd0
[AircraftClass::Init] Guns check done
[AircraftClass::Init] Starting sensor setup...
[AircraftClass::Init] Sensor setup done, numSensors=3
[AircraftClass::Init] Creating brain, GetCampaignObject=0x7fffa80a18a0
[AircraftClass::Init] Creating DigitalBrain...
[AircraftClass::Init] DigitalBrain created: 0x7fff756c7e00
[AircraftClass::Init] Brain created, calling DBrain()->SetTaxiPoint...
[AircraftClass::Init] Creating PilotInputs...
[AircraftClass::Init] PilotInputs created: 0x7fff756c8260
[AircraftClass::Init] Checking PreFlight...
[AircraftClass::Init] End of initData block
[AircraftClass::Init] EXIT - Init complete
[AircraftClass::Init] ENTER
[AircraftClass::Init] SimVehicleClass::Init done
[AircraftClass::Init] classPtr=0x555557be699d, initData=0x7fffc4d83a60
[AircraftClass::Init] Checking SType/SPType...
[AircraftClass::Init] Creating AirframeClass...
[AircraftClass::Init] AirframeClass created: 0x7fff756c9d70
[AircraftClass::Init] SetFlag done, mFaults=(nil)
[AircraftClass::Init] FackClass created, isDigital=1
[AircraftClass::Init] Checking RunningInstantAction...
[AircraftClass::Init] RunningInstantAction check done
[AircraftClass::Init] Initial pos set: x=1253523.8 y=1440487.5 z=-31.0
[AircraftClass::Init] Waypoints: numWaypoints=8 waypoint=0x7fff756c8940
[AircraftClass::Init] Waypoint loop done
[AircraftClass::Init] st=33360000 SimLibElapsedTime=33075951
[AircraftClass::Init] SetStartTime done, currentWaypoint=0
[AircraftClass::Init] Waypoint index loop done, curWaypoint=0x7fff756c8940
[AircraftClass::Init] Inside curWaypoint check, getting WPAction...
[AircraftClass::Init] Getting UnitAirbase from campBase=0x7fffa80a18a0
[AircraftClass::Init] UnitAirbase ent=0x55556142e350
[AircraftClass::Init] WPAction=1 (WP_TAKEOFF=1) allowGroundInit=1
[AircraftClass::Init] Calling OnGroundInit...
[AircraftClass::Init] OnGroundInit done
[AircraftClass::Init] After waypoint if block, initialMach=0.000
[AircraftClass::Init] Mach clamped, afIdx lookup from vehicleDataIndex=232
[AircraftClass::Init] afIdx=1 NumACDefEntries=266
[AircraftClass::Init] Calling af->InitData(1)...
[AircraftClass::Init] af->InitData done
[AircraftClass::Init] Checking auxaeroData=0x55555be8a790
[AircraftClass::Init] F16 flag check done
[AircraftClass::Init] Engine flag check done, creating SMS...
[AircraftClass::Init] SMS created: 0x55555b514b80
[AircraftClass::Init] Creating FCC, NumHardpoints=8
[AircraftClass::Init] FCC created: 0x555560778140
[AircraftClass::Init] FCC->SetSms done
[AircraftClass::Init] Getting gun from hardPoint[0]=0x7fff756ca550
[AircraftClass::Init] Guns=0x7fff756ca640
[AircraftClass::Init] Gun TrailID set
[AircraftClass::Init] Checking ground level...
[AircraftClass::Init] Ground level check done
[AircraftClass::Init] Calling af->Init(1)...
[AircraftClass::Init] af->Init done
[AircraftClass::Init] Checking hasSwingWing...
[AircraftClass::Init] hasSwingWing check done
[AircraftClass::Init] Checking isComplex=1
[AircraftClass::Init] Calling MakeComplex()...
[AircraftClass::Init] MakeComplex done
[AircraftClass::Init] isComplex check done
[AircraftClass::Init] Calling SetSwitch(COMP_CANOPY)...
[AircraftClass::Init] SetSwitch done
[AircraftClass::Init] Checking ACMI recording...
[AircraftClass::Init] ACMI check done
[AircraftClass::Init] Checking IsComplex for laser/harm pods...
[AircraftClass::Init] IsComplex check done
[AircraftClass::Init] Checking Guns=0x7fff756ca640
[AircraftClass::Init] Guns check done
[AircraftClass::Init] Starting sensor setup...
[AircraftClass::Init] Sensor setup done, numSensors=3
[AircraftClass::Init] Creating brain, GetCampaignObject=0x7fffa80a18a0
[AircraftClass::Init] Creating DigitalBrain...
[AircraftClass::Init] DigitalBrain created: 0x7fff756cf690
[AircraftClass::Init] Brain created, calling DBrain()->SetTaxiPoint...
[AircraftClass::Init] Creating PilotInputs...
[AircraftClass::Init] PilotInputs created: 0x7fff756cfaf0
[AircraftClass::Init] Checking PreFlight...
[AircraftClass::Init] End of initData block
[AircraftClass::Init] EXIT - Init complete
[shot] frame 200 -> /home/admin/ff-gates/shots/screenshot_sim.bmp (1024x768)
[Joystick] axis 2 active (value -14007)
[Joystick] axis 2 active (value -8096)
[Joystick] axis 1 active (value 8488)
[Joystick] axis 1 active (value 9000)
[Joystick] axis 1 active (value 9769)
[Joystick] axis 2 active (value -8096)
[shot] frame 600 -> /home/admin/ff-gates/shots/screenshot_sim.bmp (1024x768)
[AircraftClass::Init] ENTER
[AircraftClass::Init] SimVehicleClass::Init done
[AircraftClass::Init] classPtr=0x555557c28f1e, initData=0x7fffc4d83a60
[AircraftClass::Init] Checking SType/SPType...
[AircraftClass::Init] Creating AirframeClass...
[AircraftClass::Init] AirframeClass created: 0x7fffb1259450
[AircraftClass::Init] SetFlag done, mFaults=(nil)
[AircraftClass::Init] FackClass created, isDigital=1
[AircraftClass::Init] Checking RunningInstantAction...
[AircraftClass::Init] RunningInstantAction check done
[AircraftClass::Init] Initial pos set: x=1244752.2 y=1697389.5 z=-30000.0
[AircraftClass::Init] Waypoints: numWaypoints=8 waypoint=0x7fffb0f0c220
[AircraftClass::Init] Waypoint loop done
[AircraftClass::Init] st=32700000 SimLibElapsedTime=33099519
[AircraftClass::Init] SetStartTime done, currentWaypoint=5
[AircraftClass::Init] Waypoint index loop done, curWaypoint=0x7fffb0f08aa0
[AircraftClass::Init] Inside curWaypoint check, getting WPAction...
[AircraftClass::Init] Getting UnitAirbase from campBase=0x7fffa80a6cc0
[AircraftClass::Init] UnitAirbase ent=0x555561492fe0
[AircraftClass::Init] WPAction=0 (WP_TAKEOFF=1) allowGroundInit=1
[AircraftClass::Init] Else branch (not WP_TAKEOFF)
[AircraftClass::Init] Calling AddTakeOff, waypoint=0x7fffb0f0c220
[AircraftClass::Init] AddTakeOff done
[AircraftClass::Init] Got atWaypoint location: 1546510.3, 1402191.2, -30000.0
[AircraftClass::Init] RunningInstantAction=0 isDigital=1
[AircraftClass::Init] Getting wp2 location from curWaypoint=0x7fffb0f08aa0
[AircraftClass::Init] wp2 location: 1280832.0, 1667869.6, -30000.0
[AircraftClass::Init] initialPsi=2.356, getting arrival times
[AircraftClass::Init] dt=485158 SEC_TO_MSEC=1000
[AircraftClass::Init] initialMach=774.692
[AircraftClass::Init] After waypoint if block, initialMach=774.692
[AircraftClass::Init] Mach clamped, afIdx lookup from vehicleDataIndex=128
[AircraftClass::Init] afIdx=86 NumACDefEntries=266
[AircraftClass::Init] Calling af->InitData(86)...
[AircraftClass::Init] af->InitData done
[AircraftClass::Init] Checking auxaeroData=0x55555c7ebd40
[AircraftClass::Init] F16 flag check done
[AircraftClass::Init] Engine flag check done, creating SMS...
[AircraftClass::Init] SMS created: 0x7fffb040f890
[AircraftClass::Init] Creating FCC, NumHardpoints=10
[AircraftClass::Init] FCC created: 0x55556076aa80
[AircraftClass::Init] FCC->SetSms done
[AircraftClass::Init] Getting gun from hardPoint[0]=0x7fffb0f09b40
[AircraftClass::Init] Guns=0x7fffb1257ac0
[AircraftClass::Init] Gun TrailID set
[AircraftClass::Init] Checking ground level...
[AircraftClass::Init] Ground level check done
[AircraftClass::Init] Calling af->Init(86)...
[AircraftClass::Init] af->Init done
[AircraftClass::Init] Checking hasSwingWing...
[AircraftClass::Init] hasSwingWing check done
[AircraftClass::Init] Checking isComplex=1
[AircraftClass::Init] Calling MakeComplex()...
[AircraftClass::Init] MakeComplex done
[AircraftClass::Init] isComplex check done
[AircraftClass::Init] Calling SetSwitch(COMP_CANOPY)...
[AircraftClass::Init] SetSwitch done
[AircraftClass::Init] Checking ACMI recording...
[AircraftClass::Init] ACMI check done
[AircraftClass::Init] Checking IsComplex for laser/harm pods...
[AircraftClass::Init] IsComplex check done
[AircraftClass::Init] Checking Guns=0x7fffb1257ac0
[AircraftClass::Init] Guns check done
[AircraftClass::Init] Starting sensor setup...
[AircraftClass::Init] Sensor setup done, numSensors=3
[AircraftClass::Init] Creating brain, GetCampaignObject=0x7fffa80a6cc0
[AircraftClass::Init] Creating DigitalBrain...
[AircraftClass::Init] DigitalBrain created: 0x7fffb124a0a0
[AircraftClass::Init] Brain created, calling DBrain()->SetTaxiPoint...
[AircraftClass::Init] Creating PilotInputs...
[AircraftClass::Init] PilotInputs created: 0x7fffb03e0da0
[AircraftClass::Init] Checking PreFlight...
[AircraftClass::Init] Calling PreFlight()...
[AircraftClass::Init] PreFlight done
[AircraftClass::Init] End of initData block
[AircraftClass::Init] EXIT - Init complete
[AircraftClass::Init] ENTER
[AircraftClass::Init] SimVehicleClass::Init done
[AircraftClass::Init] classPtr=0x555557c28f1e, initData=0x7fffc4d83a60
[AircraftClass::Init] Checking SType/SPType...
[AircraftClass::Init] Creating AirframeClass...
[AircraftClass::Init] AirframeClass created: 0x7fffb124b950
[AircraftClass::Init] SetFlag done, mFaults=(nil)
[AircraftClass::Init] FackClass created, isDigital=1
[AircraftClass::Init] Checking RunningInstantAction...
[AircraftClass::Init] RunningInstantAction check done
[AircraftClass::Init] Initial pos set: x=1236794.5 y=1696593.6 z=-30000.0
[AircraftClass::Init] Waypoints: numWaypoints=8 waypoint=0x7fffb12b8020
[AircraftClass::Init] Waypoint loop done
[AircraftClass::Init] st=32700000 SimLibElapsedTime=33099519
[AircraftClass::Init] SetStartTime done, currentWaypoint=5
[AircraftClass::Init] Waypoint index loop done, curWaypoint=0x7fffb10ec9f0
[AircraftClass::Init] Inside curWaypoint check, getting WPAction...
[AircraftClass::Init] Getting UnitAirbase from campBase=0x7fffa80a6cc0
[AircraftClass::Init] UnitAirbase ent=0x555561492fe0
[AircraftClass::Init] WPAction=0 (WP_TAKEOFF=1) allowGroundInit=1
[AircraftClass::Init] Else branch (not WP_TAKEOFF)
[AircraftClass::Init] Calling AddTakeOff, waypoint=0x7fffb12b8020
[AircraftClass::Init] AddTakeOff done
[AircraftClass::Init] Got atWaypoint location: 1546510.3, 1402191.2, -30000.0
[AircraftClass::Init] RunningInstantAction=0 isDigital=1
[AircraftClass::Init] Getting wp2 location from curWaypoint=0x7fffb10ec9f0
[AircraftClass::Init] wp2 location: 1280832.0, 1667869.6, -30000.0
[AircraftClass::Init] initialPsi=2.356, getting arrival times
[AircraftClass::Init] dt=485158 SEC_TO_MSEC=1000
[AircraftClass::Init] initialMach=774.692
[AircraftClass::Init] After waypoint if block, initialMach=774.692
[AircraftClass::Init] Mach clamped, afIdx lookup from vehicleDataIndex=128
[AircraftClass::Init] afIdx=86 NumACDefEntries=266
[AircraftClass::Init] Calling af->InitData(86)...
[AircraftClass::Init] af->InitData done
[AircraftClass::Init] Checking auxaeroData=0x55555c7ebd40
[AircraftClass::Init] F16 flag check done
[AircraftClass::Init] Engine flag check done, creating SMS...
[AircraftClass::Init] SMS created: 0x7fffb124c0c0
[AircraftClass::Init] Creating FCC, NumHardpoints=10
[AircraftClass::Init] FCC created: 0x555561206ba0
[AircraftClass::Init] FCC->SetSms done
[AircraftClass::Init] Getting gun from hardPoint[0]=0x7fffb12b91b0
[AircraftClass::Init] Guns=0x7fffb124c260
[AircraftClass::Init] Gun TrailID set
[AircraftClass::Init] Checking ground level...
[AircraftClass::Init] Ground level check done
[AircraftClass::Init] Calling af->Init(86)...
[AircraftClass::Init] af->Init done
[AircraftClass::Init] Checking hasSwingWing...
[AircraftClass::Init] hasSwingWing check done
[AircraftClass::Init] Checking isComplex=1
[AircraftClass::Init] Calling MakeComplex()...
[AircraftClass::Init] MakeComplex done
[AircraftClass::Init] isComplex check done
[AircraftClass::Init] Calling SetSwitch(COMP_CANOPY)...
[AircraftClass::Init] SetSwitch done
[AircraftClass::Init] Checking ACMI recording...
[AircraftClass::Init] ACMI check done
[AircraftClass::Init] Checking IsComplex for laser/harm pods...
[AircraftClass::Init] IsComplex check done
[AircraftClass::Init] Checking Guns=0x7fffb124c260
[AircraftClass::Init] Guns check done
[AircraftClass::Init] Starting sensor setup...
[AircraftClass::Init] Sensor setup done, numSensors=3
[AircraftClass::Init] Creating brain, GetCampaignObject=0x7fffa80a6cc0
[AircraftClass::Init] Creating DigitalBrain...
[AircraftClass::Init] DigitalBrain created: 0x7fffb1210fb0
[AircraftClass::Init] Brain created, calling DBrain()->SetTaxiPoint...
[AircraftClass::Init] Creating PilotInputs...
[AircraftClass::Init] PilotInputs created: 0x7fffb120fd30
[AircraftClass::Init] Checking PreFlight...
[AircraftClass::Init] Calling PreFlight()...
[AircraftClass::Init] PreFlight done
[AircraftClass::Init] End of initData block
[AircraftClass::Init] EXIT - Init complete
[AircraftClass::Init] ENTER
[AircraftClass::Init] SimVehicleClass::Init done
[AircraftClass::Init] classPtr=0x555557c28f1e, initData=0x7fffc4d83a60
[AircraftClass::Init] Checking SType/SPType...
[AircraftClass::Init] Creating AirframeClass...
[AircraftClass::Init] AirframeClass created: 0x7fffb1212d20
[AircraftClass::Init] SetFlag done, mFaults=(nil)
[AircraftClass::Init] FackClass created, isDigital=1
[AircraftClass::Init] Checking RunningInstantAction...
[AircraftClass::Init] RunningInstantAction check done
[AircraftClass::Init] Initial pos set: x=1235443.2 y=1713061.6 z=-30000.0
[AircraftClass::Init] Waypoints: numWaypoints=8 waypoint=0x7fffb12118f0
[AircraftClass::Init] Waypoint loop done
[AircraftClass::Init] st=32700000 SimLibElapsedTime=33099519
[AircraftClass::Init] SetStartTime done, currentWaypoint=5
[AircraftClass::Init] Waypoint index loop done, curWaypoint=0x7fffb1211ad0
[AircraftClass::Init] Inside curWaypoint check, getting WPAction...
[AircraftClass::Init] Getting UnitAirbase from campBase=0x7fffa80a6cc0
[AircraftClass::Init] UnitAirbase ent=0x555561492fe0
[AircraftClass::Init] WPAction=0 (WP_TAKEOFF=1) allowGroundInit=1
[AircraftClass::Init] Else branch (not WP_TAKEOFF)
[AircraftClass::Init] Calling AddTakeOff, waypoint=0x7fffb12118f0
[AircraftClass::Init] AddTakeOff done
[AircraftClass::Init] Got atWaypoint location: 1546510.3, 1402191.2, -30000.0
[AircraftClass::Init] RunningInstantAction=0 isDigital=1
[AircraftClass::Init] Getting wp2 location from curWaypoint=0x7fffb1211ad0
[AircraftClass::Init] wp2 location: 1280832.0, 1667869.6, -30000.0
[AircraftClass::Init] initialPsi=2.356, getting arrival times
[AircraftClass::Init] dt=485158 SEC_TO_MSEC=1000
[AircraftClass::Init] initialMach=774.692
[AircraftClass::Init] After waypoint if block, initialMach=774.692
[AircraftClass::Init] Mach clamped, afIdx lookup from vehicleDataIndex=128
[AircraftClass::Init] afIdx=86 NumACDefEntries=266
[AircraftClass::Init] Calling af->InitData(86)...
[AircraftClass::Init] af->InitData done
[AircraftClass::Init] Checking auxaeroData=0x55555c7ebd40
[AircraftClass::Init] F16 flag check done
[AircraftClass::Init] Engine flag check done, creating SMS...
[AircraftClass::Init] SMS created: 0x7fffb1213500
[AircraftClass::Init] Creating FCC, NumHardpoints=10
[AircraftClass::Init] FCC created: 0x555561206930
[AircraftClass::Init] FCC->SetSms done
[AircraftClass::Init] Getting gun from hardPoint[0]=0x7fffb12136a0
[AircraftClass::Init] Guns=0x7fffb1213790
[AircraftClass::Init] Gun TrailID set
[AircraftClass::Init] Checking ground level...
[AircraftClass::Init] Ground level check done
[AircraftClass::Init] Calling af->Init(86)...
[AircraftClass::Init] af->Init done
[AircraftClass::Init] Checking hasSwingWing...
[AircraftClass::Init] hasSwingWing check done
[AircraftClass::Init] Checking isComplex=1
[AircraftClass::Init] Calling MakeComplex()...
[AircraftClass::Init] MakeComplex done
[AircraftClass::Init] isComplex check done
[AircraftClass::Init] Calling SetSwitch(COMP_CANOPY)...
[AircraftClass::Init] SetSwitch done
[AircraftClass::Init] Checking ACMI recording...
[AircraftClass::Init] ACMI check done
[AircraftClass::Init] Checking IsComplex for laser/harm pods...
[AircraftClass::Init] IsComplex check done
[AircraftClass::Init] Checking Guns=0x7fffb1213790
[AircraftClass::Init] Guns check done
[AircraftClass::Init] Starting sensor setup...
[AircraftClass::Init] Sensor setup done, numSensors=3
[AircraftClass::Init] Creating brain, GetCampaignObject=0x7fffa80a6cc0
[AircraftClass::Init] Creating DigitalBrain...
[AircraftClass::Init] DigitalBrain created: 0x7fffb04068d0
[AircraftClass::Init] Brain created, calling DBrain()->SetTaxiPoint...
[AircraftClass::Init] Creating PilotInputs...
[AircraftClass::Init] PilotInputs created: 0x7fffb0405620
[AircraftClass::Init] Checking PreFlight...
[AircraftClass::Init] Calling PreFlight()...
[AircraftClass::Init] PreFlight done
[AircraftClass::Init] End of initData block
[AircraftClass::Init] EXIT - Init complete
[AircraftClass::Init] ENTER
[AircraftClass::Init] SimVehicleClass::Init done
[AircraftClass::Init] classPtr=0x555557c28f1e, initData=0x7fffc4d83a60
[AircraftClass::Init] Checking SType/SPType...
[AircraftClass::Init] Creating AirframeClass...
[AircraftClass::Init] AirframeClass created: 0x7fffb0411240
[AircraftClass::Init] SetFlag done, mFaults=(nil)
[AircraftClass::Init] FackClass created, isDigital=1
[AircraftClass::Init] Checking RunningInstantAction...
[AircraftClass::Init] RunningInstantAction check done
[AircraftClass::Init] Initial pos set: x=1234081.8 y=1722035.1 z=-30000.0
[AircraftClass::Init] Waypoints: numWaypoints=8 waypoint=0x7fffb0407290
[AircraftClass::Init] Waypoint loop done
[AircraftClass::Init] st=32700000 SimLibElapsedTime=33099519
[AircraftClass::Init] SetStartTime done, currentWaypoint=5
[AircraftClass::Init] Waypoint index loop done, curWaypoint=0x7fffb0407470
[AircraftClass::Init] Inside curWaypoint check, getting WPAction...
[AircraftClass::Init] Getting UnitAirbase from campBase=0x7fffa80a6cc0
[AircraftClass::Init] UnitAirbase ent=0x555561492fe0
[AircraftClass::Init] WPAction=0 (WP_TAKEOFF=1) allowGroundInit=1
[AircraftClass::Init] Else branch (not WP_TAKEOFF)
[AircraftClass::Init] Calling AddTakeOff, waypoint=0x7fffb0407290
[AircraftClass::Init] AddTakeOff done
[AircraftClass::Init] Got atWaypoint location: 1546510.3, 1402191.2, -30000.0
[AircraftClass::Init] RunningInstantAction=0 isDigital=1
[AircraftClass::Init] Getting wp2 location from curWaypoint=0x7fffb0407470
[AircraftClass::Init] wp2 location: 1280832.0, 1667869.6, -30000.0
[AircraftClass::Init] initialPsi=2.356, getting arrival times
[AircraftClass::Init] dt=485158 SEC_TO_MSEC=1000
[AircraftClass::Init] initialMach=774.692
[AircraftClass::Init] After waypoint if block, initialMach=774.692
[AircraftClass::Init] Mach clamped, afIdx lookup from vehicleDataIndex=128
[AircraftClass::Init] afIdx=86 NumACDefEntries=266
[AircraftClass::Init] Calling af->InitData(86)...
[AircraftClass::Init] af->InitData done
[AircraftClass::Init] Checking auxaeroData=0x55555c7ebd40
[AircraftClass::Init] F16 flag check done
[AircraftClass::Init] Engine flag check done, creating SMS...
[AircraftClass::Init] SMS created: 0x7fffb04077c0
[AircraftClass::Init] Creating FCC, NumHardpoints=10
[AircraftClass::Init] FCC created: 0x555561203f10
[AircraftClass::Init] FCC->SetSms done
[AircraftClass::Init] Getting gun from hardPoint[0]=0x7fffb0407960
[AircraftClass::Init] Guns=0x7fffb04119b0
[AircraftClass::Init] Gun TrailID set
[AircraftClass::Init] Checking ground level...
[AircraftClass::Init] Ground level check done
[AircraftClass::Init] Calling af->Init(86)...
[AircraftClass::Init] af->Init done
[AircraftClass::Init] Checking hasSwingWing...
[AircraftClass::Init] hasSwingWing check done
[AircraftClass::Init] Checking isComplex=1
[AircraftClass::Init] Calling MakeComplex()...
[AircraftClass::Init] MakeComplex done
[AircraftClass::Init] isComplex check done
[AircraftClass::Init] Calling SetSwitch(COMP_CANOPY)...
[AircraftClass::Init] SetSwitch done
[AircraftClass::Init] Checking ACMI recording...
[AircraftClass::Init] ACMI check done
[AircraftClass::Init] Checking IsComplex for laser/harm pods...
[AircraftClass::Init] IsComplex check done
[AircraftClass::Init] Checking Guns=0x7fffb04119b0
[AircraftClass::Init] Guns check done
[AircraftClass::Init] Starting sensor setup...
[AircraftClass::Init] Sensor setup done, numSensors=3
[AircraftClass::Init] Creating brain, GetCampaignObject=0x7fffa80a6cc0
[AircraftClass::Init] Creating DigitalBrain...
[AircraftClass::Init] DigitalBrain created: 0x7fffb03f4ba0
[AircraftClass::Init] Brain created, calling DBrain()->SetTaxiPoint...
[AircraftClass::Init] Creating PilotInputs...
[AircraftClass::Init] PilotInputs created: 0x7fffb0415480
[AircraftClass::Init] Checking PreFlight...
[AircraftClass::Init] Calling PreFlight()...
[AircraftClass::Init] PreFlight done
[AircraftClass::Init] End of initData block
[AircraftClass::Init] EXIT - Init complete
[Joystick] axis 0 active (value -8168)
[Joystick] axis 0 active (value -8681)
[Joystick] axis 0 active (value -8809)
[AircraftClass::Init] ENTER
[AircraftClass::Init] SimVehicleClass::Init done
[AircraftClass::Init] classPtr=0x555557be6cef, initData=0x7fffc4d83a60
[AircraftClass::Init] Checking SType/SPType...
[AircraftClass::Init] Creating AirframeClass...
[AircraftClass::Init] AirframeClass created: 0x7fff76777e90
[AircraftClass::Init] SetFlag done, mFaults=(nil)
[AircraftClass::Init] FackClass created, isDigital=1
[AircraftClass::Init] Checking RunningInstantAction...
[AircraftClass::Init] RunningInstantAction check done
[AircraftClass::Init] Initial pos set: x=1333311.6 y=1516990.6 z=-19567.0
[AircraftClass::Init] Waypoints: numWaypoints=8 waypoint=0x7fff76772d50
[AircraftClass::Init] Waypoint loop done
[AircraftClass::Init] st=32700000 SimLibElapsedTime=33129933
[AircraftClass::Init] SetStartTime done, currentWaypoint=2
[AircraftClass::Init] Waypoint index loop done, curWaypoint=0x7fff76776ae0
[AircraftClass::Init] Inside curWaypoint check, getting WPAction...
[AircraftClass::Init] Getting UnitAirbase from campBase=0x7fffa80a6240
[AircraftClass::Init] UnitAirbase ent=0x55556142dc50
[AircraftClass::Init] WPAction=16 (WP_TAKEOFF=1) allowGroundInit=1
[AircraftClass::Init] Else branch (not WP_TAKEOFF)
[AircraftClass::Init] Calling AddTakeOff, waypoint=0x7fff76772d50
[AircraftClass::Init] AddTakeOff done
[AircraftClass::Init] Got atWaypoint location: 1602270.0, 1631789.8, -18000.0
[AircraftClass::Init] RunningInstantAction=0 isDigital=1
[AircraftClass::Init] Getting wp2 location from curWaypoint=0x7fff76776ae0
[AircraftClass::Init] wp2 location: 1703949.3, 1674429.6, -20000.0
[AircraftClass::Init] initialPsi=0.397, getting arrival times
[AircraftClass::Init] dt=254769 SEC_TO_MSEC=1000
[AircraftClass::Init] initialMach=434.086
[AircraftClass::Init] After waypoint if block, initialMach=434.086
[AircraftClass::Init] Mach clamped, afIdx lookup from vehicleDataIndex=47
[AircraftClass::Init] afIdx=7 NumACDefEntries=266
[AircraftClass::Init] Calling af->InitData(7)...
[AircraftClass::Init] af->InitData done
[AircraftClass::Init] Checking auxaeroData=0x55555be9a8c0
[AircraftClass::Init] F16 flag check done
[AircraftClass::Init] Engine flag check done, creating SMS...
[AircraftClass::Init] SMS created: 0x7fff76658610
[AircraftClass::Init] Creating FCC, NumHardpoints=14
[AircraftClass::Init] FCC created: 0x555561203ca0
[AircraftClass::Init] FCC->SetSms done
[AircraftClass::Init] Getting gun from hardPoint[0]=0x7fffb01b8af0
[AircraftClass::Init] Guns=0x7fff76778600
[AircraftClass::Init] Gun TrailID set
[AircraftClass::Init] Checking ground level...
[AircraftClass::Init] Ground level check done
[AircraftClass::Init] Calling af->Init(7)...
[AircraftClass::Init] af->Init done
[AircraftClass::Init] Checking hasSwingWing...
[AircraftClass::Init] hasSwingWing check done
[AircraftClass::Init] Checking isComplex=1
[AircraftClass::Init] Calling MakeComplex()...
[AircraftClass::Init] MakeComplex done
[AircraftClass::Init] isComplex check done
[AircraftClass::Init] Calling SetSwitch(COMP_CANOPY)...
[AircraftClass::Init] SetSwitch done
[AircraftClass::Init] Checking ACMI recording...
[AircraftClass::Init] ACMI check done
[AircraftClass::Init] Checking IsComplex for laser/harm pods...
[AircraftClass::Init] IsComplex check done
[AircraftClass::Init] Checking Guns=0x7fff76778600
[AircraftClass::Init] Guns check done
[AircraftClass::Init] Starting sensor setup...
[AircraftClass::Init] Sensor setup done, numSensors=3
[AircraftClass::Init] Creating brain, GetCampaignObject=0x7fffa80a6240
[AircraftClass::Init] Creating DigitalBrain...
[AircraftClass::Init] DigitalBrain created: 0x7fff7677f710
[AircraftClass::Init] Brain created, calling DBrain()->SetTaxiPoint...
[AircraftClass::Init] Creating PilotInputs...
[AircraftClass::Init] PilotInputs created: 0x7fff7677e010
[AircraftClass::Init] Checking PreFlight...
[AircraftClass::Init] Calling PreFlight()...
[AircraftClass::Init] PreFlight done
[AircraftClass::Init] End of initData block
[AircraftClass::Init] EXIT - Init complete
[AircraftClass::Init] ENTER
[AircraftClass::Init] SimVehicleClass::Init done
[AircraftClass::Init] classPtr=0x555557be6cef, initData=0x7fffc4d83a60
[AircraftClass::Init] Checking SType/SPType...
[AircraftClass::Init] Creating AirframeClass...
[AircraftClass::Init] AirframeClass created: 0x7fff76781510
[AircraftClass::Init] SetFlag done, mFaults=(nil)
[AircraftClass::Init] FackClass created, isDigital=1
[AircraftClass::Init] Checking RunningInstantAction...
[AircraftClass::Init] RunningInstantAction check done
[AircraftClass::Init] Initial pos set: x=1330317.5 y=1509574.6 z=-19567.0
[AircraftClass::Init] Waypoints: numWaypoints=8 waypoint=0x7fff76776e80
[AircraftClass::Init] Waypoint loop done
[AircraftClass::Init] st=32700000 SimLibElapsedTime=33129933
[AircraftClass::Init] SetStartTime done, currentWaypoint=2
[AircraftClass::Init] Waypoint index loop done, curWaypoint=0x7fff767801a0
[AircraftClass::Init] Inside curWaypoint check, getting WPAction...
[AircraftClass::Init] Getting UnitAirbase from campBase=0x7fffa80a6240
[AircraftClass::Init] UnitAirbase ent=0x55556142dc50
[AircraftClass::Init] WPAction=16 (WP_TAKEOFF=1) allowGroundInit=1
[AircraftClass::Init] Else branch (not WP_TAKEOFF)
[AircraftClass::Init] Calling AddTakeOff, waypoint=0x7fff76776e80
[AircraftClass::Init] AddTakeOff done
[AircraftClass::Init] Got atWaypoint location: 1602270.0, 1631789.8, -18000.0
[AircraftClass::Init] RunningInstantAction=0 isDigital=1
[AircraftClass::Init] Getting wp2 location from curWaypoint=0x7fff767801a0
[AircraftClass::Init] wp2 location: 1703949.3, 1674429.6, -20000.0
[AircraftClass::Init] initialPsi=0.397, getting arrival times
[AircraftClass::Init] dt=254769 SEC_TO_MSEC=1000
[AircraftClass::Init] initialMach=434.086
[AircraftClass::Init] After waypoint if block, initialMach=434.086
[AircraftClass::Init] Mach clamped, afIdx lookup from vehicleDataIndex=47
[AircraftClass::Init] afIdx=7 NumACDefEntries=266
[AircraftClass::Init] Calling af->InitData(7)...
[AircraftClass::Init] af->InitData done
[AircraftClass::Init] Checking auxaeroData=0x55555be9a8c0
[AircraftClass::Init] F16 flag check done
[AircraftClass::Init] Engine flag check done, creating SMS...
[AircraftClass::Init] SMS created: 0x7fff76781cf0
[AircraftClass::Init] Creating FCC, NumHardpoints=14
[AircraftClass::Init] FCC created: 0x5555609bb790
[AircraftClass::Init] FCC->SetSms done
[AircraftClass::Init] Getting gun from hardPoint[0]=0x7fff76781eb0
[AircraftClass::Init] Guns=0x7fff76781fa0
[AircraftClass::Init] Gun TrailID set
[AircraftClass::Init] Checking ground level...
[AircraftClass::Init] Ground level check done
[AircraftClass::Init] Calling af->Init(7)...
[AircraftClass::Init] af->Init done
[AircraftClass::Init] Checking hasSwingWing...
[AircraftClass::Init] hasSwingWing check done
[AircraftClass::Init] Checking isComplex=1
[AircraftClass::Init] Calling MakeComplex()...
[AircraftClass::Init] MakeComplex done
[AircraftClass::Init] isComplex check done
[AircraftClass::Init] Calling SetSwitch(COMP_CANOPY)...
[AircraftClass::Init] SetSwitch done
[AircraftClass::Init] Checking ACMI recording...
[AircraftClass::Init] ACMI check done
[AircraftClass::Init] Checking IsComplex for laser/harm pods...
[AircraftClass::Init] IsComplex check done
[AircraftClass::Init] Checking Guns=0x7fff76781fa0
[AircraftClass::Init] Guns check done
[AircraftClass::Init] Starting sensor setup...
[AircraftClass::Init] Sensor setup done, numSensors=3
[AircraftClass::Init] Creating brain, GetCampaignObject=0x7fffa80a6240
[AircraftClass::Init] Creating DigitalBrain...
[AircraftClass::Init] DigitalBrain created: 0x7fff76789cb0
[AircraftClass::Init] Brain created, calling DBrain()->SetTaxiPoint...
[AircraftClass::Init] Creating PilotInputs...
[AircraftClass::Init] PilotInputs created: 0x7fff76788340
[AircraftClass::Init] Checking PreFlight...
[AircraftClass::Init] Calling PreFlight()...
[AircraftClass::Init] PreFlight done
[AircraftClass::Init] End of initData block
[AircraftClass::Init] EXIT - Init complete
[AircraftClass::Init] ENTER
[AircraftClass::Init] SimVehicleClass::Init done
[AircraftClass::Init] classPtr=0x555557be6cef, initData=0x7fffc4d83a60
[AircraftClass::Init] Checking SType/SPType...
[AircraftClass::Init] Creating AirframeClass...
[AircraftClass::Init] AirframeClass created: 0x7fff7678bba0
[AircraftClass::Init] SetFlag done, mFaults=(nil)
[AircraftClass::Init] FackClass created, isDigital=1
[AircraftClass::Init] Checking RunningInstantAction...
[AircraftClass::Init] RunningInstantAction check done
[AircraftClass::Init] Initial pos set: x=1315108.2 y=1516032.2 z=-19567.0
[AircraftClass::Init] Waypoints: numWaypoints=8 waypoint=0x7fff7678a770
[AircraftClass::Init] Waypoint loop done
[AircraftClass::Init] st=32700000 SimLibElapsedTime=33129933
[AircraftClass::Init] SetStartTime done, currentWaypoint=2
[AircraftClass::Init] Waypoint index loop done, curWaypoint=0x7fff7678a830
[AircraftClass::Init] Inside curWaypoint check, getting WPAction...
[AircraftClass::Init] Getting UnitAirbase from campBase=0x7fffa80a6240
[AircraftClass::Init] UnitAirbase ent=0x55556142dc50
[AircraftClass::Init] WPAction=16 (WP_TAKEOFF=1) allowGroundInit=1
[AircraftClass::Init] Else branch (not WP_TAKEOFF)
[AircraftClass::Init] Calling AddTakeOff, waypoint=0x7fff7678a770
[AircraftClass::Init] AddTakeOff done
[AircraftClass::Init] Got atWaypoint location: 1602270.0, 1631789.8, -18000.0
[AircraftClass::Init] RunningInstantAction=0 isDigital=1
[AircraftClass::Init] Getting wp2 location from curWaypoint=0x7fff7678a830
[AircraftClass::Init] wp2 location: 1703949.3, 1674429.6, -20000.0
[AircraftClass::Init] initialPsi=0.397, getting arrival times
[AircraftClass::Init] dt=254769 SEC_TO_MSEC=1000
[AircraftClass::Init] initialMach=434.086
[AircraftClass::Init] After waypoint if block, initialMach=434.086
[AircraftClass::Init] Mach clamped, afIdx lookup from vehicleDataIndex=47
[AircraftClass::Init] afIdx=7 NumACDefEntries=266
[AircraftClass::Init] Calling af->InitData(7)...
[AircraftClass::Init] af->InitData done
[AircraftClass::Init] Checking auxaeroData=0x55555be9a8c0
[AircraftClass::Init] F16 flag check done
[AircraftClass::Init] Engine flag check done, creating SMS...
[AircraftClass::Init] SMS created: 0x7fff7678c380
[AircraftClass::Init] Creating FCC, NumHardpoints=14
[AircraftClass::Init] FCC created: 0x7fff76792550
[AircraftClass::Init] FCC->SetSms done
[AircraftClass::Init] Getting gun from hardPoint[0]=0x7fff7678c540
[AircraftClass::Init] Guns=0x7fff7678c630
[AircraftClass::Init] Gun TrailID set
[AircraftClass::Init] Checking ground level...
[AircraftClass::Init] Ground level check done
[AircraftClass::Init] Calling af->Init(7)...
[AircraftClass::Init] af->Init done
[AircraftClass::Init] Checking hasSwingWing...
[AircraftClass::Init] hasSwingWing check done
[AircraftClass::Init] Checking isComplex=1
[AircraftClass::Init] Calling MakeComplex()...
[AircraftClass::Init] MakeComplex done
[AircraftClass::Init] isComplex check done
[AircraftClass::Init] Calling SetSwitch(COMP_CANOPY)...
[AircraftClass::Init] SetSwitch done
[AircraftClass::Init] Checking ACMI recording...
[AircraftClass::Init] ACMI check done
[AircraftClass::Init] Checking IsComplex for laser/harm pods...
[AircraftClass::Init] IsComplex check done
[AircraftClass::Init] Checking Guns=0x7fff7678c630
[AircraftClass::Init] Guns check done
[AircraftClass::Init] Starting sensor setup...
[AircraftClass::Init] Sensor setup done, numSensors=3
[AircraftClass::Init] Creating brain, GetCampaignObject=0x7fffa80a6240
[AircraftClass::Init] Creating DigitalBrain...
[AircraftClass::Init] DigitalBrain created: 0x7fff775eefd0
[AircraftClass::Init] Brain created, calling DBrain()->SetTaxiPoint...
[AircraftClass::Init] Creating PilotInputs...
[AircraftClass::Init] PilotInputs created: 0x7fff76792d40
[AircraftClass::Init] Checking PreFlight...
[AircraftClass::Init] Calling PreFlight()...
[AircraftClass::Init] PreFlight done
[AircraftClass::Init] End of initData block
[AircraftClass::Init] EXIT - Init complete
[AircraftClass::Init] ENTER
[AircraftClass::Init] SimVehicleClass::Init done
[AircraftClass::Init] classPtr=0x555557be6cef, initData=0x7fffc4d83a60
[AircraftClass::Init] Checking SType/SPType...
[AircraftClass::Init] Creating AirframeClass...
[AircraftClass::Init] AirframeClass created: 0x7fff775f0c80
[AircraftClass::Init] SetFlag done, mFaults=(nil)
[AircraftClass::Init] FackClass created, isDigital=1
[AircraftClass::Init] Checking RunningInstantAction...
[AircraftClass::Init] RunningInstantAction check done
[AircraftClass::Init] Initial pos set: x=1306530.1 y=1518997.6 z=-19567.0
[AircraftClass::Init] Waypoints: numWaypoints=8 waypoint=0x7fff76794520
[AircraftClass::Init] Waypoint loop done
[AircraftClass::Init] st=32700000 SimLibElapsedTime=33129933
[AircraftClass::Init] SetStartTime done, currentWaypoint=2
[AircraftClass::Init] Waypoint index loop done, curWaypoint=0x7fff775ef910
[AircraftClass::Init] Inside curWaypoint check, getting WPAction...
[AircraftClass::Init] Getting UnitAirbase from campBase=0x7fffa80a6240
[AircraftClass::Init] UnitAirbase ent=0x55556142dc50
[AircraftClass::Init] WPAction=16 (WP_TAKEOFF=1) allowGroundInit=1
[AircraftClass::Init] Else branch (not WP_TAKEOFF)
[AircraftClass::Init] Calling AddTakeOff, waypoint=0x7fff76794520
[AircraftClass::Init] AddTakeOff done
[AircraftClass::Init] Got atWaypoint location: 1602270.0, 1631789.8, -18000.0
[AircraftClass::Init] RunningInstantAction=0 isDigital=1
[AircraftClass::Init] Getting wp2 location from curWaypoint=0x7fff775ef910
[AircraftClass::Init] wp2 location: 1703949.3, 1674429.6, -20000.0
[AircraftClass::Init] initialPsi=0.397, getting arrival times
[AircraftClass::Init] dt=254769 SEC_TO_MSEC=1000
[AircraftClass::Init] initialMach=434.086
[AircraftClass::Init] After waypoint if block, initialMach=434.086
[AircraftClass::Init] Mach clamped, afIdx lookup from vehicleDataIndex=47
[AircraftClass::Init] afIdx=7 NumACDefEntries=266
[AircraftClass::Init] Calling af->InitData(7)...
[AircraftClass::Init] af->InitData done
[AircraftClass::Init] Checking auxaeroData=0x55555be9a8c0
[AircraftClass::Init] F16 flag check done
[AircraftClass::Init] Engine flag check done, creating SMS...
[AircraftClass::Init] SMS created: 0x7fff775f1460
[AircraftClass::Init] Creating FCC, NumHardpoints=14
[AircraftClass::Init] FCC created: 0x7fff775f75b0
[AircraftClass::Init] FCC->SetSms done
[AircraftClass::Init] Getting gun from hardPoint[0]=0x7fff775f1620
[AircraftClass::Init] Guns=0x7fff775f1710
[AircraftClass::Init] Gun TrailID set
[AircraftClass::Init] Checking ground level...
[AircraftClass::Init] Ground level check done
[AircraftClass::Init] Calling af->Init(7)...
[AircraftClass::Init] af->Init done
[AircraftClass::Init] Checking hasSwingWing...
[AircraftClass::Init] hasSwingWing check done
[AircraftClass::Init] Checking isComplex=1
[AircraftClass::Init] Calling MakeComplex()...
[AircraftClass::Init] MakeComplex done
[AircraftClass::Init] isComplex check done
[AircraftClass::Init] Calling SetSwitch(COMP_CANOPY)...
[AircraftClass::Init] SetSwitch done
[AircraftClass::Init] Checking ACMI recording...
[AircraftClass::Init] ACMI check done
[AircraftClass::Init] Checking IsComplex for laser/harm pods...
[AircraftClass::Init] IsComplex check done
[AircraftClass::Init] Checking Guns=0x7fff775f1710
[AircraftClass::Init] Guns check done
[AircraftClass::Init] Starting sensor setup...
[AircraftClass::Init] Sensor setup done, numSensors=3
[AircraftClass::Init] Creating brain, GetCampaignObject=0x7fffa80a6240
[AircraftClass::Init] Creating DigitalBrain...
[AircraftClass::Init] DigitalBrain created: 0x7fff775f9710
[AircraftClass::Init] Brain created, calling DBrain()->SetTaxiPoint...
[AircraftClass::Init] Creating PilotInputs...
[AircraftClass::Init] PilotInputs created: 0x7fff775f7da0
[AircraftClass::Init] Checking PreFlight...
[AircraftClass::Init] Calling PreFlight()...
[AircraftClass::Init] PreFlight done
[AircraftClass::Init] End of initData block
[AircraftClass::Init] EXIT - Init complete
[AircraftClass::Init] ENTER
[AircraftClass::Init] SimVehicleClass::Init done
[AircraftClass::Init] classPtr=0x555557be6af1, initData=0x7fffc4d83a60
[AircraftClass::Init] Checking SType/SPType...
[AircraftClass::Init] Creating AirframeClass...
[AircraftClass::Init] AirframeClass created: 0x7fff77603780
[AircraftClass::Init] SetFlag done, mFaults=(nil)
[AircraftClass::Init] FackClass created, isDigital=1
[AircraftClass::Init] Checking RunningInstantAction...
[AircraftClass::Init] RunningInstantAction check done
[AircraftClass::Init] Initial pos set: x=1176988.1 y=1458954.0 z=-31.0
[AircraftClass::Init] Waypoints: numWaypoints=9 waypoint=0x7fff77602310
[AircraftClass::Init] Waypoint loop done
[AircraftClass::Init] st=33960000 SimLibElapsedTime=33129933
[AircraftClass::Init] SetStartTime done, currentWaypoint=0
[AircraftClass::Init] Waypoint index loop done, curWaypoint=0x7fff77602310
[AircraftClass::Init] Inside curWaypoint check, getting WPAction...
[AircraftClass::Init] Getting UnitAirbase from campBase=0x7fffa80f42f0
[AircraftClass::Init] UnitAirbase ent=0x55556142dc50
[AircraftClass::Init] WPAction=1 (WP_TAKEOFF=1) allowGroundInit=1
[AircraftClass::Init] Calling OnGroundInit...
[AircraftClass::Init] OnGroundInit done
[AircraftClass::Init] After waypoint if block, initialMach=0.000
[AircraftClass::Init] Mach clamped, afIdx lookup from vehicleDataIndex=16
[AircraftClass::Init] afIdx=156 NumACDefEntries=266
[AircraftClass::Init] Calling af->InitData(156)...
[AircraftClass::Init] af->InitData done
[AircraftClass::Init] Checking auxaeroData=0x55555cce3d70
[AircraftClass::Init] F16 flag check done
[AircraftClass::Init] Engine flag check done, creating SMS...
[AircraftClass::Init] SMS created: 0x7fff77603f60
[AircraftClass::Init] Creating FCC, NumHardpoints=10
[AircraftClass::Init] FCC created: 0x7fff7760a570
[AircraftClass::Init] FCC->SetSms done
[AircraftClass::Init] Getting gun from hardPoint[0]=0x7fff77604100
[AircraftClass::Init] Guns=0x7fff776041f0
[AircraftClass::Init] Gun TrailID set
[AircraftClass::Init] Checking ground level...
[AircraftClass::Init] Ground level check done
[AircraftClass::Init] Calling af->Init(156)...
[AircraftClass::Init] af->Init done
[AircraftClass::Init] Checking hasSwingWing...
[AircraftClass::Init] hasSwingWing check done
[AircraftClass::Init] Checking isComplex=1
[AircraftClass::Init] Calling MakeComplex()...
[AircraftClass::Init] MakeComplex done
[AircraftClass::Init] isComplex check done
[AircraftClass::Init] Calling SetSwitch(COMP_CANOPY)...
[AircraftClass::Init] SetSwitch done
[AircraftClass::Init] Checking ACMI recording...
[AircraftClass::Init] ACMI check done
[AircraftClass::Init] Checking IsComplex for laser/harm pods...
[AircraftClass::Init] IsComplex check done
[AircraftClass::Init] Checking Guns=0x7fff776041f0
[AircraftClass::Init] Guns check done
[AircraftClass::Init] Starting sensor setup...
[AircraftClass::Init] Sensor setup done, numSensors=4
[AircraftClass::Init] Creating brain, GetCampaignObject=0x7fffa80f42f0
[AircraftClass::Init] Creating DigitalBrain...
[AircraftClass::Init] DigitalBrain created: 0x7fff7760caf0
[AircraftClass::Init] Brain created, calling DBrain()->SetTaxiPoint...
[AircraftClass::Init] Creating PilotInputs...
[AircraftClass::Init] PilotInputs created: 0x7fff7760adf0
[AircraftClass::Init] Checking PreFlight...
[AircraftClass::Init] End of initData block
[AircraftClass::Init] EXIT - Init complete
[AircraftClass::Init] ENTER
[AircraftClass::Init] SimVehicleClass::Init done
[AircraftClass::Init] classPtr=0x555557be6af1, initData=0x7fffc4d83a60
[AircraftClass::Init] Checking SType/SPType...
[AircraftClass::Init] Creating AirframeClass...
[AircraftClass::Init] AirframeClass created: 0x7fff7760e930
[AircraftClass::Init] SetFlag done, mFaults=(nil)
[AircraftClass::Init] FackClass created, isDigital=1
[AircraftClass::Init] Checking RunningInstantAction...
[AircraftClass::Init] RunningInstantAction check done
[AircraftClass::Init] Initial pos set: x=1176842.8 y=1459005.8 z=-31.0
[AircraftClass::Init] Waypoints: numWaypoints=9 waypoint=0x7fff7760af50
[AircraftClass::Init] Waypoint loop done
[AircraftClass::Init] st=33960000 SimLibElapsedTime=33129933
[AircraftClass::Init] SetStartTime done, currentWaypoint=0
[AircraftClass::Init] Waypoint index loop done, curWaypoint=0x7fff7760af50
[AircraftClass::Init] Inside curWaypoint check, getting WPAction...
[AircraftClass::Init] Getting UnitAirbase from campBase=0x7fffa80f42f0
[AircraftClass::Init] UnitAirbase ent=0x55556142dc50
[AircraftClass::Init] WPAction=1 (WP_TAKEOFF=1) allowGroundInit=1
[AircraftClass::Init] Calling OnGroundInit...
[AircraftClass::Init] OnGroundInit done
[AircraftClass::Init] After waypoint if block, initialMach=0.000
[AircraftClass::Init] Mach clamped, afIdx lookup from vehicleDataIndex=16
[AircraftClass::Init] afIdx=156 NumACDefEntries=266
[AircraftClass::Init] Calling af->InitData(156)...
[AircraftClass::Init] af->InitData done
[AircraftClass::Init] Checking auxaeroData=0x55555cce3d70
[AircraftClass::Init] F16 flag check done
[AircraftClass::Init] Engine flag check done, creating SMS...
[AircraftClass::Init] SMS created: 0x7fff7760f110
[AircraftClass::Init] Creating FCC, NumHardpoints=10
[AircraftClass::Init] FCC created: 0x7fff77615600
[AircraftClass::Init] FCC->SetSms done
[AircraftClass::Init] Getting gun from hardPoint[0]=0x7fff7760f2b0
[AircraftClass::Init] Guns=0x7fff7760f3a0
[AircraftClass::Init] Gun TrailID set
[AircraftClass::Init] Checking ground level...
[AircraftClass::Init] Ground level check done
[AircraftClass::Init] Calling af->Init(156)...
[AircraftClass::Init] af->Init done
[AircraftClass::Init] Checking hasSwingWing...
[AircraftClass::Init] hasSwingWing check done
[AircraftClass::Init] Checking isComplex=1
[AircraftClass::Init] Calling MakeComplex()...
[AircraftClass::Init] MakeComplex done
[AircraftClass::Init] isComplex check done
[AircraftClass::Init] Calling SetSwitch(COMP_CANOPY)...
[AircraftClass::Init] SetSwitch done
[AircraftClass::Init] Checking ACMI recording...
[AircraftClass::Init] ACMI check done
[AircraftClass::Init] Checking IsComplex for laser/harm pods...
[AircraftClass::Init] IsComplex check done
[AircraftClass::Init] Checking Guns=0x7fff7760f3a0
[AircraftClass::Init] Guns check done
[AircraftClass::Init] Starting sensor setup...
[AircraftClass::Init] Sensor setup done, numSensors=4
[AircraftClass::Init] Creating brain, GetCampaignObject=0x7fffa80f42f0
[AircraftClass::Init] Creating DigitalBrain...
[AircraftClass::Init] DigitalBrain created: 0x7fff77617b80
[AircraftClass::Init] Brain created, calling DBrain()->SetTaxiPoint...
[AircraftClass::Init] Creating PilotInputs...
[AircraftClass::Init] PilotInputs created: 0x7fff77615e80
[AircraftClass::Init] Checking PreFlight...
[AircraftClass::Init] End of initData block
[AircraftClass::Init] EXIT - Init complete
[AircraftClass::Init] ENTER
[AircraftClass::Init] SimVehicleClass::Init done
[AircraftClass::Init] classPtr=0x555557be6af1, initData=0x7fffc4d83a60
[AircraftClass::Init] Checking SType/SPType...
[AircraftClass::Init] Creating AirframeClass...
[AircraftClass::Init] AirframeClass created: 0x7fff776199c0
[AircraftClass::Init] SetFlag done, mFaults=(nil)
[AircraftClass::Init] FackClass created, isDigital=1
[AircraftClass::Init] Checking RunningInstantAction...
[AircraftClass::Init] RunningInstantAction check done
[AircraftClass::Init] Initial pos set: x=1176903.1 y=1458927.0 z=-31.0
[AircraftClass::Init] Waypoints: numWaypoints=9 waypoint=0x7fff77615fe0
[AircraftClass::Init] Waypoint loop done
[AircraftClass::Init] st=33960000 SimLibElapsedTime=33129933
[AircraftClass::Init] SetStartTime done, currentWaypoint=0
[AircraftClass::Init] Waypoint index loop done, curWaypoint=0x7fff77615fe0
[AircraftClass::Init] Inside curWaypoint check, getting WPAction...
[AircraftClass::Init] Getting UnitAirbase from campBase=0x7fffa80f42f0
[AircraftClass::Init] UnitAirbase ent=0x55556142dc50
[AircraftClass::Init] WPAction=1 (WP_TAKEOFF=1) allowGroundInit=1
[AircraftClass::Init] Calling OnGroundInit...
[AircraftClass::Init] OnGroundInit done
[AircraftClass::Init] After waypoint if block, initialMach=0.000
[AircraftClass::Init] Mach clamped, afIdx lookup from vehicleDataIndex=16
[AircraftClass::Init] afIdx=156 NumACDefEntries=266
[AircraftClass::Init] Calling af->InitData(156)...
[AircraftClass::Init] af->InitData done
[AircraftClass::Init] Checking auxaeroData=0x55555cce3d70
[AircraftClass::Init] F16 flag check done
[AircraftClass::Init] Engine flag check done, creating SMS...
[AircraftClass::Init] SMS created: 0x7fff7761a1a0
[AircraftClass::Init] Creating FCC, NumHardpoints=10
[AircraftClass::Init] FCC created: 0x7fff77620690
[AircraftClass::Init] FCC->SetSms done
[AircraftClass::Init] Getting gun from hardPoint[0]=0x7fff7761a340
[AircraftClass::Init] Guns=0x7fff7761a430
[AircraftClass::Init] Gun TrailID set
[AircraftClass::Init] Checking ground level...
[AircraftClass::Init] Ground level check done
[AircraftClass::Init] Calling af->Init(156)...
[AircraftClass::Init] af->Init done
[AircraftClass::Init] Checking hasSwingWing...
[AircraftClass::Init] hasSwingWing check done
[AircraftClass::Init] Checking isComplex=1
[AircraftClass::Init] Calling MakeComplex()...
[AircraftClass::Init] MakeComplex done
[AircraftClass::Init] isComplex check done
[AircraftClass::Init] Calling SetSwitch(COMP_CANOPY)...
[AircraftClass::Init] SetSwitch done
[AircraftClass::Init] Checking ACMI recording...
[AircraftClass::Init] ACMI check done
[AircraftClass::Init] Checking IsComplex for laser/harm pods...
[AircraftClass::Init] IsComplex check done
[AircraftClass::Init] Checking Guns=0x7fff7761a430
[AircraftClass::Init] Guns check done
[AircraftClass::Init] Starting sensor setup...
[AircraftClass::Init] Sensor setup done, numSensors=4
[AircraftClass::Init] Creating brain, GetCampaignObject=0x7fffa80f42f0
[AircraftClass::Init] Creating DigitalBrain...
[AircraftClass::Init] DigitalBrain created: 0x7fff77622c10
[AircraftClass::Init] Brain created, calling DBrain()->SetTaxiPoint...
[AircraftClass::Init] Creating PilotInputs...
[AircraftClass::Init] PilotInputs created: 0x7fff77620fc0
[AircraftClass::Init] Checking PreFlight...
[AircraftClass::Init] End of initData block
[AircraftClass::Init] EXIT - Init complete
[AircraftClass::Init] ENTER
[AircraftClass::Init] SimVehicleClass::Init done
[AircraftClass::Init] classPtr=0x555557be6af1, initData=0x7fffc4d83a60
[AircraftClass::Init] Checking SType/SPType...
[AircraftClass::Init] Creating AirframeClass...
[AircraftClass::Init] AirframeClass created: 0x7fff77624b00
[AircraftClass::Init] SetFlag done, mFaults=(nil)
[AircraftClass::Init] FackClass created, isDigital=1
[AircraftClass::Init] Checking RunningInstantAction...
[AircraftClass::Init] RunningInstantAction check done
[AircraftClass::Init] Initial pos set: x=1176749.6 y=1458974.0 z=-31.0
[AircraftClass::Init] Waypoints: numWaypoints=9 waypoint=0x7fff77623670
[AircraftClass::Init] Waypoint loop done
[AircraftClass::Init] st=33960000 SimLibElapsedTime=33129933
[AircraftClass::Init] SetStartTime done, currentWaypoint=0
[AircraftClass::Init] Waypoint index loop done, curWaypoint=0x7fff77623670
[AircraftClass::Init] Inside curWaypoint check, getting WPAction...
[AircraftClass::Init] Getting UnitAirbase from campBase=0x7fffa80f42f0
[AircraftClass::Init] UnitAirbase ent=0x55556142dc50
[AircraftClass::Init] WPAction=1 (WP_TAKEOFF=1) allowGroundInit=1
[AircraftClass::Init] Calling OnGroundInit...
[AircraftClass::Init] OnGroundInit done
[AircraftClass::Init] After waypoint if block, initialMach=0.000
[AircraftClass::Init] Mach clamped, afIdx lookup from vehicleDataIndex=16
[AircraftClass::Init] afIdx=156 NumACDefEntries=266
[AircraftClass::Init] Calling af->InitData(156)...
[AircraftClass::Init] af->InitData done
[AircraftClass::Init] Checking auxaeroData=0x55555cce3d70
[AircraftClass::Init] F16 flag check done
[AircraftClass::Init] Engine flag check done, creating SMS...
[AircraftClass::Init] SMS created: 0x7fff77625520
[AircraftClass::Init] Creating FCC, NumHardpoints=10
[AircraftClass::Init] FCC created: 0x7fff7762ba10
[AircraftClass::Init] FCC->SetSms done
[AircraftClass::Init] Getting gun from hardPoint[0]=0x7fff776256c0
[AircraftClass::Init] Guns=0x7fff776257b0
[AircraftClass::Init] Gun TrailID set
[AircraftClass::Init] Checking ground level...
[AircraftClass::Init] Ground level check done
[AircraftClass::Init] Calling af->Init(156)...
[AircraftClass::Init] af->Init done
[AircraftClass::Init] Checking hasSwingWing...
[AircraftClass::Init] hasSwingWing check done
[AircraftClass::Init] Checking isComplex=1
[AircraftClass::Init] Calling MakeComplex()...
[AircraftClass::Init] MakeComplex done
[AircraftClass::Init] isComplex check done
[AircraftClass::Init] Calling SetSwitch(COMP_CANOPY)...
[AircraftClass::Init] SetSwitch done
[AircraftClass::Init] Checking ACMI recording...
[AircraftClass::Init] ACMI check done
[AircraftClass::Init] Checking IsComplex for laser/harm pods...
[AircraftClass::Init] IsComplex check done
[AircraftClass::Init] Checking Guns=0x7fff776257b0
[AircraftClass::Init] Guns check done
[AircraftClass::Init] Starting sensor setup...
[AircraftClass::Init] Sensor setup done, numSensors=4
[AircraftClass::Init] Creating brain, GetCampaignObject=0x7fffa80f42f0
[AircraftClass::Init] Creating DigitalBrain...
[AircraftClass::Init] DigitalBrain created: 0x7fff7762df90
[AircraftClass::Init] Brain created, calling DBrain()->SetTaxiPoint...
[AircraftClass::Init] Creating PilotInputs...
[AircraftClass::Init] PilotInputs created: 0x7fff7762c340
[AircraftClass::Init] Checking PreFlight...
[AircraftClass::Init] End of initData block
[AircraftClass::Init] EXIT - Init complete
[PalLight] light=(0.931 0.959 1.000) gametime=33133031 pal=0x7fffa5cad640
[AircraftClass::Init] ENTER
[AircraftClass::Init] SimVehicleClass::Init done
[AircraftClass::Init] classPtr=0x555557be6af1, initData=0x7fffc4d83a60
[AircraftClass::Init] Checking SType/SPType...
[AircraftClass::Init] Creating AirframeClass...
[AircraftClass::Init] AirframeClass created: 0x7fff77aa4710
[AircraftClass::Init] SetFlag done, mFaults=(nil)
[AircraftClass::Init] FackClass created, isDigital=1
[AircraftClass::Init] Checking RunningInstantAction...
[AircraftClass::Init] RunningInstantAction check done
[AircraftClass::Init] Initial pos set: x=1176531.0 y=1461121.5 z=-31.0
[AircraftClass::Init] Waypoints: numWaypoints=9 waypoint=0x7fff77aa9fd0
[AircraftClass::Init] Waypoint loop done
[AircraftClass::Init] st=34440000 SimLibElapsedTime=33135049
[AircraftClass::Init] SetStartTime done, currentWaypoint=0
[AircraftClass::Init] Waypoint index loop done, curWaypoint=0x7fff77aa9fd0
[AircraftClass::Init] Inside curWaypoint check, getting WPAction...
[AircraftClass::Init] Getting UnitAirbase from campBase=0x7fffa80f96b0
[AircraftClass::Init] UnitAirbase ent=0x55556142dc50
[AircraftClass::Init] WPAction=1 (WP_TAKEOFF=1) allowGroundInit=1
[AircraftClass::Init] Calling OnGroundInit...
[AircraftClass::Init] OnGroundInit done
[AircraftClass::Init] After waypoint if block, initialMach=0.000
[AircraftClass::Init] Mach clamped, afIdx lookup from vehicleDataIndex=16
[AircraftClass::Init] afIdx=156 NumACDefEntries=266
[AircraftClass::Init] Calling af->InitData(156)...
[AircraftClass::Init] af->InitData done
[AircraftClass::Init] Checking auxaeroData=0x55555cce3d70
[AircraftClass::Init] F16 flag check done
[AircraftClass::Init] Engine flag check done, creating SMS...
[AircraftClass::Init] SMS created: 0x7fff77bc1fd0
[AircraftClass::Init] Creating FCC, NumHardpoints=10
[AircraftClass::Init] FCC created: 0x55556076acf0
[AircraftClass::Init] FCC->SetSms done
[AircraftClass::Init] Getting gun from hardPoint[0]=0x7fff77aac6e0
[AircraftClass::Init] Guns=0x7fff680544e0
[AircraftClass::Init] Gun TrailID set
[AircraftClass::Init] Checking ground level...
[AircraftClass::Init] Ground level check done
[AircraftClass::Init] Calling af->Init(156)...
[AircraftClass::Init] af->Init done
[AircraftClass::Init] Checking hasSwingWing...
[AircraftClass::Init] hasSwingWing check done
[AircraftClass::Init] Checking isComplex=1
[AircraftClass::Init] Calling MakeComplex()...
[AircraftClass::Init] MakeComplex done
[AircraftClass::Init] isComplex check done
[AircraftClass::Init] Calling SetSwitch(COMP_CANOPY)...
[AircraftClass::Init] SetSwitch done
[AircraftClass::Init] Checking ACMI recording...
[AircraftClass::Init] ACMI check done
[AircraftClass::Init] Checking IsComplex for laser/harm pods...
[AircraftClass::Init] IsComplex check done
[AircraftClass::Init] Checking Guns=0x7fff680544e0
[AircraftClass::Init] Guns check done
[AircraftClass::Init] Starting sensor setup...
[AircraftClass::Init] Sensor setup done, numSensors=4
[AircraftClass::Init] Creating brain, GetCampaignObject=0x7fffa80f96b0
[AircraftClass::Init] Creating DigitalBrain...
[AircraftClass::Init] DigitalBrain created: 0x7fff681adb20
[AircraftClass::Init] Brain created, calling DBrain()->SetTaxiPoint...
[AircraftClass::Init] Creating PilotInputs...
[AircraftClass::Init] PilotInputs created: 0x7fff6823d5b0
[AircraftClass::Init] Checking PreFlight...
[AircraftClass::Init] End of initData block
[AircraftClass::Init] EXIT - Init complete
[AircraftClass::Init] ENTER
[AircraftClass::Init] SimVehicleClass::Init done
[AircraftClass::Init] classPtr=0x555557be6af1, initData=0x7fffc4d83a60
[AircraftClass::Init] Checking SType/SPType...
[AircraftClass::Init] Creating AirframeClass...
[AircraftClass::Init] AirframeClass created: 0x7fff681af830
[AircraftClass::Init] SetFlag done, mFaults=(nil)
[AircraftClass::Init] FackClass created, isDigital=1
[AircraftClass::Init] Checking RunningInstantAction...
[AircraftClass::Init] RunningInstantAction check done
[AircraftClass::Init] Initial pos set: x=1176574.0 y=1460951.0 z=-31.0
[AircraftClass::Init] Waypoints: numWaypoints=9 waypoint=0x7fff6823d7b0
[AircraftClass::Init] Waypoint loop done
[AircraftClass::Init] st=34440000 SimLibElapsedTime=33135049
[AircraftClass::Init] SetStartTime done, currentWaypoint=0
[AircraftClass::Init] Waypoint index loop done, curWaypoint=0x7fff6823d7b0
[AircraftClass::Init] Inside curWaypoint check, getting WPAction...
[AircraftClass::Init] Getting UnitAirbase from campBase=0x7fffa80f96b0
[AircraftClass::Init] UnitAirbase ent=0x55556142dc50
[AircraftClass::Init] WPAction=1 (WP_TAKEOFF=1) allowGroundInit=1
[AircraftClass::Init] Calling OnGroundInit...
[AircraftClass::Init] OnGroundInit done
[AircraftClass::Init] After waypoint if block, initialMach=0.000
[AircraftClass::Init] Mach clamped, afIdx lookup from vehicleDataIndex=16
[AircraftClass::Init] afIdx=156 NumACDefEntries=266
[AircraftClass::Init] Calling af->InitData(156)...
[AircraftClass::Init] af->InitData done
[AircraftClass::Init] Checking auxaeroData=0x55555cce3d70
[AircraftClass::Init] F16 flag check done
[AircraftClass::Init] Engine flag check done, creating SMS...
[AircraftClass::Init] SMS created: 0x7fff77a9c5a0
[AircraftClass::Init] Creating FCC, NumHardpoints=10
[AircraftClass::Init] FCC created: 0x555560776460
[AircraftClass::Init] FCC->SetSms done
[AircraftClass::Init] Getting gun from hardPoint[0]=0x7fff77a9c740
[AircraftClass::Init] Guns=0x7fff77a9c830
[AircraftClass::Init] Gun TrailID set
[AircraftClass::Init] Checking ground level...
[AircraftClass::Init] Ground level check done
[AircraftClass::Init] Calling af->Init(156)...
[AircraftClass::Init] af->Init done
[AircraftClass::Init] Checking hasSwingWing...
[AircraftClass::Init] hasSwingWing check done
[AircraftClass::Init] Checking isComplex=1
[AircraftClass::Init] Calling MakeComplex()...
[AircraftClass::Init] MakeComplex done
[AircraftClass::Init] isComplex check done
[AircraftClass::Init] Calling SetSwitch(COMP_CANOPY)...
[AircraftClass::Init] SetSwitch done
[AircraftClass::Init] Checking ACMI recording...
[AircraftClass::Init] ACMI check done
[AircraftClass::Init] Checking IsComplex for laser/harm pods...
[AircraftClass::Init] IsComplex check done
[AircraftClass::Init] Checking Guns=0x7fff77a9c830
[AircraftClass::Init] Guns check done
[AircraftClass::Init] Starting sensor setup...
[AircraftClass::Init] Sensor setup done, numSensors=4
[AircraftClass::Init] Creating brain, GetCampaignObject=0x7fffa80f96b0
[AircraftClass::Init] Creating DigitalBrain...
[AircraftClass::Init] DigitalBrain created: 0x7fff681d27c0
[AircraftClass::Init] Brain created, calling DBrain()->SetTaxiPoint...
[AircraftClass::Init] Creating PilotInputs...
[AircraftClass::Init] PilotInputs created: 0x7fff77aa1840
[AircraftClass::Init] Checking PreFlight...
[AircraftClass::Init] End of initData block
[AircraftClass::Init] EXIT - Init complete
[AircraftClass::Init] ENTER
[AircraftClass::Init] SimVehicleClass::Init done
[AircraftClass::Init] classPtr=0x555557be6af1, initData=0x7fffc4d83a60
[AircraftClass::Init] Checking SType/SPType...
[AircraftClass::Init] Creating AirframeClass...
[AircraftClass::Init] AirframeClass created: 0x7fff681d45c0
[AircraftClass::Init] SetFlag done, mFaults=(nil)
[AircraftClass::Init] FackClass created, isDigital=1
[AircraftClass::Init] Checking RunningInstantAction...
[AircraftClass::Init] RunningInstantAction check done
[AircraftClass::Init] Initial pos set: x=1176439.6 y=1461091.1 z=-31.0
[AircraftClass::Init] Waypoints: numWaypoints=9 waypoint=0x7fff681d31a0
[AircraftClass::Init] Waypoint loop done
[AircraftClass::Init] st=34440000 SimLibElapsedTime=33135049
[AircraftClass::Init] SetStartTime done, currentWaypoint=0
[AircraftClass::Init] Waypoint index loop done, curWaypoint=0x7fff681d31a0
[AircraftClass::Init] Inside curWaypoint check, getting WPAction...
[AircraftClass::Init] Getting UnitAirbase from campBase=0x7fffa80f96b0
[AircraftClass::Init] UnitAirbase ent=0x55556142dc50
[AircraftClass::Init] WPAction=1 (WP_TAKEOFF=1) allowGroundInit=1
[AircraftClass::Init] Calling OnGroundInit...
[AircraftClass::Init] OnGroundInit done
[AircraftClass::Init] After waypoint if block, initialMach=0.000
[AircraftClass::Init] Mach clamped, afIdx lookup from vehicleDataIndex=16
[AircraftClass::Init] afIdx=156 NumACDefEntries=266
[AircraftClass::Init] Calling af->InitData(156)...
[AircraftClass::Init] af->InitData done
[AircraftClass::Init] Checking auxaeroData=0x55555cce3d70
[AircraftClass::Init] F16 flag check done
[AircraftClass::Init] Engine flag check done, creating SMS...
[AircraftClass::Init] SMS created: 0x7fff681d4fe0
[AircraftClass::Init] Creating FCC, NumHardpoints=10
[AircraftClass::Init] FCC created: 0x5555607761f0
[AircraftClass::Init] FCC->SetSms done
[AircraftClass::Init] Getting gun from hardPoint[0]=0x7fff681d5180
[AircraftClass::Init] Guns=0x7fff681d5270
[AircraftClass::Init] Gun TrailID set
[AircraftClass::Init] Checking ground level...
[AircraftClass::Init] Ground level check done
[AircraftClass::Init] Calling af->Init(156)...
[AircraftClass::Init] af->Init done
[AircraftClass::Init] Checking hasSwingWing...
[AircraftClass::Init] hasSwingWing check done
[AircraftClass::Init] Checking isComplex=1
[AircraftClass::Init] Calling MakeComplex()...
[AircraftClass::Init] MakeComplex done
[AircraftClass::Init] isComplex check done
[AircraftClass::Init] Calling SetSwitch(COMP_CANOPY)...
[AircraftClass::Init] SetSwitch done
[AircraftClass::Init] Checking ACMI recording...
[AircraftClass::Init] ACMI check done
[AircraftClass::Init] Checking IsComplex for laser/harm pods...
[AircraftClass::Init] IsComplex check done
[AircraftClass::Init] Checking Guns=0x7fff681d5270
[AircraftClass::Init] Guns check done
[AircraftClass::Init] Starting sensor setup...
[AircraftClass::Init] Sensor setup done, numSensors=4
[AircraftClass::Init] Creating brain, GetCampaignObject=0x7fffa80f96b0
[AircraftClass::Init] Creating DigitalBrain...
[AircraftClass::Init] DigitalBrain created: 0x7fff681dc3e0
[AircraftClass::Init] Brain created, calling DBrain()->SetTaxiPoint...
[AircraftClass::Init] Creating PilotInputs...
[AircraftClass::Init] PilotInputs created: 0x7fff681da540
[AircraftClass::Init] Checking PreFlight...
[AircraftClass::Init] End of initData block
[AircraftClass::Init] EXIT - Init complete
[AircraftClass::Init] ENTER
[AircraftClass::Init] SimVehicleClass::Init done
[AircraftClass::Init] classPtr=0x555557be6af1, initData=0x7fffc4d83a60
[AircraftClass::Init] Checking SType/SPType...
[AircraftClass::Init] Creating AirframeClass...
[AircraftClass::Init] AirframeClass created: 0x7fff681b21c0
[AircraftClass::Init] SetFlag done, mFaults=(nil)
[AircraftClass::Init] FackClass created, isDigital=1
[AircraftClass::Init] Checking RunningInstantAction...
[AircraftClass::Init] RunningInstantAction check done
[AircraftClass::Init] Initial pos set: x=1176484.2 y=1460921.5 z=-31.0
[AircraftClass::Init] Waypoints: numWaypoints=9 waypoint=0x7fff681dcd20
[AircraftClass::Init] Waypoint loop done
[AircraftClass::Init] st=34440000 SimLibElapsedTime=33135049
[AircraftClass::Init] SetStartTime done, currentWaypoint=0
[AircraftClass::Init] Waypoint index loop done, curWaypoint=0x7fff681dcd20
[AircraftClass::Init] Inside curWaypoint check, getting WPAction...
[AircraftClass::Init] Getting UnitAirbase from campBase=0x7fffa80f96b0
[AircraftClass::Init] UnitAirbase ent=0x55556142dc50
[AircraftClass::Init] WPAction=1 (WP_TAKEOFF=1) allowGroundInit=1
[AircraftClass::Init] Calling OnGroundInit...
[AircraftClass::Init] OnGroundInit done
[AircraftClass::Init] After waypoint if block, initialMach=0.000
[AircraftClass::Init] Mach clamped, afIdx lookup from vehicleDataIndex=16
[AircraftClass::Init] afIdx=156 NumACDefEntries=266
[AircraftClass::Init] Calling af->InitData(156)...
[AircraftClass::Init] af->InitData done
[AircraftClass::Init] Checking auxaeroData=0x55555cce3d70
[AircraftClass::Init] F16 flag check done
[AircraftClass::Init] Engine flag check done, creating SMS...
[AircraftClass::Init] SMS created: 0x7fff681de460
[AircraftClass::Init] Creating FCC, NumHardpoints=10
[AircraftClass::Init] FCC created: 0x7fff681b7610
[AircraftClass::Init] FCC->SetSms done
[AircraftClass::Init] Getting gun from hardPoint[0]=0x7fff681de600
[AircraftClass::Init] Guns=0x7fff681b2930
[AircraftClass::Init] Gun TrailID set
[AircraftClass::Init] Checking ground level...
[AircraftClass::Init] Ground level check done
[AircraftClass::Init] Calling af->Init(156)...
[AircraftClass::Init] af->Init done
[AircraftClass::Init] Checking hasSwingWing...
[AircraftClass::Init] hasSwingWing check done
[AircraftClass::Init] Checking isComplex=1
[AircraftClass::Init] Calling MakeComplex()...
[AircraftClass::Init] MakeComplex done
[AircraftClass::Init] isComplex check done
[AircraftClass::Init] Calling SetSwitch(COMP_CANOPY)...
[AircraftClass::Init] SetSwitch done
[AircraftClass::Init] Checking ACMI recording...
[AircraftClass::Init] ACMI check done
[AircraftClass::Init] Checking IsComplex for laser/harm pods...
[AircraftClass::Init] IsComplex check done
[AircraftClass::Init] Checking Guns=0x7fff681b2930
[AircraftClass::Init] Guns check done
[AircraftClass::Init] Starting sensor setup...
[AircraftClass::Init] Sensor setup done, numSensors=4
[AircraftClass::Init] Creating brain, GetCampaignObject=0x7fffa80f96b0
[AircraftClass::Init] Creating DigitalBrain...
[AircraftClass::Init] DigitalBrain created: 0x7fff681b9d30
[AircraftClass::Init] Brain created, calling DBrain()->SetTaxiPoint...
[AircraftClass::Init] Creating PilotInputs...
[AircraftClass::Init] PilotInputs created: 0x7fff681b7e90
[AircraftClass::Init] Checking PreFlight...
[AircraftClass::Init] End of initData block
[AircraftClass::Init] EXIT - Init complete
[AircraftClass::Init] ENTER
[AircraftClass::Init] SimVehicleClass::Init done
[AircraftClass::Init] classPtr=0x555557be6cef, initData=0x7fffc4d83a60
[AircraftClass::Init] Checking SType/SPType...
[AircraftClass::Init] Creating AirframeClass...
[AircraftClass::Init] AirframeClass created: 0x7fff77bc96a0
[AircraftClass::Init] SetFlag done, mFaults=(nil)
[AircraftClass::Init] FackClass created, isDigital=1
[AircraftClass::Init] Checking RunningInstantAction...
[AircraftClass::Init] RunningInstantAction check done
[AircraftClass::Init] Initial pos set: x=1434991.1 y=1559630.2 z=-23164.0
[AircraftClass::Init] Waypoints: numWaypoints=8 waypoint=0x7fff77bc6440
[AircraftClass::Init] Waypoint loop done
[AircraftClass::Init] st=32460000 SimLibElapsedTime=33154434
[AircraftClass::Init] SetStartTime done, currentWaypoint=2
[AircraftClass::Init] Waypoint index loop done, curWaypoint=0x7fff77bc4930
[AircraftClass::Init] Inside curWaypoint check, getting WPAction...
[AircraftClass::Init] Getting UnitAirbase from campBase=0x7fffa80a0d10
[AircraftClass::Init] UnitAirbase ent=0x55556142dc50
[AircraftClass::Init] WPAction=16 (WP_TAKEOFF=1) allowGroundInit=1
[AircraftClass::Init] Else branch (not WP_TAKEOFF)
[AircraftClass::Init] Calling AddTakeOff, waypoint=0x7fff77bc6440
[AircraftClass::Init] AddTakeOff done
[AircraftClass::Init] Got atWaypoint location: 1602270.0, 1631789.8, -18000.0
[AircraftClass::Init] RunningInstantAction=0 isDigital=1
[AircraftClass::Init] Getting wp2 location from curWaypoint=0x7fff77bc4930
[AircraftClass::Init] wp2 location: 1703949.3, 1674429.6, -21000.0
[AircraftClass::Init] initialPsi=0.397, getting arrival times
[AircraftClass::Init] dt=254769 SEC_TO_MSEC=1000
[AircraftClass::Init] initialMach=434.086
[AircraftClass::Init] After waypoint if block, initialMach=434.086
[AircraftClass::Init] Mach clamped, afIdx lookup from vehicleDataIndex=47
[AircraftClass::Init] afIdx=7 NumACDefEntries=266
[AircraftClass::Init] Calling af->InitData(7)...
[AircraftClass::Init] af->InitData done
[AircraftClass::Init] Checking auxaeroData=0x55555be9a8c0
[AircraftClass::Init] F16 flag check done
[AircraftClass::Init] Engine flag check done, creating SMS...
[AircraftClass::Init] SMS created: 0x7fff77bc6f60
[AircraftClass::Init] Creating FCC, NumHardpoints=14
[AircraftClass::Init] FCC created: 0x7fff77bfb690
[AircraftClass::Init] FCC->SetSms done
[AircraftClass::Init] Getting gun from hardPoint[0]=0x7fff77bc70a0
[AircraftClass::Init] Guns=0x7fff77bc9e10
[AircraftClass::Init] Gun TrailID set
[AircraftClass::Init] Checking ground level...
[AircraftClass::Init] Ground level check done
[AircraftClass::Init] Calling af->Init(7)...
[AircraftClass::Init] af->Init done
[AircraftClass::Init] Checking hasSwingWing...
[AircraftClass::Init] hasSwingWing check done
[AircraftClass::Init] Checking isComplex=1
[AircraftClass::Init] Calling MakeComplex()...
[AircraftClass::Init] MakeComplex done
[AircraftClass::Init] isComplex check done
[AircraftClass::Init] Calling SetSwitch(COMP_CANOPY)...
[AircraftClass::Init] SetSwitch done
[AircraftClass::Init] Checking ACMI recording...
[AircraftClass::Init] ACMI check done
[AircraftClass::Init] Checking IsComplex for laser/harm pods...
[AircraftClass::Init] IsComplex check done
[AircraftClass::Init] Checking Guns=0x7fff77bc9e10
[AircraftClass::Init] Guns check done
[AircraftClass::Init] Starting sensor setup...
[AircraftClass::Init] Sensor setup done, numSensors=3
[AircraftClass::Init] Creating brain, GetCampaignObject=0x7fffa80a0d10
[AircraftClass::Init] Creating DigitalBrain...
[AircraftClass::Init] DigitalBrain created: 0x7fff77bfcc40
[AircraftClass::Init] Brain created, calling DBrain()->SetTaxiPoint...
[AircraftClass::Init] Creating PilotInputs...
[AircraftClass::Init] PilotInputs created: 0x7fff77bfbe80
[AircraftClass::Init] Checking PreFlight...
[AircraftClass::Init] Calling PreFlight()...
[AircraftClass::Init] PreFlight done
[AircraftClass::Init] End of initData block
[AircraftClass::Init] EXIT - Init complete
[AircraftClass::Init] ENTER
[AircraftClass::Init] SimVehicleClass::Init done
[AircraftClass::Init] classPtr=0x555557be6cef, initData=0x7fffc4d83a60
[AircraftClass::Init] Checking SType/SPType...
[AircraftClass::Init] Creating AirframeClass...
[AircraftClass::Init] AirframeClass created: 0x7fff77bfdad0
[AircraftClass::Init] SetFlag done, mFaults=(nil)
[AircraftClass::Init] FackClass created, isDigital=1
[AircraftClass::Init] Checking RunningInstantAction...
[AircraftClass::Init] RunningInstantAction check done
[AircraftClass::Init] Initial pos set: x=1432009.8 y=1552209.1 z=-23164.0
[AircraftClass::Init] Waypoints: numWaypoints=8 waypoint=0x7fff77bcac80
[AircraftClass::Init] Waypoint loop done
[AircraftClass::Init] st=32460000 SimLibElapsedTime=33154434
[AircraftClass::Init] SetStartTime done, currentWaypoint=2
[AircraftClass::Init] Waypoint index loop done, curWaypoint=0x7fff77bfd6d0
[AircraftClass::Init] Inside curWaypoint check, getting WPAction...
[AircraftClass::Init] Getting UnitAirbase from campBase=0x7fffa80a0d10
[AircraftClass::Init] UnitAirbase ent=0x55556142dc50
[AircraftClass::Init] WPAction=16 (WP_TAKEOFF=1) allowGroundInit=1
[AircraftClass::Init] Else branch (not WP_TAKEOFF)
[AircraftClass::Init] Calling AddTakeOff, waypoint=0x7fff77bcac80
[AircraftClass::Init] AddTakeOff done
[AircraftClass::Init] Got atWaypoint location: 1602270.0, 1631789.8, -18000.0
[AircraftClass::Init] RunningInstantAction=0 isDigital=1
[AircraftClass::Init] Getting wp2 location from curWaypoint=0x7fff77bfd6d0
[AircraftClass::Init] wp2 location: 1703949.3, 1674429.6, -21000.0
[AircraftClass::Init] initialPsi=0.397, getting arrival times
[AircraftClass::Init] dt=254769 SEC_TO_MSEC=1000
[AircraftClass::Init] initialMach=434.086
[AircraftClass::Init] After waypoint if block, initialMach=434.086
[AircraftClass::Init] Mach clamped, afIdx lookup from vehicleDataIndex=47
[AircraftClass::Init] afIdx=7 NumACDefEntries=266
[AircraftClass::Init] Calling af->InitData(7)...
[AircraftClass::Init] af->InitData done
[AircraftClass::Init] Checking auxaeroData=0x55555be9a8c0
[AircraftClass::Init] F16 flag check done
[AircraftClass::Init] Engine flag check done, creating SMS...
[AircraftClass::Init] SMS created: 0x7fff77feedd0
[AircraftClass::Init] Creating FCC, NumHardpoints=14
[AircraftClass::Init] FCC created: 0x7fff77ff5120
[AircraftClass::Init] FCC->SetSms done
[AircraftClass::Init] Getting gun from hardPoint[0]=0x7fff77feef90
[AircraftClass::Init] Guns=0x7fff77fef080
[AircraftClass::Init] Gun TrailID set
[AircraftClass::Init] Checking ground level...
[AircraftClass::Init] Ground level check done
[AircraftClass::Init] Calling af->Init(7)...
[AircraftClass::Init] af->Init done
[AircraftClass::Init] Checking hasSwingWing...
[AircraftClass::Init] hasSwingWing check done
[AircraftClass::Init] Checking isComplex=1
[AircraftClass::Init] Calling MakeComplex()...
[AircraftClass::Init] MakeComplex done
[AircraftClass::Init] isComplex check done
[AircraftClass::Init] Calling SetSwitch(COMP_CANOPY)...
[AircraftClass::Init] SetSwitch done
[AircraftClass::Init] Checking ACMI recording...
[AircraftClass::Init] ACMI check done
[AircraftClass::Init] Checking IsComplex for laser/harm pods...
[AircraftClass::Init] IsComplex check done
[AircraftClass::Init] Checking Guns=0x7fff77fef080
[AircraftClass::Init] Guns check done
[AircraftClass::Init] Starting sensor setup...
[AircraftClass::Init] Sensor setup done, numSensors=3
[AircraftClass::Init] Creating brain, GetCampaignObject=0x7fffa80a0d10
[AircraftClass::Init] Creating DigitalBrain...
[AircraftClass::Init] DigitalBrain created: 0x7fff779b1a00
[AircraftClass::Init] Brain created, calling DBrain()->SetTaxiPoint...
[AircraftClass::Init] Creating PilotInputs...
[AircraftClass::Init] PilotInputs created: 0x7fff77ff5910
[AircraftClass::Init] Checking PreFlight...
[AircraftClass::Init] Calling PreFlight()...
[AircraftClass::Init] PreFlight done
[AircraftClass::Init] End of initData block
[AircraftClass::Init] EXIT - Init complete
[INPUT] focus lost (doUI=0) -> relative mouse released
[PalLight] light=(0.931 0.958 1.000) gametime=33195031 pal=0x7fffa5cad640
[AircraftClass::Init] ENTER
[AircraftClass::Init] SimVehicleClass::Init done
[AircraftClass::Init] classPtr=0x555557be65f6, initData=0x7fffc4d83a60
[AircraftClass::Init] Checking SType/SPType...
[AircraftClass::Init] Creating AirframeClass...
[AircraftClass::Init] AirframeClass created: 0x7fffb1338de0
[AircraftClass::Init] SetFlag done, mFaults=(nil)
[AircraftClass::Init] FackClass created, isDigital=1
[AircraftClass::Init] Checking RunningInstantAction...
[AircraftClass::Init] RunningInstantAction check done
[AircraftClass::Init] Initial pos set: x=1080130.7 y=1638744.7 z=-106.5
[AircraftClass::Init] Waypoints: numWaypoints=8 waypoint=0x7fffb02c31d0
[AircraftClass::Init] Waypoint loop done
[AircraftClass::Init] st=33660000 SimLibElapsedTime=33210800
[AircraftClass::Init] SetStartTime done, currentWaypoint=0
[AircraftClass::Init] Waypoint index loop done, curWaypoint=0x7fffb02c31d0
[AircraftClass::Init] Inside curWaypoint check, getting WPAction...
[AircraftClass::Init] Getting UnitAirbase from campBase=0x7fffa8130c80
[AircraftClass::Init] UnitAirbase ent=0x5555614835f0
[AircraftClass::Init] WPAction=1 (WP_TAKEOFF=1) allowGroundInit=1
[AircraftClass::Init] Calling OnGroundInit...
[AircraftClass::Init] OnGroundInit done
[AircraftClass::Init] After waypoint if block, initialMach=0.000
[AircraftClass::Init] Mach clamped, afIdx lookup from vehicleDataIndex=12
[AircraftClass::Init] afIdx=0 NumACDefEntries=266
[AircraftClass::Init] Calling af->InitData(0)...
[AircraftClass::Init] af->InitData done
[AircraftClass::Init] Checking auxaeroData=0x55555bfa3240
[AircraftClass::Init] F16 flag check done
[AircraftClass::Init] Engine flag check done, creating SMS...
[AircraftClass::Init] SMS created: 0x7fffb1227790
[AircraftClass::Init] Creating FCC, NumHardpoints=10
[AircraftClass::Init] FCC created: 0x7fff74048a10
[AircraftClass::Init] FCC->SetSms done
[AircraftClass::Init] Getting gun from hardPoint[0]=0x7fff75759d60
[AircraftClass::Init] Guns=0x7fffb1339550
[AircraftClass::Init] Gun TrailID set
[AircraftClass::Init] Checking ground level...
[AircraftClass::Init] Ground level check done
[AircraftClass::Init] Calling af->Init(0)...
[AircraftClass::Init] af->Init done
[AircraftClass::Init] Checking hasSwingWing...
[AircraftClass::Init] hasSwingWing check done
[AircraftClass::Init] Checking isComplex=1
[AircraftClass::Init] Calling MakeComplex()...
[AircraftClass::Init] MakeComplex done
[AircraftClass::Init] isComplex check done
[AircraftClass::Init] Calling SetSwitch(COMP_CANOPY)...
[AircraftClass::Init] SetSwitch done
[AircraftClass::Init] Checking ACMI recording...
[AircraftClass::Init] ACMI check done
[AircraftClass::Init] Checking IsComplex for laser/harm pods...
[AircraftClass::Init] IsComplex check done
[AircraftClass::Init] Checking Guns=0x7fffb1339550
[AircraftClass::Init] Guns check done
[AircraftClass::Init] Starting sensor setup...
[AircraftClass::Init] Sensor setup done, numSensors=3
[AircraftClass::Init] Creating brain, GetCampaignObject=0x7fffa8130c80
[AircraftClass::Init] Creating DigitalBrain...
[AircraftClass::Init] DigitalBrain created: 0x7fffb133dcc0
[AircraftClass::Init] Brain created, calling DBrain()->SetTaxiPoint...
[AircraftClass::Init] Creating PilotInputs...
[AircraftClass::Init] PilotInputs created: 0x7fffb10eb8b0
[AircraftClass::Init] Checking PreFlight...
[AircraftClass::Init] End of initData block
[AircraftClass::Init] EXIT - Init complete
[AircraftClass::Init] ENTER
[AircraftClass::Init] SimVehicleClass::Init done
[AircraftClass::Init] classPtr=0x555557be65f6, initData=0x7fffc4d83a60
[AircraftClass::Init] Checking SType/SPType...
[AircraftClass::Init] Creating AirframeClass...
[AircraftClass::Init] AirframeClass created: 0x7fffb0e95e70
[AircraftClass::Init] SetFlag done, mFaults=(nil)
[AircraftClass::Init] FackClass created, isDigital=1
[AircraftClass::Init] Checking RunningInstantAction...
[AircraftClass::Init] RunningInstantAction check done
[AircraftClass::Init] Initial pos set: x=1080388.1 y=1638753.0 z=-106.5
[AircraftClass::Init] Waypoints: numWaypoints=8 waypoint=0x7fffb10eb920
[AircraftClass::Init] Waypoint loop done
[AircraftClass::Init] st=33660000 SimLibElapsedTime=33210800
[AircraftClass::Init] SetStartTime done, currentWaypoint=0
[AircraftClass::Init] Waypoint index loop done, curWaypoint=0x7fffb10eb920
[AircraftClass::Init] Inside curWaypoint check, getting WPAction...
[AircraftClass::Init] Getting UnitAirbase from campBase=0x7fffa8130c80
[AircraftClass::Init] UnitAirbase ent=0x5555614835f0
[AircraftClass::Init] WPAction=1 (WP_TAKEOFF=1) allowGroundInit=1
[AircraftClass::Init] Calling OnGroundInit...
[AircraftClass::Init] OnGroundInit done
[AircraftClass::Init] After waypoint if block, initialMach=0.000
[AircraftClass::Init] Mach clamped, afIdx lookup from vehicleDataIndex=12
[AircraftClass::Init] afIdx=0 NumACDefEntries=266
[AircraftClass::Init] Calling af->InitData(0)...
[AircraftClass::Init] af->InitData done
[AircraftClass::Init] Checking auxaeroData=0x55555bfa3240
[AircraftClass::Init] F16 flag check done
[AircraftClass::Init] Engine flag check done, creating SMS...
[AircraftClass::Init] SMS created: 0x7fffb133e120
[AircraftClass::Init] Creating FCC, NumHardpoints=10
[AircraftClass::Init] FCC created: 0x7fffb0e9a9f0
[AircraftClass::Init] FCC->SetSms done
[AircraftClass::Init] Getting gun from hardPoint[0]=0x7fffb133e2c0
[AircraftClass::Init] Guns=0x7fffb0e965e0
[AircraftClass::Init] Gun TrailID set
[AircraftClass::Init] Checking ground level...
[AircraftClass::Init] Ground level check done
[AircraftClass::Init] Calling af->Init(0)...
[AircraftClass::Init] af->Init done
[AircraftClass::Init] Checking hasSwingWing...
[AircraftClass::Init] hasSwingWing check done
[AircraftClass::Init] Checking isComplex=1
[AircraftClass::Init] Calling MakeComplex()...
[AircraftClass::Init] MakeComplex done
[AircraftClass::Init] isComplex check done
[AircraftClass::Init] Calling SetSwitch(COMP_CANOPY)...
[AircraftClass::Init] SetSwitch done
[AircraftClass::Init] Checking ACMI recording...
[AircraftClass::Init] ACMI check done
[AircraftClass::Init] Checking IsComplex for laser/harm pods...
[AircraftClass::Init] IsComplex check done
[AircraftClass::Init] Checking Guns=0x7fffb0e965e0
[AircraftClass::Init] Guns check done
[AircraftClass::Init] Starting sensor setup...
[AircraftClass::Init] Sensor setup done, numSensors=3
[AircraftClass::Init] Creating brain, GetCampaignObject=0x7fffa8130c80
[AircraftClass::Init] Creating DigitalBrain...
[AircraftClass::Init] DigitalBrain created: 0x7fffb0e9c810
[AircraftClass::Init] Brain created, calling DBrain()->SetTaxiPoint...
[AircraftClass::Init] Creating PilotInputs...
[AircraftClass::Init] PilotInputs created: 0x7fffb0e9cc70
[AircraftClass::Init] Checking PreFlight...
[AircraftClass::Init] End of initData block
[AircraftClass::Init] EXIT - Init complete
[AircraftClass::Init] ENTER
[AircraftClass::Init] SimVehicleClass::Init done
[AircraftClass::Init] classPtr=0x555557be65f6, initData=0x7fffc4d83a60
[AircraftClass::Init] Checking SType/SPType...
[AircraftClass::Init] Creating AirframeClass...
[AircraftClass::Init] AirframeClass created: 0x7fff74040fc0
[AircraftClass::Init] SetFlag done, mFaults=(nil)
[AircraftClass::Init] FackClass created, isDigital=1
[AircraftClass::Init] Checking RunningInstantAction...
[AircraftClass::Init] RunningInstantAction check done
[AircraftClass::Init] Initial pos set: x=1080242.1 y=1638877.7 z=-106.7
[AircraftClass::Init] Waypoints: numWaypoints=8 waypoint=0x7fffb133e730
[AircraftClass::Init] Waypoint loop done
[AircraftClass::Init] st=33660000 SimLibElapsedTime=33210800
[AircraftClass::Init] SetStartTime done, currentWaypoint=0
[AircraftClass::Init] Waypoint index loop done, curWaypoint=0x7fffb133e730
[AircraftClass::Init] Inside curWaypoint check, getting WPAction...
[AircraftClass::Init] Getting UnitAirbase from campBase=0x7fffa8130c80
[AircraftClass::Init] UnitAirbase ent=0x5555614835f0
[AircraftClass::Init] WPAction=1 (WP_TAKEOFF=1) allowGroundInit=1
[AircraftClass::Init] Calling OnGroundInit...
[AircraftClass::Init] OnGroundInit done
[AircraftClass::Init] After waypoint if block, initialMach=0.000
[AircraftClass::Init] Mach clamped, afIdx lookup from vehicleDataIndex=12
[AircraftClass::Init] afIdx=0 NumACDefEntries=266
[AircraftClass::Init] Calling af->InitData(0)...
[AircraftClass::Init] af->InitData done
[AircraftClass::Init] Checking auxaeroData=0x55555bfa3240
[AircraftClass::Init] F16 flag check done
[AircraftClass::Init] Engine flag check done, creating SMS...
[AircraftClass::Init] SMS created: 0x7fff740419e0
[AircraftClass::Init] Creating FCC, NumHardpoints=10
[AircraftClass::Init] FCC created: 0x7fff74046580
[AircraftClass::Init] FCC->SetSms done
[AircraftClass::Init] Getting gun from hardPoint[0]=0x7fff74041b80
[AircraftClass::Init] Guns=0x7fff74041c70
[AircraftClass::Init] Gun TrailID set
[AircraftClass::Init] Checking ground level...
[AircraftClass::Init] Ground level check done
[AircraftClass::Init] Calling af->Init(0)...
[AircraftClass::Init] af->Init done
[AircraftClass::Init] Checking hasSwingWing...
[AircraftClass::Init] hasSwingWing check done
[AircraftClass::Init] Checking isComplex=1
[AircraftClass::Init] Calling MakeComplex()...
[AircraftClass::Init] MakeComplex done
[AircraftClass::Init] isComplex check done
[AircraftClass::Init] Calling SetSwitch(COMP_CANOPY)...
[AircraftClass::Init] SetSwitch done
[AircraftClass::Init] Checking ACMI recording...
[AircraftClass::Init] ACMI check done
[AircraftClass::Init] Checking IsComplex for laser/harm pods...
[AircraftClass::Init] IsComplex check done
[AircraftClass::Init] Checking Guns=0x7fff74041c70
[AircraftClass::Init] Guns check done
[AircraftClass::Init] Starting sensor setup...
[AircraftClass::Init] Sensor setup done, numSensors=3
[AircraftClass::Init] Creating brain, GetCampaignObject=0x7fffa8130c80
[AircraftClass::Init] Creating DigitalBrain...
[AircraftClass::Init] DigitalBrain created: 0x7fff74050550
[AircraftClass::Init] Brain created, calling DBrain()->SetTaxiPoint...
[AircraftClass::Init] Creating PilotInputs...
[AircraftClass::Init] PilotInputs created: 0x7fff74046d70
[AircraftClass::Init] Checking PreFlight...
[AircraftClass::Init] End of initData block
[AircraftClass::Init] EXIT - Init complete
[AircraftClass::Init] ENTER
[AircraftClass::Init] SimVehicleClass::Init done
[AircraftClass::Init] classPtr=0x555557be65f6, initData=0x7fffc4d83a60
[AircraftClass::Init] Checking SType/SPType...
[AircraftClass::Init] Creating AirframeClass...
[AircraftClass::Init] AirframeClass created: 0x7fff74051ba0
[AircraftClass::Init] SetFlag done, mFaults=(nil)
[AircraftClass::Init] FackClass created, isDigital=1
[AircraftClass::Init] Checking RunningInstantAction...
[AircraftClass::Init] RunningInstantAction check done
[AircraftClass::Init] Initial pos set: x=1080491.7 y=1638877.5 z=-106.7
[AircraftClass::Init] Waypoints: numWaypoints=8 waypoint=0x7fff74046de0
[AircraftClass::Init] Waypoint loop done
[AircraftClass::Init] st=33660000 SimLibElapsedTime=33210800
[AircraftClass::Init] SetStartTime done, currentWaypoint=0
[AircraftClass::Init] Waypoint index loop done, curWaypoint=0x7fff74046de0
[AircraftClass::Init] Inside curWaypoint check, getting WPAction...
[AircraftClass::Init] Getting UnitAirbase from campBase=0x7fffa8130c80
[AircraftClass::Init] UnitAirbase ent=0x5555614835f0
[AircraftClass::Init] WPAction=1 (WP_TAKEOFF=1) allowGroundInit=1
[AircraftClass::Init] Calling OnGroundInit...
[AircraftClass::Init] OnGroundInit done
[AircraftClass::Init] After waypoint if block, initialMach=0.000
[AircraftClass::Init] Mach clamped, afIdx lookup from vehicleDataIndex=12
[AircraftClass::Init] afIdx=0 NumACDefEntries=266
[AircraftClass::Init] Calling af->InitData(0)...
[AircraftClass::Init] af->InitData done
[AircraftClass::Init] Checking auxaeroData=0x55555bfa3240
[AircraftClass::Init] F16 flag check done
[AircraftClass::Init] Engine flag check done, creating SMS...
[AircraftClass::Init] SMS created: 0x7fff740525c0
[AircraftClass::Init] Creating FCC, NumHardpoints=10
[AircraftClass::Init] FCC created: 0x7fff74057450
[AircraftClass::Init] FCC->SetSms done
[AircraftClass::Init] Getting gun from hardPoint[0]=0x7fff74052760
[AircraftClass::Init] Guns=0x7fff74052850
[AircraftClass::Init] Gun TrailID set
[AircraftClass::Init] Checking ground level...
[AircraftClass::Init] Ground level check done
[AircraftClass::Init] Calling af->Init(0)...
[AircraftClass::Init] af->Init done
[AircraftClass::Init] Checking hasSwingWing...
[AircraftClass::Init] hasSwingWing check done
[AircraftClass::Init] Checking isComplex=1
[AircraftClass::Init] Calling MakeComplex()...
[AircraftClass::Init] MakeComplex done
[AircraftClass::Init] isComplex check done
[AircraftClass::Init] Calling SetSwitch(COMP_CANOPY)...
[AircraftClass::Init] SetSwitch done
[AircraftClass::Init] Checking ACMI recording...
[AircraftClass::Init] ACMI check done
[AircraftClass::Init] Checking IsComplex for laser/harm pods...
[AircraftClass::Init] IsComplex check done
[AircraftClass::Init] Checking Guns=0x7fff74052850
[AircraftClass::Init] Guns check done
[AircraftClass::Init] Starting sensor setup...
[AircraftClass::Init] Sensor setup done, numSensors=3
[AircraftClass::Init] Creating brain, GetCampaignObject=0x7fffa8130c80
[AircraftClass::Init] Creating DigitalBrain...
[AircraftClass::Init] DigitalBrain created: 0x7fffb10e3a60
[AircraftClass::Init] Brain created, calling DBrain()->SetTaxiPoint...
[AircraftClass::Init] Creating PilotInputs...
[AircraftClass::Init] PilotInputs created: 0x7fff74057cd0
[AircraftClass::Init] Checking PreFlight...
[AircraftClass::Init] End of initData block
[AircraftClass::Init] EXIT - Init complete
[FARTEX] suppressed redundant reload #1 (texID=62253)
[INPUT] focus gained (doUI=0) -> relative mouse re-enabled
Assertion at 465  /home/admin/freefalcon-central/src/graphics/bsplib/texbank.cpp  Sep 16 2026
[Failed:  IsValidIndex(id)] Assertion at 465  /home/admin/freefalcon-central/src/graphics/bsplib/texbank.cpp  Sep 16 2026
[AircraftClass::Init] ENTER
[AircraftClass::Init] SimVehicleClass::Init done
[AircraftClass::Init] classPtr=0x555557be6af1, initData=0x7fffc4d83a60
[AircraftClass::Init] Checking SType/SPType...
[AircraftClass::Init] Creating AirframeClass...
[AircraftClass::Init] AirframeClass created: 0x7fff68c1ed90
[AircraftClass::Init] SetFlag done, mFaults=(nil)
[AircraftClass::Init] FackClass created, isDigital=1
[AircraftClass::Init] Checking RunningInstantAction...
[AircraftClass::Init] RunningInstantAction check done
[AircraftClass::Init] Initial pos set: x=1176717.6 y=1459386.0 z=-31.0
[AircraftClass::Init] Waypoints: numWaypoints=8 waypoint=0x7fffb00d4730
[AircraftClass::Init] Waypoint loop done
[AircraftClass::Init] st=33900000 SimLibElapsedTime=33258505
[AircraftClass::Init] SetStartTime done, currentWaypoint=0
[AircraftClass::Init] Waypoint index loop done, curWaypoint=0x7fffb00d4730
[AircraftClass::Init] Inside curWaypoint check, getting WPAction...
[AircraftClass::Init] Getting UnitAirbase from campBase=0x7fffa81327f0
[AircraftClass::Init] UnitAirbase ent=0x55556142dc50
[AircraftClass::Init] WPAction=1 (WP_TAKEOFF=1) allowGroundInit=1
[AircraftClass::Init] Calling OnGroundInit...
[AircraftClass::Init] OnGroundInit done
[AircraftClass::Init] After waypoint if block, initialMach=0.000
[AircraftClass::Init] Mach clamped, afIdx lookup from vehicleDataIndex=16
[AircraftClass::Init] afIdx=156 NumACDefEntries=266
[AircraftClass::Init] Calling af->InitData(156)...
[AircraftClass::Init] af->InitData done
[AircraftClass::Init] Checking auxaeroData=0x55555cce3d70
[AircraftClass::Init] F16 flag check done
[AircraftClass::Init] Engine flag check done, creating SMS...
[AircraftClass::Init] SMS created: 0x7fff782decc0
[AircraftClass::Init] Creating FCC, NumHardpoints=10
[AircraftClass::Init] FCC created: 0x7fff68c22bd0
[AircraftClass::Init] FCC->SetSms done
[AircraftClass::Init] Getting gun from hardPoint[0]=0x7fff68c1d780
[AircraftClass::Init] Guns=0x7fff68c1ab10
[AircraftClass::Init] Gun TrailID set
[AircraftClass::Init] Checking ground level...
[AircraftClass::Init] Ground level check done
[AircraftClass::Init] Calling af->Init(156)...
[AircraftClass::Init] af->Init done
[AircraftClass::Init] Checking hasSwingWing...
[AircraftClass::Init] hasSwingWing check done
[AircraftClass::Init] Checking isComplex=1
[AircraftClass::Init] Calling MakeComplex()...
[AircraftClass::Init] MakeComplex done
[AircraftClass::Init] isComplex check done
[AircraftClass::Init] Calling SetSwitch(COMP_CANOPY)...
[AircraftClass::Init] SetSwitch done
[AircraftClass::Init] Checking ACMI recording...
[AircraftClass::Init] ACMI check done
[AircraftClass::Init] Checking IsComplex for laser/harm pods...
[AircraftClass::Init] IsComplex check done
[AircraftClass::Init] Checking Guns=0x7fff68c1ab10
[AircraftClass::Init] Guns check done
[AircraftClass::Init] Starting sensor setup...
[AircraftClass::Init] Sensor setup done, numSensors=3
[AircraftClass::Init] Creating brain, GetCampaignObject=0x7fffa81327f0
[AircraftClass::Init] Creating DigitalBrain...
[AircraftClass::Init] DigitalBrain created: 0x7fff68c24d10
[AircraftClass::Init] Brain created, calling DBrain()->SetTaxiPoint...
[AircraftClass::Init] Creating PilotInputs...
[AircraftClass::Init] PilotInputs created: 0x7fff68c233c0
[AircraftClass::Init] Checking PreFlight...
[AircraftClass::Init] End of initData block
[AircraftClass::Init] EXIT - Init complete
[AircraftClass::Init] ENTER
[AircraftClass::Init] SimVehicleClass::Init done
[AircraftClass::Init] classPtr=0x555557be6af1, initData=0x7fffc4d83a60
[AircraftClass::Init] Checking SType/SPType...
[AircraftClass::Init] Creating AirframeClass...
[AircraftClass::Init] AirframeClass created: 0x7fff68c26a20
[AircraftClass::Init] SetFlag done, mFaults=(nil)
[AircraftClass::Init] FackClass created, isDigital=1
[AircraftClass::Init] Checking RunningInstantAction...
[AircraftClass::Init] RunningInstantAction check done
[AircraftClass::Init] Initial pos set: x=1176861.6 y=1459296.2 z=-31.0
[AircraftClass::Init] Waypoints: numWaypoints=8 waypoint=0x7fff68c1a8c0
[AircraftClass::Init] Waypoint loop done
[AircraftClass::Init] st=33900000 SimLibElapsedTime=33258505
[AircraftClass::Init] SetStartTime done, currentWaypoint=0
[AircraftClass::Init] Waypoint index loop done, curWaypoint=0x7fff68c1a8c0
[AircraftClass::Init] Inside curWaypoint check, getting WPAction...
[AircraftClass::Init] Getting UnitAirbase from campBase=0x7fffa81327f0
[AircraftClass::Init] UnitAirbase ent=0x55556142dc50
[AircraftClass::Init] WPAction=1 (WP_TAKEOFF=1) allowGroundInit=1
[AircraftClass::Init] Calling OnGroundInit...
[AircraftClass::Init] OnGroundInit done
[AircraftClass::Init] After waypoint if block, initialMach=0.000
[AircraftClass::Init] Mach clamped, afIdx lookup from vehicleDataIndex=16
[AircraftClass::Init] afIdx=156 NumACDefEntries=266
[AircraftClass::Init] Calling af->InitData(156)...
[AircraftClass::Init] af->InitData done
[AircraftClass::Init] Checking auxaeroData=0x55555cce3d70
[AircraftClass::Init] F16 flag check done
[AircraftClass::Init] Engine flag check done, creating SMS...
[AircraftClass::Init] SMS created: 0x7fff68c27440
[AircraftClass::Init] Creating FCC, NumHardpoints=10
[AircraftClass::Init] FCC created: 0x7fff68c2c3f0
[AircraftClass::Init] FCC->SetSms done
[AircraftClass::Init] Getting gun from hardPoint[0]=0x7fff68c275e0
[AircraftClass::Init] Guns=0x7fff68c276d0
[AircraftClass::Init] Gun TrailID set
[AircraftClass::Init] Checking ground level...
[AircraftClass::Init] Ground level check done
[AircraftClass::Init] Calling af->Init(156)...
[AircraftClass::Init] af->Init done
[AircraftClass::Init] Checking hasSwingWing...
[AircraftClass::Init] hasSwingWing check done
[AircraftClass::Init] Checking isComplex=1
[AircraftClass::Init] Calling MakeComplex()...
[AircraftClass::Init] MakeComplex done
[AircraftClass::Init] isComplex check done
[AircraftClass::Init] Calling SetSwitch(COMP_CANOPY)...
[AircraftClass::Init] SetSwitch done
[AircraftClass::Init] Checking ACMI recording...
[AircraftClass::Init] ACMI check done
[AircraftClass::Init] Checking IsComplex for laser/harm pods...
[AircraftClass::Init] IsComplex check done
[AircraftClass::Init] Checking Guns=0x7fff68c276d0
[AircraftClass::Init] Guns check done
[AircraftClass::Init] Starting sensor setup...
[AircraftClass::Init] Sensor setup done, numSensors=3
[AircraftClass::Init] Creating brain, GetCampaignObject=0x7fffa81327f0
[AircraftClass::Init] Creating DigitalBrain...
[AircraftClass::Init] DigitalBrain created: 0x7fff68c2e740
[AircraftClass::Init] Brain created, calling DBrain()->SetTaxiPoint...
[AircraftClass::Init] Creating PilotInputs...
[AircraftClass::Init] PilotInputs created: 0x7fff68c2cbe0
[AircraftClass::Init] Checking PreFlight...
[AircraftClass::Init] End of initData block
[AircraftClass::Init] EXIT - Init complete
[AircraftClass::Init] ENTER
[AircraftClass::Init] SimVehicleClass::Init done
[AircraftClass::Init] classPtr=0x555557be6af1, initData=0x7fffc4d83a60
[AircraftClass::Init] Checking SType/SPType...
[AircraftClass::Init] Creating AirframeClass...
[AircraftClass::Init] AirframeClass created: 0x7fff68c304b0
[AircraftClass::Init] SetFlag done, mFaults=(nil)
[AircraftClass::Init] FackClass created, isDigital=1
[AircraftClass::Init] Checking RunningInstantAction...
[AircraftClass::Init] RunningInstantAction check done
[AircraftClass::Init] Initial pos set: x=1176610.0 y=1459433.5 z=-31.0
[AircraftClass::Init] Waypoints: numWaypoints=8 waypoint=0x7fff68c2f080
[AircraftClass::Init] Waypoint loop done
[AircraftClass::Init] st=33900000 SimLibElapsedTime=33258505
[AircraftClass::Init] SetStartTime done, currentWaypoint=0
[AircraftClass::Init] Waypoint index loop done, curWaypoint=0x7fff68c2f080
[AircraftClass::Init] Inside curWaypoint check, getting WPAction...
[AircraftClass::Init] Getting UnitAirbase from campBase=0x7fffa81327f0
[AircraftClass::Init] UnitAirbase ent=0x55556142dc50
[AircraftClass::Init] WPAction=1 (WP_TAKEOFF=1) allowGroundInit=1
[AircraftClass::Init] Calling OnGroundInit...
[AircraftClass::Init] OnGroundInit done
[AircraftClass::Init] After waypoint if block, initialMach=0.000
[AircraftClass::Init] Mach clamped, afIdx lookup from vehicleDataIndex=16
[AircraftClass::Init] afIdx=156 NumACDefEntries=266
[AircraftClass::Init] Calling af->InitData(156)...
[AircraftClass::Init] af->InitData done
[AircraftClass::Init] Checking auxaeroData=0x55555cce3d70
[AircraftClass::Init] F16 flag check done
[AircraftClass::Init] Engine flag check done, creating SMS...
[AircraftClass::Init] SMS created: 0x7fff68c30ed0
[AircraftClass::Init] Creating FCC, NumHardpoints=10
[AircraftClass::Init] FCC created: 0x7fff68c36030
[AircraftClass::Init] FCC->SetSms done
[AircraftClass::Init] Getting gun from hardPoint[0]=0x7fff68c31070
[AircraftClass::Init] Guns=0x7fff68c31160
[AircraftClass::Init] Gun TrailID set
[AircraftClass::Init] Checking ground level...
[AircraftClass::Init] Ground level check done
[AircraftClass::Init] Calling af->Init(156)...
[AircraftClass::Init] af->Init done
[AircraftClass::Init] Checking hasSwingWing...
[AircraftClass::Init] hasSwingWing check done
[AircraftClass::Init] Checking isComplex=1
[AircraftClass::Init] Calling MakeComplex()...
[AircraftClass::Init] MakeComplex done
[AircraftClass::Init] isComplex check done
[AircraftClass::Init] Calling SetSwitch(COMP_CANOPY)...
[AircraftClass::Init] SetSwitch done
[AircraftClass::Init] Checking ACMI recording...
[AircraftClass::Init] ACMI check done
[AircraftClass::Init] Checking IsComplex for laser/harm pods...
[AircraftClass::Init] IsComplex check done
[AircraftClass::Init] Checking Guns=0x7fff68c31160
[AircraftClass::Init] Guns check done
[AircraftClass::Init] Starting sensor setup...
[AircraftClass::Init] Sensor setup done, numSensors=3
[AircraftClass::Init] Creating brain, GetCampaignObject=0x7fffa81327f0
[AircraftClass::Init] Creating DigitalBrain...
[AircraftClass::Init] DigitalBrain created: 0x7fff68c38380
[AircraftClass::Init] Brain created, calling DBrain()->SetTaxiPoint...
[AircraftClass::Init] Creating PilotInputs...
[AircraftClass::Init] PilotInputs created: 0x7fff68c368b0
[AircraftClass::Init] Checking PreFlight...
[AircraftClass::Init] End of initData block
[AircraftClass::Init] EXIT - Init complete
[AircraftClass::Init] ENTER
[AircraftClass::Init] SimVehicleClass::Init done
[AircraftClass::Init] classPtr=0x555557be6af1, initData=0x7fffc4d83a60
[AircraftClass::Init] Checking SType/SPType...
[AircraftClass::Init] Creating AirframeClass...
[AircraftClass::Init] AirframeClass created: 0x7fff68c3a170
[AircraftClass::Init] SetFlag done, mFaults=(nil)
[AircraftClass::Init] FackClass created, isDigital=1
[AircraftClass::Init] Checking RunningInstantAction...
[AircraftClass::Init] RunningInstantAction check done
[AircraftClass::Init] Initial pos set: x=1176605.6 y=1459356.7 z=-31.0
[AircraftClass::Init] Waypoints: numWaypoints=8 waypoint=0x7fff68c38d40
[AircraftClass::Init] Waypoint loop done
[AircraftClass::Init] st=33900000 SimLibElapsedTime=33258505
[AircraftClass::Init] SetStartTime done, currentWaypoint=0
[AircraftClass::Init] Waypoint index loop done, curWaypoint=0x7fff68c38d40
[AircraftClass::Init] Inside curWaypoint check, getting WPAction...
[AircraftClass::Init] Getting UnitAirbase from campBase=0x7fffa81327f0
[AircraftClass::Init] UnitAirbase ent=0x55556142dc50
[AircraftClass::Init] WPAction=1 (WP_TAKEOFF=1) allowGroundInit=1
[AircraftClass::Init] Calling OnGroundInit...
[AircraftClass::Init] OnGroundInit done
[AircraftClass::Init] After waypoint if block, initialMach=0.000
[AircraftClass::Init] Mach clamped, afIdx lookup from vehicleDataIndex=16
[AircraftClass::Init] afIdx=156 NumACDefEntries=266
[AircraftClass::Init] Calling af->InitData(156)...
[AircraftClass::Init] af->InitData done
[AircraftClass::Init] Checking auxaeroData=0x55555cce3d70
[AircraftClass::Init] F16 flag check done
[AircraftClass::Init] Engine flag check done, creating SMS...
[AircraftClass::Init] SMS created: 0x7fff68c3ab90
[AircraftClass::Init] Creating FCC, NumHardpoints=10
[AircraftClass::Init] FCC created: 0x7fff68c3fda0
[AircraftClass::Init] FCC->SetSms done
[AircraftClass::Init] Getting gun from hardPoint[0]=0x7fff68c3ad30
[AircraftClass::Init] Guns=0x7fff68c3ae20
[AircraftClass::Init] Gun TrailID set
[AircraftClass::Init] Checking ground level...
[AircraftClass::Init] Ground level check done
[AircraftClass::Init] Calling af->Init(156)...
[AircraftClass::Init] af->Init done
[AircraftClass::Init] Checking hasSwingWing...
[AircraftClass::Init] hasSwingWing check done
[AircraftClass::Init] Checking isComplex=1
[AircraftClass::Init] Calling MakeComplex()...
[AircraftClass::Init] MakeComplex done
[AircraftClass::Init] isComplex check done
[AircraftClass::Init] Calling SetSwitch(COMP_CANOPY)...
[AircraftClass::Init] SetSwitch done
[AircraftClass::Init] Checking ACMI recording...
[AircraftClass::Init] ACMI check done
[AircraftClass::Init] Checking IsComplex for laser/harm pods...
[AircraftClass::Init] IsComplex check done
[AircraftClass::Init] Checking Guns=0x7fff68c3ae20
[AircraftClass::Init] Guns check done
[AircraftClass::Init] Starting sensor setup...
[AircraftClass::Init] Sensor setup done, numSensors=3
[AircraftClass::Init] Creating brain, GetCampaignObject=0x7fffa81327f0
[AircraftClass::Init] Creating DigitalBrain...
[AircraftClass::Init] DigitalBrain created: 0x7fff68c420f0
[AircraftClass::Init] Brain created, calling DBrain()->SetTaxiPoint...
[AircraftClass::Init] Creating PilotInputs...
[AircraftClass::Init] PilotInputs created: 0x7fff68c40620
[AircraftClass::Init] Checking PreFlight...
[AircraftClass::Init] End of initData block
[AircraftClass::Init] EXIT - Init complete
[PalLight] light=(0.930 0.958 1.000) gametime=33260341 pal=0x7fffa5cad640
Assertion at 394  /home/admin/freefalcon-central/src/sim/cockpit/cpkneeview.cpp  Sep 19 2026
[Failed:  m_imageloaded] Assertion at 394  /home/admin/freefalcon-central/src/sim/cockpit/cpkneeview.cpp  Sep 19 2026
[INPUT] focus lost (doUI=0) -> relative mouse released
[INPUT] focus gained (doUI=0) -> relative mouse re-enabled
[AircraftClass::Init] ENTER
[AircraftClass::Init] SimVehicleClass::Init done
[AircraftClass::Init] classPtr=0x555557be6f97, initData=0x7fffc4d83a60
[AircraftClass::Init] Checking SType/SPType...
[AircraftClass::Init] Creating AirframeClass...
[AircraftClass::Init] AirframeClass created: 0x7fff6ae236c0
[AircraftClass::Init] SetFlag done, mFaults=(nil)
[AircraftClass::Init] FackClass created, isDigital=1
[AircraftClass::Init] Checking RunningInstantAction...
[AircraftClass::Init] RunningInstantAction check done
[AircraftClass::Init] Initial pos set: x=1371745.2 y=1359179.5 z=-31.0
[AircraftClass::Init] Waypoints: numWaypoints=6 waypoint=0x7fff6ae27af0
[AircraftClass::Init] Waypoint loop done
[AircraftClass::Init] st=33720000 SimLibElapsedTime=33300188
[AircraftClass::Init] SetStartTime done, currentWaypoint=0
[AircraftClass::Init] Waypoint index loop done, curWaypoint=0x7fff6ae27af0
[AircraftClass::Init] Inside curWaypoint check, getting WPAction...
[AircraftClass::Init] Getting UnitAirbase from campBase=0x7fffa80f5600
[AircraftClass::Init] UnitAirbase ent=0x555561455ff0
[AircraftClass::Init] WPAction=1 (WP_TAKEOFF=1) allowGroundInit=1
[AircraftClass::Init] Calling OnGroundInit...
[AircraftClass::Init] OnGroundInit done
[AircraftClass::Init] After waypoint if block, initialMach=0.000
[AircraftClass::Init] Mach clamped, afIdx lookup from vehicleDataIndex=71
[AircraftClass::Init] afIdx=20 NumACDefEntries=266
[AircraftClass::Init] Calling af->InitData(20)...
[AircraftClass::Init] af->InitData done
[AircraftClass::Init] Checking auxaeroData=0x55555cac93c0
[AircraftClass::Init] F16 flag check done
[AircraftClass::Init] Engine flag check done, creating SMS...
[AircraftClass::Init] SMS created: 0x7fffb1a5bf90
[AircraftClass::Init] Creating FCC, NumHardpoints=4
[AircraftClass::Init] FCC created: 0x7fff782dba70
[AircraftClass::Init] FCC->SetSms done
[AircraftClass::Init] Getting gun from hardPoint[0]=0x7fffb04d9e10
[AircraftClass::Init] Guns=(nil)
[AircraftClass::Init] Checking ground level...
[AircraftClass::Init] Ground level check done
[AircraftClass::Init] Calling af->Init(20)...
[AircraftClass::Init] af->Init done
[AircraftClass::Init] Checking hasSwingWing...
[AircraftClass::Init] hasSwingWing check done
[AircraftClass::Init] Checking isComplex=0
[AircraftClass::Init] isComplex check done
[AircraftClass::Init] Calling SetSwitch(COMP_CANOPY)...
[AircraftClass::Init] SetSwitch done
[AircraftClass::Init] Checking ACMI recording...
[AircraftClass::Init] ACMI check done
[AircraftClass::Init] Checking IsComplex for laser/harm pods...
[AircraftClass::Init] IsComplex check done
[AircraftClass::Init] Checking Guns=(nil)
[AircraftClass::Init] Guns check done
[AircraftClass::Init] Starting sensor setup...
[AircraftClass::Init] Sensor setup done, numSensors=4
[AircraftClass::Init] Creating brain, GetCampaignObject=0x7fffa80f5600
[AircraftClass::Init] Creating DigitalBrain...
[AircraftClass::Init] DigitalBrain created: 0x7fff6af10be0
[AircraftClass::Init] Brain created, calling DBrain()->SetTaxiPoint...
[AircraftClass::Init] Creating PilotInputs...
[AircraftClass::Init] PilotInputs created: 0x7fff6af11040
[AircraftClass::Init] Checking PreFlight...
[AircraftClass::Init] End of initData block
Assertion at 167  /home/admin/freefalcon-central/src/sim/include/simmover.h  Sep 19 2026
[Failed:  num >= 0 and num < numSwitches] Assertion at 167  /home/admin/freefalcon-central/src/sim/include/simmover.h  Sep 19 2026
[AircraftClass::Init] EXIT - Init complete
[AircraftClass::Init] ENTER
[AircraftClass::Init] SimVehicleClass::Init done
[AircraftClass::Init] classPtr=0x555557be6f97, initData=0x7fffc4d83a60
[AircraftClass::Init] Checking SType/SPType...
[AircraftClass::Init] Creating AirframeClass...
[AircraftClass::Init] AirframeClass created: 0x7fff6aecb7d0
[AircraftClass::Init] SetFlag done, mFaults=(nil)
[AircraftClass::Init] FackClass created, isDigital=1
[AircraftClass::Init] Checking RunningInstantAction...
[AircraftClass::Init] RunningInstantAction check done
[AircraftClass::Init] Initial pos set: x=1371680.6 y=1359423.5 z=-31.0
[AircraftClass::Init] Waypoints: numWaypoints=6 waypoint=0x7fff6af25090
[AircraftClass::Init] Waypoint loop done
[AircraftClass::Init] st=33720000 SimLibElapsedTime=33300188
[AircraftClass::Init] SetStartTime done, currentWaypoint=0
[AircraftClass::Init] Waypoint index loop done, curWaypoint=0x7fff6af25090
[AircraftClass::Init] Inside curWaypoint check, getting WPAction...
[AircraftClass::Init] Getting UnitAirbase from campBase=0x7fffa80f5600
[AircraftClass::Init] UnitAirbase ent=0x555561455ff0
[AircraftClass::Init] WPAction=1 (WP_TAKEOFF=1) allowGroundInit=1
[AircraftClass::Init] Calling OnGroundInit...
[AircraftClass::Init] OnGroundInit done
[AircraftClass::Init] After waypoint if block, initialMach=0.000
[AircraftClass::Init] Mach clamped, afIdx lookup from vehicleDataIndex=71
[AircraftClass::Init] afIdx=20 NumACDefEntries=266
[AircraftClass::Init] Calling af->InitData(20)...
[AircraftClass::Init] af->InitData done
[AircraftClass::Init] Checking auxaeroData=0x55555cac93c0
[AircraftClass::Init] F16 flag check done
[AircraftClass::Init] Engine flag check done, creating SMS...
[AircraftClass::Init] SMS created: 0x7fff6aedaf10
[AircraftClass::Init] Creating FCC, NumHardpoints=4
[AircraftClass::Init] FCC created: 0x7fffcd9e16f0
[AircraftClass::Init] FCC->SetSms done
[AircraftClass::Init] Getting gun from hardPoint[0]=0x7fff778aa7c0
[AircraftClass::Init] Guns=(nil)
[AircraftClass::Init] Checking ground level...
[AircraftClass::Init] Ground level check done
[AircraftClass::Init] Calling af->Init(20)...
[AircraftClass::Init] af->Init done
[AircraftClass::Init] Checking hasSwingWing...
[AircraftClass::Init] hasSwingWing check done
[AircraftClass::Init] Checking isComplex=0
[AircraftClass::Init] isComplex check done
[AircraftClass::Init] Calling SetSwitch(COMP_CANOPY)...
[AircraftClass::Init] SetSwitch done
[AircraftClass::Init] Checking ACMI recording...
[AircraftClass::Init] ACMI check done
[AircraftClass::Init] Checking IsComplex for laser/harm pods...
[AircraftClass::Init] IsComplex check done
[AircraftClass::Init] Checking Guns=(nil)
[AircraftClass::Init] Guns check done
[AircraftClass::Init] Starting sensor setup...
[AircraftClass::Init] Sensor setup done, numSensors=4
[AircraftClass::Init] Creating brain, GetCampaignObject=0x7fffa80f5600
[AircraftClass::Init] Creating DigitalBrain...
[AircraftClass::Init] DigitalBrain created: 0x7fff6ada4b90
[AircraftClass::Init] Brain created, calling DBrain()->SetTaxiPoint...
[AircraftClass::Init] Creating PilotInputs...
[AircraftClass::Init] PilotInputs created: 0x7fff6ada1f30
[AircraftClass::Init] Checking PreFlight...
[AircraftClass::Init] End of initData block
[AircraftClass::Init] EXIT - Init complete
[AircraftClass::Init] ENTER
[AircraftClass::Init] SimVehicleClass::Init done
[AircraftClass::Init] classPtr=0x555557be6f97, initData=0x7fffc4d83a60
[AircraftClass::Init] Checking SType/SPType...
[AircraftClass::Init] Creating AirframeClass...
[AircraftClass::Init] AirframeClass created: 0x7fff6ada8370
[AircraftClass::Init] SetFlag done, mFaults=(nil)
[AircraftClass::Init] FackClass created, isDigital=1
[AircraftClass::Init] Checking RunningInstantAction...
[AircraftClass::Init] RunningInstantAction check done
[AircraftClass::Init] Initial pos set: x=1371490.6 y=1359627.5 z=-31.0
[AircraftClass::Init] Waypoints: numWaypoints=6 waypoint=0x7fff6bf48a30
[AircraftClass::Init] Waypoint loop done
[AircraftClass::Init] st=33720000 SimLibElapsedTime=33300188
[AircraftClass::Init] SetStartTime done, currentWaypoint=0
[AircraftClass::Init] Waypoint index loop done, curWaypoint=0x7fff6bf48a30
[AircraftClass::Init] Inside curWaypoint check, getting WPAction...
[AircraftClass::Init] Getting UnitAirbase from campBase=0x7fffa80f5600
[AircraftClass::Init] UnitAirbase ent=0x555561455ff0
[AircraftClass::Init] WPAction=1 (WP_TAKEOFF=1) allowGroundInit=1
[AircraftClass::Init] Calling OnGroundInit...
[AircraftClass::Init] OnGroundInit done
[AircraftClass::Init] After waypoint if block, initialMach=0.000
[AircraftClass::Init] Mach clamped, afIdx lookup from vehicleDataIndex=71
[AircraftClass::Init] afIdx=20 NumACDefEntries=266
[AircraftClass::Init] Calling af->InitData(20)...
[AircraftClass::Init] af->InitData done
[AircraftClass::Init] Checking auxaeroData=0x55555cac93c0
[AircraftClass::Init] F16 flag check done
[AircraftClass::Init] Engine flag check done, creating SMS...
[AircraftClass::Init] SMS created: 0x7fff6ada5a40
[AircraftClass::Init] Creating FCC, NumHardpoints=4
[AircraftClass::Init] FCC created: 0x7fff6adbd8e0
[AircraftClass::Init] FCC->SetSms done
[AircraftClass::Init] Getting gun from hardPoint[0]=0x7fff778aaca0
[AircraftClass::Init] Guns=(nil)
[AircraftClass::Init] Checking ground level...
[AircraftClass::Init] Ground level check done
[AircraftClass::Init] Calling af->Init(20)...
[AircraftClass::Init] af->Init done
[AircraftClass::Init] Checking hasSwingWing...
[AircraftClass::Init] hasSwingWing check done
[AircraftClass::Init] Checking isComplex=0
[AircraftClass::Init] isComplex check done
[AircraftClass::Init] Calling SetSwitch(COMP_CANOPY)...
[AircraftClass::Init] SetSwitch done
[AircraftClass::Init] Checking ACMI recording...
[AircraftClass::Init] ACMI check done
[AircraftClass::Init] Checking IsComplex for laser/harm pods...
[AircraftClass::Init] IsComplex check done
[AircraftClass::Init] Checking Guns=(nil)
[AircraftClass::Init] Guns check done
[AircraftClass::Init] Starting sensor setup...
[AircraftClass::Init] Sensor setup done, numSensors=4
[AircraftClass::Init] Creating brain, GetCampaignObject=0x7fffa80f5600
[AircraftClass::Init] Creating DigitalBrain...
[AircraftClass::Init] DigitalBrain created: 0x7fff6adc0ba0
[AircraftClass::Init] Brain created, calling DBrain()->SetTaxiPoint...
[AircraftClass::Init] Creating PilotInputs...
[AircraftClass::Init] PilotInputs created: 0x7fff6adbe030
[AircraftClass::Init] Checking PreFlight...
[AircraftClass::Init] End of initData block
[AircraftClass::Init] EXIT - Init complete
[AircraftClass::Init] ENTER
[AircraftClass::Init] SimVehicleClass::Init done
[AircraftClass::Init] classPtr=0x555557be6f97, initData=0x7fffc4d83a60
[AircraftClass::Init] Checking SType/SPType...
[AircraftClass::Init] Creating AirframeClass...
[AircraftClass::Init] AirframeClass created: 0x7fff6adc43b0
[AircraftClass::Init] SetFlag done, mFaults=(nil)
[AircraftClass::Init] FackClass created, isDigital=1
[AircraftClass::Init] Checking RunningInstantAction...
[AircraftClass::Init] RunningInstantAction check done
[AircraftClass::Init] Initial pos set: x=1371850.6 y=1359281.5 z=-31.0
[AircraftClass::Init] Waypoints: numWaypoints=6 waypoint=0x7fff6adbe190
[AircraftClass::Init] Waypoint loop done
[AircraftClass::Init] st=33720000 SimLibElapsedTime=33300188
[AircraftClass::Init] SetStartTime done, currentWaypoint=0
[AircraftClass::Init] Waypoint index loop done, curWaypoint=0x7fff6adbe190
[AircraftClass::Init] Inside curWaypoint check, getting WPAction...
[AircraftClass::Init] Getting UnitAirbase from campBase=0x7fffa80f5600
[AircraftClass::Init] UnitAirbase ent=0x555561455ff0
[AircraftClass::Init] WPAction=1 (WP_TAKEOFF=1) allowGroundInit=1
[AircraftClass::Init] Calling OnGroundInit...
[AircraftClass::Init] OnGroundInit done
[AircraftClass::Init] After waypoint if block, initialMach=0.000
[AircraftClass::Init] Mach clamped, afIdx lookup from vehicleDataIndex=71
[AircraftClass::Init] afIdx=20 NumACDefEntries=266
[AircraftClass::Init] Calling af->InitData(20)...
[AircraftClass::Init] af->InitData done
[AircraftClass::Init] Checking auxaeroData=0x55555cac93c0
[AircraftClass::Init] F16 flag check done
[AircraftClass::Init] Engine flag check done, creating SMS...
[AircraftClass::Init] SMS created: 0x7fff6adc2930
[AircraftClass::Init] Creating FCC, NumHardpoints=4
[AircraftClass::Init] FCC created: 0x7fff6add8330
[AircraftClass::Init] FCC->SetSms done
[AircraftClass::Init] Getting gun from hardPoint[0]=0x7fffb04da2f0
[AircraftClass::Init] Guns=(nil)
[AircraftClass::Init] Checking ground level...
[AircraftClass::Init] Ground level check done
[AircraftClass::Init] Calling af->Init(20)...
[AircraftClass::Init] af->Init done
[AircraftClass::Init] Checking hasSwingWing...
[AircraftClass::Init] hasSwingWing check done
[AircraftClass::Init] Checking isComplex=0
[AircraftClass::Init] isComplex check done
[AircraftClass::Init] Calling SetSwitch(COMP_CANOPY)...
[AircraftClass::Init] SetSwitch done
[AircraftClass::Init] Checking ACMI recording...
[AircraftClass::Init] ACMI check done
[AircraftClass::Init] Checking IsComplex for laser/harm pods...
[AircraftClass::Init] IsComplex check done
[AircraftClass::Init] Checking Guns=(nil)
[AircraftClass::Init] Guns check done
[AircraftClass::Init] Starting sensor setup...
[AircraftClass::Init] Sensor setup done, numSensors=4
[AircraftClass::Init] Creating brain, GetCampaignObject=0x7fffa80f5600
[AircraftClass::Init] Creating DigitalBrain...
[AircraftClass::Init] DigitalBrain created: 0x7fff6addb650
[AircraftClass::Init] Brain created, calling DBrain()->SetTaxiPoint...
[AircraftClass::Init] Creating PilotInputs...
[AircraftClass::Init] PilotInputs created: 0x7fff6adda340
[AircraftClass::Init] Checking PreFlight...
[AircraftClass::Init] End of initData block
[AircraftClass::Init] EXIT - Init complete
[PalLight] light=(0.929 0.957 1.000) gametime=33321795 pal=0x7fffa5cad640
Assertion at 156  /home/admin/freefalcon-central/src/sim/include/simmover.h  Sep 16 2026
[Failed:  dof >= 0 and dof < numDofs] Assertion at 156  /home/admin/freefalcon-central/src/sim/include/simmover.h  Sep 16 2026
[AircraftClass::Init] ENTER
[AircraftClass::Init] SimVehicleClass::Init done
[AircraftClass::Init] classPtr=0x555557c1535b, initData=0x7fffc4d83a60
[AircraftClass::Init] Checking SType/SPType...
[AircraftClass::Init] Creating AirframeClass...
[AircraftClass::Init] AirframeClass created: 0x7fff6ac8c010
[AircraftClass::Init] SetFlag done, mFaults=(nil)
[AircraftClass::Init] FackClass created, isDigital=1
[AircraftClass::Init] Checking RunningInstantAction...
[AircraftClass::Init] RunningInstantAction check done
[AircraftClass::Init] Initial pos set: x=1579310.1 y=1408751.2 z=-25636.0
[AircraftClass::Init] Waypoints: numWaypoints=8 waypoint=0x7fff77898300
[AircraftClass::Init] Waypoint loop done
[AircraftClass::Init] st=32700000 SimLibElapsedTime=33351219
[AircraftClass::Init] SetStartTime done, currentWaypoint=2
[AircraftClass::Init] Waypoint index loop done, curWaypoint=0x7fff77897160
[AircraftClass::Init] Inside curWaypoint check, getting WPAction...
[AircraftClass::Init] Getting UnitAirbase from campBase=0x7fffa80cfc50
[AircraftClass::Init] UnitAirbase ent=0x55556148e9f0
[AircraftClass::Init] WPAction=16 (WP_TAKEOFF=1) allowGroundInit=1
[AircraftClass::Init] Else branch (not WP_TAKEOFF)
[AircraftClass::Init] Calling AddTakeOff, waypoint=0x7fff77898300
[AircraftClass::Init] AddTakeOff done
[AircraftClass::Init] Got atWaypoint location: 1589150.1, 1431711.1, -15000.0
[AircraftClass::Init] RunningInstantAction=0 isDigital=1
[AircraftClass::Init] Getting wp2 location from curWaypoint=0x7fff77897160
[AircraftClass::Init] wp2 location: 1553070.3, 1477630.7, -22500.0
[AircraftClass::Init] initialPsi=2.236, getting arrival times
[AircraftClass::Init] dt=85461 SEC_TO_MSEC=1000
[AircraftClass::Init] initialMach=687.038
[AircraftClass::Init] After waypoint if block, initialMach=687.038
[AircraftClass::Init] Mach clamped, afIdx lookup from vehicleDataIndex=55
[AircraftClass::Init] afIdx=65 NumACDefEntries=266
[AircraftClass::Init] Calling af->InitData(65)...
[AircraftClass::Init] af->InitData done
[AircraftClass::Init] Checking auxaeroData=0x55555c7269e0
[AircraftClass::Init] F16 flag check done
[AircraftClass::Init] Engine flag check done, creating SMS...
[AircraftClass::Init] SMS created: 0x7fff6afb33e0
[AircraftClass::Init] Creating FCC, NumHardpoints=7
[AircraftClass::Init] FCC created: 0x7fff6afb2ef0
[AircraftClass::Init] FCC->SetSms done
[AircraftClass::Init] Getting gun from hardPoint[0]=0x7fff7789a300
[AircraftClass::Init] Guns=0x7fff6ac8c780
[AircraftClass::Init] Gun TrailID set
[AircraftClass::Init] Checking ground level...
[AircraftClass::Init] Ground level check done
[AircraftClass::Init] Calling af->Init(65)...
[AircraftClass::Init] af->Init done
[AircraftClass::Init] Checking hasSwingWing...
[AircraftClass::Init] hasSwingWing check done
[AircraftClass::Init] Checking isComplex=0
[AircraftClass::Init] isComplex check done
[AircraftClass::Init] Calling SetSwitch(COMP_CANOPY)...
[AircraftClass::Init] SetSwitch done
[AircraftClass::Init] Checking ACMI recording...
[AircraftClass::Init] ACMI check done
[AircraftClass::Init] Checking IsComplex for laser/harm pods...
[AircraftClass::Init] IsComplex check done
[AircraftClass::Init] Checking Guns=0x7fff6ac8c780
[AircraftClass::Init] Guns check done
[AircraftClass::Init] Starting sensor setup...
[AircraftClass::Init] Sensor setup done, numSensors=3
[AircraftClass::Init] Creating brain, GetCampaignObject=0x7fffa80cfc50
[AircraftClass::Init] Creating DigitalBrain...
[AircraftClass::Init] DigitalBrain created: 0x7fff6ac0c040
[AircraftClass::Init] Brain created, calling DBrain()->SetTaxiPoint...
[AircraftClass::Init] Creating PilotInputs...
[AircraftClass::Init] PilotInputs created: 0x7fff6afb31a0
[AircraftClass::Init] Checking PreFlight...
[AircraftClass::Init] Calling PreFlight()...
[AircraftClass::Init] PreFlight done
[AircraftClass::Init] End of initData block
[AircraftClass::Init] EXIT - Init complete
[AircraftClass::Init] ENTER
[AircraftClass::Init] SimVehicleClass::Init done
[AircraftClass::Init] classPtr=0x555557c1535b, initData=0x7fffc4d83a60
[AircraftClass::Init] Checking SType/SPType...
[AircraftClass::Init] Creating AirframeClass...
[AircraftClass::Init] AirframeClass created: 0x7fff6ac0d9d0
[AircraftClass::Init] SetFlag done, mFaults=(nil)
[AircraftClass::Init] FackClass created, isDigital=1
[AircraftClass::Init] Checking RunningInstantAction...
[AircraftClass::Init] RunningInstantAction check done
[AircraftClass::Init] Initial pos set: x=1586607.7 y=1405479.7 z=-25636.0
[AircraftClass::Init] Waypoints: numWaypoints=8 waypoint=0x7fff6bbe3710
[AircraftClass::Init] Waypoint loop done
[AircraftClass::Init] st=32700000 SimLibElapsedTime=33351219
[AircraftClass::Init] SetStartTime done, currentWaypoint=2
[AircraftClass::Init] Waypoint index loop done, curWaypoint=0x7fff6abbe990
[AircraftClass::Init] Inside curWaypoint check, getting WPAction...
[AircraftClass::Init] Getting UnitAirbase from campBase=0x7fffa80cfc50
[AircraftClass::Init] UnitAirbase ent=0x55556148e9f0
[AircraftClass::Init] WPAction=16 (WP_TAKEOFF=1) allowGroundInit=1
[AircraftClass::Init] Else branch (not WP_TAKEOFF)
[AircraftClass::Init] Calling AddTakeOff, waypoint=0x7fff6bbe3710
[AircraftClass::Init] AddTakeOff done
[AircraftClass::Init] Got atWaypoint location: 1589150.1, 1431711.1, -15000.0
[AircraftClass::Init] RunningInstantAction=0 isDigital=1
[AircraftClass::Init] Getting wp2 location from curWaypoint=0x7fff6abbe990
[AircraftClass::Init] wp2 location: 1553070.3, 1477630.7, -22500.0
[AircraftClass::Init] initialPsi=2.236, getting arrival times
[AircraftClass::Init] dt=85461 SEC_TO_MSEC=1000
[AircraftClass::Init] initialMach=687.038
[AircraftClass::Init] After waypoint if block, initialMach=687.038
[AircraftClass::Init] Mach clamped, afIdx lookup from vehicleDataIndex=55
[AircraftClass::Init] afIdx=65 NumACDefEntries=266
[AircraftClass::Init] Calling af->InitData(65)...
[AircraftClass::Init] af->InitData done
[AircraftClass::Init] Checking auxaeroData=0x55555c7269e0
[AircraftClass::Init] F16 flag check done
[AircraftClass::Init] Engine flag check done, creating SMS...
[AircraftClass::Init] SMS created: 0x7fff6ac0e3f0
[AircraftClass::Init] Creating FCC, NumHardpoints=7
[AircraftClass::Init] FCC created: 0x7fff6b918020
[AircraftClass::Init] FCC->SetSms done
[AircraftClass::Init] Getting gun from hardPoint[0]=0x7fff77895e30
[AircraftClass::Init] Guns=0x7fff6ac0e530
[AircraftClass::Init] Gun TrailID set
[AircraftClass::Init] Checking ground level...
[AircraftClass::Init] Ground level check done
[AircraftClass::Init] Calling af->Init(65)...
[AircraftClass::Init] af->Init done
[AircraftClass::Init] Checking hasSwingWing...
[AircraftClass::Init] hasSwingWing check done
[AircraftClass::Init] Checking isComplex=0
[AircraftClass::Init] isComplex check done
[AircraftClass::Init] Calling SetSwitch(COMP_CANOPY)...
[AircraftClass::Init] SetSwitch done
[AircraftClass::Init] Checking ACMI recording...
[AircraftClass::Init] ACMI check done
[AircraftClass::Init] Checking IsComplex for laser/harm pods...
[AircraftClass::Init] IsComplex check done
[AircraftClass::Init] Checking Guns=0x7fff6ac0e530
[AircraftClass::Init] Guns check done
[AircraftClass::Init] Starting sensor setup...
[AircraftClass::Init] Sensor setup done, numSensors=3
[AircraftClass::Init] Creating brain, GetCampaignObject=0x7fffa80cfc50
[AircraftClass::Init] Creating DigitalBrain...
[AircraftClass::Init] DigitalBrain created: 0x7fff6b919340
[AircraftClass::Init] Brain created, calling DBrain()->SetTaxiPoint...
[AircraftClass::Init] Creating PilotInputs...
[AircraftClass::Init] PilotInputs created: 0x7fff6b9186b0
[AircraftClass::Init] Checking PreFlight...
[AircraftClass::Init] Calling PreFlight()...
[AircraftClass::Init] PreFlight done
[AircraftClass::Init] End of initData block
[AircraftClass::Init] EXIT - Init complete
[AircraftClass::Init] ENTER
[AircraftClass::Init] SimVehicleClass::Init done
[AircraftClass::Init] classPtr=0x555557c1535b, initData=0x7fffc4d83a60
[AircraftClass::Init] Checking SType/SPType...
[AircraftClass::Init] Creating AirframeClass...
[AircraftClass::Init] AirframeClass created: 0x7fff6ac67470
[AircraftClass::Init] SetFlag done, mFaults=(nil)
[AircraftClass::Init] FackClass created, isDigital=1
[AircraftClass::Init] Checking RunningInstantAction...
[AircraftClass::Init] RunningInstantAction check done
[AircraftClass::Init] Initial pos set: x=1579581.2 y=1390524.6 z=-25636.0
[AircraftClass::Init] Waypoints: numWaypoints=8 waypoint=0x7fff6ac0f5d0
[AircraftClass::Init] Waypoint loop done
[AircraftClass::Init] st=32700000 SimLibElapsedTime=33351219
[AircraftClass::Init] SetStartTime done, currentWaypoint=2
[AircraftClass::Init] Waypoint index loop done, curWaypoint=0x7fff6b919ca0
[AircraftClass::Init] Inside curWaypoint check, getting WPAction...
[AircraftClass::Init] Getting UnitAirbase from campBase=0x7fffa80cfc50
[AircraftClass::Init] UnitAirbase ent=0x55556148e9f0
[AircraftClass::Init] WPAction=16 (WP_TAKEOFF=1) allowGroundInit=1
[AircraftClass::Init] Else branch (not WP_TAKEOFF)
[AircraftClass::Init] Calling AddTakeOff, waypoint=0x7fff6ac0f5d0
[AircraftClass::Init] AddTakeOff done
[AircraftClass::Init] Got atWaypoint location: 1589150.1, 1431711.1, -15000.0
[AircraftClass::Init] RunningInstantAction=0 isDigital=1
[AircraftClass::Init] Getting wp2 location from curWaypoint=0x7fff6b919ca0
[AircraftClass::Init] wp2 location: 1553070.3, 1477630.7, -22500.0
[AircraftClass::Init] initialPsi=2.236, getting arrival times
[AircraftClass::Init] dt=85461 SEC_TO_MSEC=1000
[AircraftClass::Init] initialMach=687.038
[AircraftClass::Init] After waypoint if block, initialMach=687.038
[AircraftClass::Init] Mach clamped, afIdx lookup from vehicleDataIndex=55
[AircraftClass::Init] afIdx=65 NumACDefEntries=266
[AircraftClass::Init] Calling af->InitData(65)...
[AircraftClass::Init] af->InitData done
[AircraftClass::Init] Checking auxaeroData=0x55555c7269e0
[AircraftClass::Init] F16 flag check done
[AircraftClass::Init] Engine flag check done, creating SMS...
[AircraftClass::Init] SMS created: 0x7fff6ac67e90
[AircraftClass::Init] Creating FCC, NumHardpoints=7
[AircraftClass::Init] FCC created: 0x7fff6ac6ab20
[AircraftClass::Init] FCC->SetSms done
[AircraftClass::Init] Getting gun from hardPoint[0]=0x7fff6ac67fd0
[AircraftClass::Init] Guns=0x7fff6ac680c0
[AircraftClass::Init] Gun TrailID set
[AircraftClass::Init] Checking ground level...
[AircraftClass::Init] Ground level check done
[AircraftClass::Init] Calling af->Init(65)...
[AircraftClass::Init] af->Init done
[AircraftClass::Init] Checking hasSwingWing...
[AircraftClass::Init] hasSwingWing check done
[AircraftClass::Init] Checking isComplex=0
[AircraftClass::Init] isComplex check done
[AircraftClass::Init] Calling SetSwitch(COMP_CANOPY)...
[AircraftClass::Init] SetSwitch done
[AircraftClass::Init] Checking ACMI recording...
[AircraftClass::Init] ACMI check done
[AircraftClass::Init] Checking IsComplex for laser/harm pods...
[AircraftClass::Init] IsComplex check done
[AircraftClass::Init] Checking Guns=0x7fff6ac680c0
[AircraftClass::Init] Guns check done
[AircraftClass::Init] Starting sensor setup...
[AircraftClass::Init] Sensor setup done, numSensors=3
[AircraftClass::Init] Creating brain, GetCampaignObject=0x7fffa80cfc50
[AircraftClass::Init] Creating DigitalBrain...
[AircraftClass::Init] DigitalBrain created: 0x7fff6ac81b00
[AircraftClass::Init] Brain created, calling DBrain()->SetTaxiPoint...
[AircraftClass::Init] Creating PilotInputs...
[AircraftClass::Init] PilotInputs created: 0x7fff6ac6b1b0
[AircraftClass::Init] Checking PreFlight...
[AircraftClass::Init] Calling PreFlight()...
[AircraftClass::Init] PreFlight done
[AircraftClass::Init] End of initData block
[AircraftClass::Init] EXIT - Init complete
[AircraftClass::Init] ENTER
[AircraftClass::Init] SimVehicleClass::Init done
[AircraftClass::Init] classPtr=0x555557c1535b, initData=0x7fffc4d83a60
[AircraftClass::Init] Checking SType/SPType...
[AircraftClass::Init] Creating AirframeClass...
[AircraftClass::Init] AirframeClass created: 0x7fff6ac83960
[AircraftClass::Init] SetFlag done, mFaults=(nil)
[AircraftClass::Init] FackClass created, isDigital=1
[AircraftClass::Init] Checking RunningInstantAction...
[AircraftClass::Init] RunningInstantAction check done
[AircraftClass::Init] Initial pos set: x=1576294.7 y=1382064.3 z=-25636.0
[AircraftClass::Init] Waypoints: numWaypoints=8 waypoint=0x7fff6ac82400
[AircraftClass::Init] Waypoint loop done
[AircraftClass::Init] st=32700000 SimLibElapsedTime=33351219
[AircraftClass::Init] SetStartTime done, currentWaypoint=2
[AircraftClass::Init] Waypoint index loop done, curWaypoint=0x7fff6ac824c0
[AircraftClass::Init] Inside curWaypoint check, getting WPAction...
[AircraftClass::Init] Getting UnitAirbase from campBase=0x7fffa80cfc50
[AircraftClass::Init] UnitAirbase ent=0x55556148e9f0
[AircraftClass::Init] WPAction=16 (WP_TAKEOFF=1) allowGroundInit=1
[AircraftClass::Init] Else branch (not WP_TAKEOFF)
[AircraftClass::Init] Calling AddTakeOff, waypoint=0x7fff6ac82400
[AircraftClass::Init] AddTakeOff done
[AircraftClass::Init] Got atWaypoint location: 1589150.1, 1431711.1, -15000.0
[AircraftClass::Init] RunningInstantAction=0 isDigital=1
[AircraftClass::Init] Getting wp2 location from curWaypoint=0x7fff6ac824c0
[AircraftClass::Init] wp2 location: 1553070.3, 1477630.7, -22500.0
[AircraftClass::Init] initialPsi=2.236, getting arrival times
[AircraftClass::Init] dt=85461 SEC_TO_MSEC=1000
[AircraftClass::Init] initialMach=687.038
[AircraftClass::Init] After waypoint if block, initialMach=687.038
[AircraftClass::Init] Mach clamped, afIdx lookup from vehicleDataIndex=55
[AircraftClass::Init] afIdx=65 NumACDefEntries=266
[AircraftClass::Init] Calling af->InitData(65)...
[AircraftClass::Init] af->InitData done
[AircraftClass::Init] Checking auxaeroData=0x55555c7269e0
[AircraftClass::Init] F16 flag check done
[AircraftClass::Init] Engine flag check done, creating SMS...
[AircraftClass::Init] SMS created: 0x7fff6ac84380
[AircraftClass::Init] Creating FCC, NumHardpoints=7
[AircraftClass::Init] FCC created: 0x7fff6af54010
[AircraftClass::Init] FCC->SetSms done
[AircraftClass::Init] Getting gun from hardPoint[0]=0x7fff6ac844c0
[AircraftClass::Init] Guns=0x7fff6ac845b0
[AircraftClass::Init] Gun TrailID set
[AircraftClass::Init] Checking ground level...
[AircraftClass::Init] Ground level check done
[AircraftClass::Init] Calling af->Init(65)...
[AircraftClass::Init] af->Init done
[AircraftClass::Init] Checking hasSwingWing...
[AircraftClass::Init] hasSwingWing check done
[AircraftClass::Init] Checking isComplex=0
[AircraftClass::Init] isComplex check done
[AircraftClass::Init] Calling SetSwitch(COMP_CANOPY)...
[AircraftClass::Init] SetSwitch done
[AircraftClass::Init] Checking ACMI recording...
[AircraftClass::Init] ACMI check done
[AircraftClass::Init] Checking IsComplex for laser/harm pods...
[AircraftClass::Init] IsComplex check done
[AircraftClass::Init] Checking Guns=0x7fff6ac845b0
[AircraftClass::Init] Guns check done
[AircraftClass::Init] Starting sensor setup...
[AircraftClass::Init] Sensor setup done, numSensors=3
[AircraftClass::Init] Creating brain, GetCampaignObject=0x7fffa80cfc50
[AircraftClass::Init] Creating DigitalBrain...
[AircraftClass::Init] DigitalBrain created: 0x7fff6af55330
[AircraftClass::Init] Brain created, calling DBrain()->SetTaxiPoint...
[AircraftClass::Init] Creating PilotInputs...
[AircraftClass::Init] PilotInputs created: 0x7fff6af546a0
[AircraftClass::Init] Checking PreFlight...
[AircraftClass::Init] Calling PreFlight()...
[AircraftClass::Init] PreFlight done
[AircraftClass::Init] End of initData block
[AircraftClass::Init] EXIT - Init complete
[PalLight] light=(0.929 0.957 1.000) gametime=33382980 pal=0x7fffa5cad640
[AircraftClass::Init] ENTER
[AircraftClass::Init] SimVehicleClass::Init done
[AircraftClass::Init] classPtr=0x555557be6e43, initData=0x7fffc4d83a60
[AircraftClass::Init] Checking SType/SPType...
[AircraftClass::Init] Creating AirframeClass...
[AircraftClass::Init] AirframeClass created: 0x7fff6e38a980
[AircraftClass::Init] SetFlag done, mFaults=(nil)
[AircraftClass::Init] FackClass created, isDigital=1
[AircraftClass::Init] Checking RunningInstantAction...
[AircraftClass::Init] RunningInstantAction check done
[AircraftClass::Init] Initial pos set: x=1549790.3 y=1234912.2 z=-21063.0
[AircraftClass::Init] Waypoints: numWaypoints=8 waypoint=0x7fff6c211400
[AircraftClass::Init] Waypoint loop done
[AircraftClass::Init] st=32700000 SimLibElapsedTime=33431875
[AircraftClass::Init] SetStartTime done, currentWaypoint=1
[AircraftClass::Init] Waypoint index loop done, curWaypoint=0x7fff6c21b5d0
[AircraftClass::Init] Inside curWaypoint check, getting WPAction...
[AircraftClass::Init] Getting UnitAirbase from campBase=0x7fffa80cbb70
[AircraftClass::Init] UnitAirbase ent=0x55556148f930
[AircraftClass::Init] WPAction=0 (WP_TAKEOFF=1) allowGroundInit=1
[AircraftClass::Init] Else branch (not WP_TAKEOFF)
[AircraftClass::Init] Calling AddTakeOff, waypoint=0x7fff6c211400
[AircraftClass::Init] AddTakeOff done
[AircraftClass::Init] Got atWaypoint location: 1572750.2, 818354.9, 0.0
[AircraftClass::Init] RunningInstantAction=0 isDigital=1
[AircraftClass::Init] Getting wp2 location from curWaypoint=0x7fff6c21b5d0
[AircraftClass::Init] wp2 location: 1539950.3, 1375951.3, -18000.0
[AircraftClass::Init] initialPsi=1.629, getting arrival times
[AircraftClass::Init] dt=943294 SEC_TO_MSEC=1000
[AircraftClass::Init] initialMach=592.322
[AircraftClass::Init] After waypoint if block, initialMach=592.322
[AircraftClass::Init] Mach clamped, afIdx lookup from vehicleDataIndex=25
[AircraftClass::Init] afIdx=11 NumACDefEntries=266
[AircraftClass::Init] Calling af->InitData(11)...
[AircraftClass::Init] af->InitData done
[AircraftClass::Init] Checking auxaeroData=0x55555bea2000
[AircraftClass::Init] F16 flag check done
[AircraftClass::Init] Engine flag check done, creating SMS...
[AircraftClass::Init] SMS created: 0x7fff6c218130
[AircraftClass::Init] Creating FCC, NumHardpoints=11
[AircraftClass::Init] FCC created: 0x7fff6e38e380
[AircraftClass::Init] FCC->SetSms done
[AircraftClass::Init] Getting gun from hardPoint[0]=0x7fff6b3ed160
[AircraftClass::Init] Guns=0x7fff6e38b0f0
[AircraftClass::Init] Gun TrailID set
[AircraftClass::Init] Checking ground level...
[AircraftClass::Init] Ground level check done
[AircraftClass::Init] Calling af->Init(11)...
[AircraftClass::Init] af->Init done
[AircraftClass::Init] Checking hasSwingWing...
[AircraftClass::Init] hasSwingWing check done
[AircraftClass::Init] Checking isComplex=1
[AircraftClass::Init] Calling MakeComplex()...
[AircraftClass::Init] MakeComplex done
[AircraftClass::Init] isComplex check done
[AircraftClass::Init] Calling SetSwitch(COMP_CANOPY)...
[AircraftClass::Init] SetSwitch done
[AircraftClass::Init] Checking ACMI recording...
[AircraftClass::Init] ACMI check done
[AircraftClass::Init] Checking IsComplex for laser/harm pods...
[AircraftClass::Init] IsComplex check done
[AircraftClass::Init] Checking Guns=0x7fff6e38b0f0
[AircraftClass::Init] Guns check done
[AircraftClass::Init] Starting sensor setup...
[AircraftClass::Init] Sensor setup done, numSensors=3
[AircraftClass::Init] Creating brain, GetCampaignObject=0x7fffa80cbb70
[AircraftClass::Init] Creating DigitalBrain...
[AircraftClass::Init] DigitalBrain created: 0x7fff6e38f8b0
[AircraftClass::Init] Brain created, calling DBrain()->SetTaxiPoint...
[AircraftClass::Init] Creating PilotInputs...
[AircraftClass::Init] PilotInputs created: 0x7fff6e38e8d0
[AircraftClass::Init] Checking PreFlight...
[AircraftClass::Init] Calling PreFlight()...
[AircraftClass::Init] PreFlight done
[AircraftClass::Init] End of initData block
[AircraftClass::Init] EXIT - Init complete
[AircraftClass::Init] ENTER
[AircraftClass::Init] SimVehicleClass::Init done
[AircraftClass::Init] classPtr=0x555557be6e43, initData=0x7fffc4d83a60
[AircraftClass::Init] Checking SType/SPType...
[AircraftClass::Init] Creating AirframeClass...
[AircraftClass::Init] AirframeClass created: 0x7fff6e391230
[AircraftClass::Init] SetFlag done, mFaults=(nil)
[AircraftClass::Init] FackClass created, isDigital=1
[AircraftClass::Init] Checking RunningInstantAction...
[AircraftClass::Init] RunningInstantAction check done
[AircraftClass::Init] Initial pos set: x=1555825.1 y=1229664.3 z=-21063.0
[AircraftClass::Init] Waypoints: numWaypoints=8 waypoint=0x7fff6c21b1f0
[AircraftClass::Init] Waypoint loop done
[AircraftClass::Init] st=32700000 SimLibElapsedTime=33431875
[AircraftClass::Init] SetStartTime done, currentWaypoint=1
[AircraftClass::Init] Waypoint index loop done, curWaypoint=0x7fff6c21ad40
[AircraftClass::Init] Inside curWaypoint check, getting WPAction...
[AircraftClass::Init] Getting UnitAirbase from campBase=0x7fffa80cbb70
[AircraftClass::Init] UnitAirbase ent=0x55556148f930
[AircraftClass::Init] WPAction=0 (WP_TAKEOFF=1) allowGroundInit=1
[AircraftClass::Init] Else branch (not WP_TAKEOFF)
[AircraftClass::Init] Calling AddTakeOff, waypoint=0x7fff6c21b1f0
[AircraftClass::Init] AddTakeOff done
[AircraftClass::Init] Got atWaypoint location: 1572750.2, 818354.9, 0.0
[AircraftClass::Init] RunningInstantAction=0 isDigital=1
[AircraftClass::Init] Getting wp2 location from curWaypoint=0x7fff6c21ad40
[AircraftClass::Init] wp2 location: 1539950.3, 1375951.3, -18000.0
[AircraftClass::Init] initialPsi=1.629, getting arrival times
[AircraftClass::Init] dt=943294 SEC_TO_MSEC=1000
[AircraftClass::Init] initialMach=592.322
[AircraftClass::Init] After waypoint if block, initialMach=592.322
[AircraftClass::Init] Mach clamped, afIdx lookup from vehicleDataIndex=25
[AircraftClass::Init] afIdx=11 NumACDefEntries=266
[AircraftClass::Init] Calling af->InitData(11)...
[AircraftClass::Init] af->InitData done
[AircraftClass::Init] Checking auxaeroData=0x55555bea2000
[AircraftClass::Init] F16 flag check done
[AircraftClass::Init] Engine flag check done, creating SMS...
[AircraftClass::Init] SMS created: 0x7fff6e3919a0
[AircraftClass::Init] Creating FCC, NumHardpoints=11
[AircraftClass::Init] FCC created: 0x7fff760c81d0
[AircraftClass::Init] FCC->SetSms done
[AircraftClass::Init] Getting gun from hardPoint[0]=0x7fff6e391b40
[AircraftClass::Init] Guns=0x7fff6e391c30
[AircraftClass::Init] Gun TrailID set
[AircraftClass::Init] Checking ground level...
[AircraftClass::Init] Ground level check done
[AircraftClass::Init] Calling af->Init(11)...
[AircraftClass::Init] af->Init done
[AircraftClass::Init] Checking hasSwingWing...
[AircraftClass::Init] hasSwingWing check done
[AircraftClass::Init] Checking isComplex=1
[AircraftClass::Init] Calling MakeComplex()...
[AircraftClass::Init] MakeComplex done
[AircraftClass::Init] isComplex check done
[AircraftClass::Init] Calling SetSwitch(COMP_CANOPY)...
[AircraftClass::Init] SetSwitch done
[AircraftClass::Init] Checking ACMI recording...
[AircraftClass::Init] ACMI check done
[AircraftClass::Init] Checking IsComplex for laser/harm pods...
[AircraftClass::Init] IsComplex check done
[AircraftClass::Init] Checking Guns=0x7fff6e391c30
[AircraftClass::Init] Guns check done
[AircraftClass::Init] Starting sensor setup...
[AircraftClass::Init] Sensor setup done, numSensors=3
[AircraftClass::Init] Creating brain, GetCampaignObject=0x7fffa80cbb70
[AircraftClass::Init] Creating DigitalBrain...
[AircraftClass::Init] DigitalBrain created: 0x7fff760c9c40
[AircraftClass::Init] Brain created, calling DBrain()->SetTaxiPoint...
[AircraftClass::Init] Creating PilotInputs...
[AircraftClass::Init] PilotInputs created: 0x7fff760c8980
[AircraftClass::Init] Checking PreFlight...
[AircraftClass::Init] Calling PreFlight()...
[AircraftClass::Init] PreFlight done
[AircraftClass::Init] End of initData block
[AircraftClass::Init] EXIT - Init complete
[AircraftClass::Init] ENTER
[AircraftClass::Init] SimVehicleClass::Init done
[AircraftClass::Init] classPtr=0x555557be6e43, initData=0x7fffc4d83a60
[AircraftClass::Init] Checking SType/SPType...
[AircraftClass::Init] Creating AirframeClass...
[AircraftClass::Init] AirframeClass created: 0x7fff760cb950
[AircraftClass::Init] SetFlag done, mFaults=(nil)
[AircraftClass::Init] FackClass created, isDigital=1
[AircraftClass::Init] Checking RunningInstantAction...
[AircraftClass::Init] RunningInstantAction check done
[AircraftClass::Init] Initial pos set: x=1544762.5 y=1217390.7 z=-21063.0
[AircraftClass::Init] Waypoints: numWaypoints=8 waypoint=0x7fff6e392340
[AircraftClass::Init] Waypoint loop done
[AircraftClass::Init] st=32700000 SimLibElapsedTime=33431875
[AircraftClass::Init] SetStartTime done, currentWaypoint=1
[AircraftClass::Init] Waypoint index loop done, curWaypoint=0x7fff760ca580
[AircraftClass::Init] Inside curWaypoint check, getting WPAction...
[AircraftClass::Init] Getting UnitAirbase from campBase=0x7fffa80cbb70
[AircraftClass::Init] UnitAirbase ent=0x55556148f930
[AircraftClass::Init] WPAction=0 (WP_TAKEOFF=1) allowGroundInit=1
[AircraftClass::Init] Else branch (not WP_TAKEOFF)
[AircraftClass::Init] Calling AddTakeOff, waypoint=0x7fff6e392340
[AircraftClass::Init] AddTakeOff done
[AircraftClass::Init] Got atWaypoint location: 1572750.2, 818354.9, 0.0
[AircraftClass::Init] RunningInstantAction=0 isDigital=1
[AircraftClass::Init] Getting wp2 location from curWaypoint=0x7fff760ca580
[AircraftClass::Init] wp2 location: 1539950.3, 1375951.3, -18000.0
[AircraftClass::Init] initialPsi=1.629, getting arrival times
[AircraftClass::Init] dt=943294 SEC_TO_MSEC=1000
[AircraftClass::Init] initialMach=592.322
[AircraftClass::Init] After waypoint if block, initialMach=592.322
[AircraftClass::Init] Mach clamped, afIdx lookup from vehicleDataIndex=25
[AircraftClass::Init] afIdx=11 NumACDefEntries=266
[AircraftClass::Init] Calling af->InitData(11)...
[AircraftClass::Init] af->InitData done
[AircraftClass::Init] Checking auxaeroData=0x55555bea2000
[AircraftClass::Init] F16 flag check done
[AircraftClass::Init] Engine flag check done, creating SMS...
[AircraftClass::Init] SMS created: 0x7fff760cc370
[AircraftClass::Init] Creating FCC, NumHardpoints=11
[AircraftClass::Init] FCC created: 0x7fff7611fd10
[AircraftClass::Init] FCC->SetSms done
[AircraftClass::Init] Getting gun from hardPoint[0]=0x7fff760cc510
[AircraftClass::Init] Guns=0x7fff760cc600
[AircraftClass::Init] Gun TrailID set
[AircraftClass::Init] Checking ground level...
[AircraftClass::Init] Ground level check done
[AircraftClass::Init] Calling af->Init(11)...
[AircraftClass::Init] af->Init done
[AircraftClass::Init] Checking hasSwingWing...
[AircraftClass::Init] hasSwingWing check done
[AircraftClass::Init] Checking isComplex=1
[AircraftClass::Init] Calling MakeComplex()...
[AircraftClass::Init] MakeComplex done
[AircraftClass::Init] isComplex check done
[AircraftClass::Init] Calling SetSwitch(COMP_CANOPY)...
[AircraftClass::Init] SetSwitch done
[AircraftClass::Init] Checking ACMI recording...
[AircraftClass::Init] ACMI check done
[AircraftClass::Init] Checking IsComplex for laser/harm pods...
[AircraftClass::Init] IsComplex check done
[AircraftClass::Init] Checking Guns=0x7fff760cc600
[AircraftClass::Init] Guns check done
[AircraftClass::Init] Starting sensor setup...
[AircraftClass::Init] Sensor setup done, numSensors=3
[AircraftClass::Init] Creating brain, GetCampaignObject=0x7fffa80cbb70
[AircraftClass::Init] Creating DigitalBrain...
[AircraftClass::Init] DigitalBrain created: 0x7fff76121790
[AircraftClass::Init] Brain created, calling DBrain()->SetTaxiPoint...
[AircraftClass::Init] Creating PilotInputs...
[AircraftClass::Init] PilotInputs created: 0x7fff760d04c0
[AircraftClass::Init] Checking PreFlight...
[AircraftClass::Init] Calling PreFlight()...
[AircraftClass::Init] PreFlight done
[AircraftClass::Init] End of initData block
[AircraftClass::Init] EXIT - Init complete
[AircraftClass::Init] ENTER
[AircraftClass::Init] SimVehicleClass::Init done
[AircraftClass::Init] classPtr=0x555557be6e43, initData=0x7fffc4d83a60
[AircraftClass::Init] Checking SType/SPType...
[AircraftClass::Init] Creating AirframeClass...
[AircraftClass::Init] AirframeClass created: 0x7fff761233e0
[AircraftClass::Init] SetFlag done, mFaults=(nil)
[AircraftClass::Init] FackClass created, isDigital=1
[AircraftClass::Init] Checking RunningInstantAction...
[AircraftClass::Init] RunningInstantAction check done
[AircraftClass::Init] Initial pos set: x=1539163.0 y=1210247.6 z=-21063.0
[AircraftClass::Init] Waypoints: numWaypoints=8 waypoint=0x7fff76120520
[AircraftClass::Init] Waypoint loop done
[AircraftClass::Init] st=32700000 SimLibElapsedTime=33431875
[AircraftClass::Init] SetStartTime done, currentWaypoint=1
[AircraftClass::Init] Waypoint index loop done, curWaypoint=0x7fff760d05a0
[AircraftClass::Init] Inside curWaypoint check, getting WPAction...
[AircraftClass::Init] Getting UnitAirbase from campBase=0x7fffa80cbb70
[AircraftClass::Init] UnitAirbase ent=0x55556148f930
[AircraftClass::Init] WPAction=0 (WP_TAKEOFF=1) allowGroundInit=1
[AircraftClass::Init] Else branch (not WP_TAKEOFF)
[AircraftClass::Init] Calling AddTakeOff, waypoint=0x7fff76120520
[AircraftClass::Init] AddTakeOff done
[AircraftClass::Init] Got atWaypoint location: 1572750.2, 818354.9, 0.0
[AircraftClass::Init] RunningInstantAction=0 isDigital=1
[AircraftClass::Init] Getting wp2 location from curWaypoint=0x7fff760d05a0
[AircraftClass::Init] wp2 location: 1539950.3, 1375951.3, -18000.0
[AircraftClass::Init] initialPsi=1.629, getting arrival times
[AircraftClass::Init] dt=943294 SEC_TO_MSEC=1000
[AircraftClass::Init] initialMach=592.322
[AircraftClass::Init] After waypoint if block, initialMach=592.322
[AircraftClass::Init] Mach clamped, afIdx lookup from vehicleDataIndex=25
[AircraftClass::Init] afIdx=11 NumACDefEntries=266
[AircraftClass::Init] Calling af->InitData(11)...
[AircraftClass::Init] af->InitData done
[AircraftClass::Init] Checking auxaeroData=0x55555bea2000
[AircraftClass::Init] F16 flag check done
[AircraftClass::Init] Engine flag check done, creating SMS...
[AircraftClass::Init] SMS created: 0x7fff76123e00
[AircraftClass::Init] Creating FCC, NumHardpoints=11
[AircraftClass::Init] FCC created: 0x7fff76128550
[AircraftClass::Init] FCC->SetSms done
[AircraftClass::Init] Getting gun from hardPoint[0]=0x7fff76123fa0
[AircraftClass::Init] Guns=0x7fff76124090
[AircraftClass::Init] Gun TrailID set
[AircraftClass::Init] Checking ground level...
[AircraftClass::Init] Ground level check done
[AircraftClass::Init] Calling af->Init(11)...
[AircraftClass::Init] af->Init done
[AircraftClass::Init] Checking hasSwingWing...
[AircraftClass::Init] hasSwingWing check done
[AircraftClass::Init] Checking isComplex=1
[AircraftClass::Init] Calling MakeComplex()...
[AircraftClass::Init] MakeComplex done
[AircraftClass::Init] isComplex check done
[AircraftClass::Init] Calling SetSwitch(COMP_CANOPY)...
[AircraftClass::Init] SetSwitch done
[AircraftClass::Init] Checking ACMI recording...
[AircraftClass::Init] ACMI check done
[AircraftClass::Init] Checking IsComplex for laser/harm pods...
[AircraftClass::Init] IsComplex check done
[AircraftClass::Init] Checking Guns=0x7fff76124090
[AircraftClass::Init] Guns check done
[AircraftClass::Init] Starting sensor setup...
[AircraftClass::Init] Sensor setup done, numSensors=3
[AircraftClass::Init] Creating brain, GetCampaignObject=0x7fffa80cbb70
[AircraftClass::Init] Creating DigitalBrain...
[AircraftClass::Init] DigitalBrain created: 0x7fff76129fb0
[AircraftClass::Init] Brain created, calling DBrain()->SetTaxiPoint...
[AircraftClass::Init] Creating PilotInputs...
[AircraftClass::Init] PilotInputs created: 0x7fff76128d70
[AircraftClass::Init] Checking PreFlight...
[AircraftClass::Init] Calling PreFlight()...
[AircraftClass::Init] PreFlight done
[AircraftClass::Init] End of initData block
[AircraftClass::Init] EXIT - Init complete
[AircraftClass::Init] ENTER
[AircraftClass::Init] SimVehicleClass::Init done
[AircraftClass::Init] classPtr=0x555557bf05ab, initData=0x7fffc4d83a60
[AircraftClass::Init] Checking SType/SPType...
[AircraftClass::Init] Creating AirframeClass...
[AircraftClass::Init] AirframeClass created: 0x7fffb14ac350
[AircraftClass::Init] SetFlag done, mFaults=(nil)
[AircraftClass::Init] FackClass created, isDigital=1
[AircraftClass::Init] Checking RunningInstantAction...
[AircraftClass::Init] RunningInstantAction check done
[AircraftClass::Init] Initial pos set: x=1648189.7 y=1464510.8 z=-28103.0
[AircraftClass::Init] Waypoints: numWaypoints=7 waypoint=0x7fff6822ad40
[AircraftClass::Init] Waypoint loop done
[AircraftClass::Init] st=32880000 SimLibElapsedTime=33443154
[AircraftClass::Init] SetStartTime done, currentWaypoint=4
[AircraftClass::Init] Waypoint index loop done, curWaypoint=0x7fff760a5060
[AircraftClass::Init] Inside curWaypoint check, getting WPAction...
[AircraftClass::Init] Getting UnitAirbase from campBase=0x7fffa80c8fd0
[AircraftClass::Init] UnitAirbase ent=0x55556148d420
[AircraftClass::Init] WPAction=0 (WP_TAKEOFF=1) allowGroundInit=1
[AircraftClass::Init] Else branch (not WP_TAKEOFF)
[AircraftClass::Init] Calling AddTakeOff, waypoint=0x7fff6822ad40
[AircraftClass::Init] AddTakeOff done
[AircraftClass::Init] Got atWaypoint location: 1576030.2, 1385791.3, -25000.0
[AircraftClass::Init] RunningInstantAction=0 isDigital=1
[AircraftClass::Init] Getting wp2 location from curWaypoint=0x7fff760a5060
[AircraftClass::Init] wp2 location: 1648189.7, 1464510.8, -25000.0
[AircraftClass::Init] initialPsi=0.828, getting arrival times
[AircraftClass::Init] dt=137947 SEC_TO_MSEC=1000
[AircraftClass::Init] initialMach=779.476
[AircraftClass::Init] After waypoint if block, initialMach=779.476
[AircraftClass::Init] Mach clamped, afIdx lookup from vehicleDataIndex=195
[AircraftClass::Init] afIdx=46 NumACDefEntries=266
[AircraftClass::Init] Calling af->InitData(46)...
[AircraftClass::Init] af->InitData done
[AircraftClass::Init] Checking auxaeroData=0x55555c5fb0a0
[AircraftClass::Init] F16 flag check done
[AircraftClass::Init] Engine flag check done, creating SMS...
[AircraftClass::Init] SMS created: 0x7fff760a4d60
[AircraftClass::Init] Creating FCC, NumHardpoints=11
[AircraftClass::Init] FCC created: 0x7fff68478c90
[AircraftClass::Init] FCC->SetSms done
[AircraftClass::Init] Getting gun from hardPoint[0]=0x7fff77930930
[AircraftClass::Init] Guns=0x7fffb14acac0
[AircraftClass::Init] Gun TrailID set
[AircraftClass::Init] Checking ground level...
[AircraftClass::Init] Ground level check done
[AircraftClass::Init] Calling af->Init(46)...
Assertion at 432  /home/admin/freefalcon-central/src/sim/airframe/airframe.cpp  Sep 16 2026
[Failed:  m_tankcap[TANK_FWDRES] + m_tankcap[TANK_AFTRES] + m_tankcap[TANK_A1] + m_tankcap[TANK_F1] + m_tankcap[TANK_WINGAL] + m_tankcap[TANK_WINGFR] == aeroDataset[idx].inputData[AeroDataSet::InternalFuel]] Assertion at 432  /home/admin/freefalcon-central/src/sim/airframe/airframe.cpp  Sep 16 2026
[AircraftClass::Init] af->Init done
[AircraftClass::Init] Checking hasSwingWing...
[AircraftClass::Init] hasSwingWing check done
[AircraftClass::Init] Checking isComplex=1
[AircraftClass::Init] Calling MakeComplex()...
[AircraftClass::Init] MakeComplex done
[AircraftClass::Init] isComplex check done
[AircraftClass::Init] Calling SetSwitch(COMP_CANOPY)...
[AircraftClass::Init] SetSwitch done
[AircraftClass::Init] Checking ACMI recording...
[AircraftClass::Init] ACMI check done
[AircraftClass::Init] Checking IsComplex for laser/harm pods...
[AircraftClass::Init] IsComplex check done
[AircraftClass::Init] Checking Guns=0x7fffb14acac0
[AircraftClass::Init] Guns check done
[AircraftClass::Init] Starting sensor setup...
[AircraftClass::Init] Sensor setup done, numSensors=3
[AircraftClass::Init] Creating brain, GetCampaignObject=0x7fffa80c8fd0
[AircraftClass::Init] Creating DigitalBrain...
[AircraftClass::Init] DigitalBrain created: 0x7fff6847ab10
[AircraftClass::Init] Brain created, calling DBrain()->SetTaxiPoint...
[AircraftClass::Init] Creating PilotInputs...
[AircraftClass::Init] PilotInputs created: 0x7fff6847af70
[AircraftClass::Init] Checking PreFlight...
[AircraftClass::Init] Calling PreFlight()...
[AircraftClass::Init] PreFlight done
[AircraftClass::Init] End of initData block
[AircraftClass::Init] EXIT - Init complete
[AircraftClass::Init] ENTER
[AircraftClass::Init] SimVehicleClass::Init done
[AircraftClass::Init] classPtr=0x555557bf05ab, initData=0x7fffc4d83a60
[AircraftClass::Init] Checking SType/SPType...
[AircraftClass::Init] Creating AirframeClass...
[AircraftClass::Init] AirframeClass created: 0x7fffb1e3a4b0
[AircraftClass::Init] SetFlag done, mFaults=(nil)
[AircraftClass::Init] FackClass created, isDigital=1
[AircraftClass::Init] Checking RunningInstantAction...
[AircraftClass::Init] RunningInstantAction check done
[AircraftClass::Init] Initial pos set: x=1642534.7 y=1458855.8 z=-28103.0
[AircraftClass::Init] Waypoints: numWaypoints=7 waypoint=0x7fff6847b640
[AircraftClass::Init] Waypoint loop done
[AircraftClass::Init] st=32880000 SimLibElapsedTime=33443154
[AircraftClass::Init] SetStartTime done, currentWaypoint=4
[AircraftClass::Init] Waypoint index loop done, curWaypoint=0x7fff6847b7c0
[AircraftClass::Init] Inside curWaypoint check, getting WPAction...
[AircraftClass::Init] Getting UnitAirbase from campBase=0x7fffa80c8fd0
[AircraftClass::Init] UnitAirbase ent=0x55556148d420
[AircraftClass::Init] WPAction=0 (WP_TAKEOFF=1) allowGroundInit=1
[AircraftClass::Init] Else branch (not WP_TAKEOFF)
[AircraftClass::Init] Calling AddTakeOff, waypoint=0x7fff6847b640
[AircraftClass::Init] AddTakeOff done
[AircraftClass::Init] Got atWaypoint location: 1576030.2, 1385791.3, -25000.0
[AircraftClass::Init] RunningInstantAction=0 isDigital=1
[AircraftClass::Init] Getting wp2 location from curWaypoint=0x7fff6847b7c0
[AircraftClass::Init] wp2 location: 1648189.7, 1464510.8, -25000.0
[AircraftClass::Init] initialPsi=0.828, getting arrival times
[AircraftClass::Init] dt=137947 SEC_TO_MSEC=1000
[AircraftClass::Init] initialMach=779.476
[AircraftClass::Init] After waypoint if block, initialMach=779.476
[AircraftClass::Init] Mach clamped, afIdx lookup from vehicleDataIndex=195
[AircraftClass::Init] afIdx=46 NumACDefEntries=266
[AircraftClass::Init] Calling af->InitData(46)...
[AircraftClass::Init] af->InitData done
[AircraftClass::Init] Checking auxaeroData=0x55555c5fb0a0
[AircraftClass::Init] F16 flag check done
[AircraftClass::Init] Engine flag check done, creating SMS...
[AircraftClass::Init] SMS created: 0x7fffb1e3aed0
[AircraftClass::Init] Creating FCC, NumHardpoints=11
[AircraftClass::Init] FCC created: 0x7fffb1e3d7f0
[AircraftClass::Init] FCC->SetSms done
[AircraftClass::Init] Getting gun from hardPoint[0]=0x7fffb1e3b070
[AircraftClass::Init] Guns=0x7fffb1e3b160
[AircraftClass::Init] Gun TrailID set
[AircraftClass::Init] Checking ground level...
[AircraftClass::Init] Ground level check done
[AircraftClass::Init] Calling af->Init(46)...
[AircraftClass::Init] af->Init done
[AircraftClass::Init] Checking hasSwingWing...
[AircraftClass::Init] hasSwingWing check done
[AircraftClass::Init] Checking isComplex=1
[AircraftClass::Init] Calling MakeComplex()...
[AircraftClass::Init] MakeComplex done
[AircraftClass::Init] isComplex check done
[AircraftClass::Init] Calling SetSwitch(COMP_CANOPY)...
[AircraftClass::Init] SetSwitch done
[AircraftClass::Init] Checking ACMI recording...
[AircraftClass::Init] ACMI check done
[AircraftClass::Init] Checking IsComplex for laser/harm pods...
[AircraftClass::Init] IsComplex check done
[AircraftClass::Init] Checking Guns=0x7fffb1e3b160
[AircraftClass::Init] Guns check done
[AircraftClass::Init] Starting sensor setup...
[AircraftClass::Init] Sensor setup done, numSensors=3
[AircraftClass::Init] Creating brain, GetCampaignObject=0x7fffa80c8fd0
[AircraftClass::Init] Creating DigitalBrain...
[AircraftClass::Init] DigitalBrain created: 0x7fff683e4c10
[AircraftClass::Init] Brain created, calling DBrain()->SetTaxiPoint...
[AircraftClass::Init] Creating PilotInputs...
[AircraftClass::Init] PilotInputs created: 0x7fffb1e3f110
[AircraftClass::Init] Checking PreFlight...
[AircraftClass::Init] Calling PreFlight()...
[AircraftClass::Init] PreFlight done
[AircraftClass::Init] End of initData block
[AircraftClass::Init] EXIT - Init complete
[AircraftClass::Init] ENTER
[AircraftClass::Init] SimVehicleClass::Init done
[AircraftClass::Init] classPtr=0x555557bf05ab, initData=0x7fffc4d83a60
[AircraftClass::Init] Checking SType/SPType...
[AircraftClass::Init] Creating AirframeClass...
[AircraftClass::Init] AirframeClass created: 0x7fff683e69c0
[AircraftClass::Init] SetFlag done, mFaults=(nil)
[AircraftClass::Init] FackClass created, isDigital=1
[AircraftClass::Init] Checking RunningInstantAction...
[AircraftClass::Init] RunningInstantAction check done
[AircraftClass::Init] Initial pos set: x=1624324.7 y=1476828.8 z=-28103.0
[AircraftClass::Init] Waypoints: numWaypoints=7 waypoint=0x7fff683e5660
[AircraftClass::Init] Waypoint loop done
[AircraftClass::Init] st=32880000 SimLibElapsedTime=33443154
[AircraftClass::Init] SetStartTime done, currentWaypoint=4
[AircraftClass::Init] Waypoint index loop done, curWaypoint=0x7fff683e57e0
[AircraftClass::Init] Inside curWaypoint check, getting WPAction...
[AircraftClass::Init] Getting UnitAirbase from campBase=0x7fffa80c8fd0
[AircraftClass::Init] UnitAirbase ent=0x55556148d420
[AircraftClass::Init] WPAction=0 (WP_TAKEOFF=1) allowGroundInit=1
[AircraftClass::Init] Else branch (not WP_TAKEOFF)
[AircraftClass::Init] Calling AddTakeOff, waypoint=0x7fff683e5660
[AircraftClass::Init] AddTakeOff done
[AircraftClass::Init] Got atWaypoint location: 1576030.2, 1385791.3, -25000.0
[AircraftClass::Init] RunningInstantAction=0 isDigital=1
[AircraftClass::Init] Getting wp2 location from curWaypoint=0x7fff683e57e0
[AircraftClass::Init] wp2 location: 1648189.7, 1464510.8, -25000.0
[AircraftClass::Init] initialPsi=0.828, getting arrival times
[AircraftClass::Init] dt=137947 SEC_TO_MSEC=1000
[AircraftClass::Init] initialMach=779.476
[AircraftClass::Init] After waypoint if block, initialMach=779.476
[AircraftClass::Init] Mach clamped, afIdx lookup from vehicleDataIndex=195
[AircraftClass::Init] afIdx=46 NumACDefEntries=266
[AircraftClass::Init] Calling af->InitData(46)...
[AircraftClass::Init] af->InitData done
[AircraftClass::Init] Checking auxaeroData=0x55555c5fb0a0
[AircraftClass::Init] F16 flag check done
[AircraftClass::Init] Engine flag check done, creating SMS...
[AircraftClass::Init] SMS created: 0x7fff683e73e0
[AircraftClass::Init] Creating FCC, NumHardpoints=11
[AircraftClass::Init] FCC created: 0x7fff683e9d70
[AircraftClass::Init] FCC->SetSms done
[AircraftClass::Init] Getting gun from hardPoint[0]=0x7fff683e7580
[AircraftClass::Init] Guns=0x7fff683e7670
[AircraftClass::Init] Gun TrailID set
[AircraftClass::Init] Checking ground level...
[AircraftClass::Init] Ground level check done
[AircraftClass::Init] Calling af->Init(46)...
[AircraftClass::Init] af->Init done
[AircraftClass::Init] Checking hasSwingWing...
[AircraftClass::Init] hasSwingWing check done
[AircraftClass::Init] Checking isComplex=1
[AircraftClass::Init] Calling MakeComplex()...
[AircraftClass::Init] MakeComplex done
[AircraftClass::Init] isComplex check done
[AircraftClass::Init] Calling SetSwitch(COMP_CANOPY)...
[AircraftClass::Init] SetSwitch done
[AircraftClass::Init] Checking ACMI recording...
[AircraftClass::Init] ACMI check done
[AircraftClass::Init] Checking IsComplex for laser/harm pods...
[AircraftClass::Init] IsComplex check done
[AircraftClass::Init] Checking Guns=0x7fff683e7670
[AircraftClass::Init] Guns check done
[AircraftClass::Init] Starting sensor setup...
[AircraftClass::Init] Sensor setup done, numSensors=3
[AircraftClass::Init] Creating brain, GetCampaignObject=0x7fffa80c8fd0
[AircraftClass::Init] Creating DigitalBrain...
[AircraftClass::Init] DigitalBrain created: 0x7fff683c0210
[AircraftClass::Init] Brain created, calling DBrain()->SetTaxiPoint...
[AircraftClass::Init] Creating PilotInputs...
[AircraftClass::Init] PilotInputs created: 0x7fff683c0670
[AircraftClass::Init] Checking PreFlight...
[AircraftClass::Init] Calling PreFlight()...
[AircraftClass::Init] PreFlight done
[AircraftClass::Init] End of initData block
[AircraftClass::Init] EXIT - Init complete
[PalLight] light=(0.928 0.957 1.000) gametime=33444250 pal=0x7fffa5cad640
[AircraftClass::Init] ENTER
[AircraftClass::Init] SimVehicleClass::Init done
[AircraftClass::Init] classPtr=0x555557be6e43, initData=0x7fffc4d83a60
[AircraftClass::Init] Checking SType/SPType...
[AircraftClass::Init] Creating AirframeClass...
[AircraftClass::Init] AirframeClass created: 0x7fff68358d20
[AircraftClass::Init] SetFlag done, mFaults=(nil)
[AircraftClass::Init] FackClass created, isDigital=1
[AircraftClass::Init] Checking RunningInstantAction...
[AircraftClass::Init] RunningInstantAction check done
[AircraftClass::Init] Initial pos set: x=1457950.8 y=1188992.6 z=-25426.0
[AircraftClass::Init] Waypoints: numWaypoints=8 waypoint=0x7fff6e24bb90
[AircraftClass::Init] Waypoint loop done
[AircraftClass::Init] st=32640000 SimLibElapsedTime=33464514
[AircraftClass::Init] SetStartTime done, currentWaypoint=2
[AircraftClass::Init] Waypoint index loop done, curWaypoint=0x7fff6e24a7f0
[AircraftClass::Init] Inside curWaypoint check, getting WPAction...
[AircraftClass::Init] Getting UnitAirbase from campBase=0x7fffa80d27b0
[AircraftClass::Init] UnitAirbase ent=0x55556148f930
[AircraftClass::Init] WPAction=16 (WP_TAKEOFF=1) allowGroundInit=1
[AircraftClass::Init] Else branch (not WP_TAKEOFF)
[AircraftClass::Init] Calling AddTakeOff, waypoint=0x7fff6e24bb90
[AircraftClass::Init] AddTakeOff done
[AircraftClass::Init] Got atWaypoint location: 1402191.2, 1208672.5, -18000.0
[AircraftClass::Init] RunningInstantAction=0 isDigital=1
[AircraftClass::Init] Getting wp2 location from curWaypoint=0x7fff6e24a7f0
[AircraftClass::Init] wp2 location: 1343151.6, 1333311.6, -22500.0
[AircraftClass::Init] initialPsi=2.013, getting arrival times
[AircraftClass::Init] dt=232878 SEC_TO_MSEC=1000
[AircraftClass::Init] initialMach=594.461
[AircraftClass::Init] After waypoint if block, initialMach=594.461
[AircraftClass::Init] Mach clamped, afIdx lookup from vehicleDataIndex=25
[AircraftClass::Init] afIdx=11 NumACDefEntries=266
[AircraftClass::Init] Calling af->InitData(11)...
[AircraftClass::Init] af->InitData done
[AircraftClass::Init] Checking auxaeroData=0x55555bea2000
[AircraftClass::Init] F16 flag check done
[AircraftClass::Init] Engine flag check done, creating SMS...
[AircraftClass::Init] SMS created: 0x7fff68355db0
[AircraftClass::Init] Creating FCC, NumHardpoints=11
[AircraftClass::Init] FCC created: 0x7fff6835baa0
[AircraftClass::Init] FCC->SetSms done
[AircraftClass::Init] Getting gun from hardPoint[0]=0x7fff6e2368b0
[AircraftClass::Init] Guns=0x7fff6e23e850
[AircraftClass::Init] Gun TrailID set
[AircraftClass::Init] Checking ground level...
[AircraftClass::Init] Ground level check done
[AircraftClass::Init] Calling af->Init(11)...
[AircraftClass::Init] af->Init done
[AircraftClass::Init] Checking hasSwingWing...
[AircraftClass::Init] hasSwingWing check done
[AircraftClass::Init] Checking isComplex=1
[AircraftClass::Init] Calling MakeComplex()...
[AircraftClass::Init] MakeComplex done
[AircraftClass::Init] isComplex check done
[AircraftClass::Init] Calling SetSwitch(COMP_CANOPY)...
[AircraftClass::Init] SetSwitch done
[AircraftClass::Init] Checking ACMI recording...
[AircraftClass::Init] ACMI check done
[AircraftClass::Init] Checking IsComplex for laser/harm pods...
[AircraftClass::Init] IsComplex check done
[AircraftClass::Init] Checking Guns=0x7fff6e23e850
[AircraftClass::Init] Guns check done
[AircraftClass::Init] Starting sensor setup...
[AircraftClass::Init] Sensor setup done, numSensors=3
[AircraftClass::Init] Creating brain, GetCampaignObject=0x7fffa80d27b0
[AircraftClass::Init] Creating DigitalBrain...
[AircraftClass::Init] DigitalBrain created: 0x7fff6835d0b0
[AircraftClass::Init] Brain created, calling DBrain()->SetTaxiPoint...
[AircraftClass::Init] Creating PilotInputs...
[AircraftClass::Init] PilotInputs created: 0x7fff6835c290
[AircraftClass::Init] Checking PreFlight...
[AircraftClass::Init] Calling PreFlight()...
[AircraftClass::Init] PreFlight done
[AircraftClass::Init] End of initData block
[AircraftClass::Init] EXIT - Init complete
[AircraftClass::Init] ENTER
[AircraftClass::Init] SimVehicleClass::Init done
[AircraftClass::Init] classPtr=0x555557be6e43, initData=0x7fffc4d83a60
[AircraftClass::Init] Checking SType/SPType...
[AircraftClass::Init] Creating AirframeClass...
[AircraftClass::Init] AirframeClass created: 0x7fff6835ef40
[AircraftClass::Init] SetFlag done, mFaults=(nil)
[AircraftClass::Init] FackClass created, isDigital=1
[AircraftClass::Init] Checking RunningInstantAction...
[AircraftClass::Init] RunningInstantAction check done
[AircraftClass::Init] Initial pos set: x=1465896.6 y=1188087.2 z=-25426.0
[AircraftClass::Init] Waypoints: numWaypoints=8 waypoint=0x7fff747dbcd0
[AircraftClass::Init] Waypoint loop done
[AircraftClass::Init] st=32640000 SimLibElapsedTime=33464514
[AircraftClass::Init] SetStartTime done, currentWaypoint=2
[AircraftClass::Init] Waypoint index loop done, curWaypoint=0x7fff6835dbd0
[AircraftClass::Init] Inside curWaypoint check, getting WPAction...
[AircraftClass::Init] Getting UnitAirbase from campBase=0x7fffa80d27b0
[AircraftClass::Init] UnitAirbase ent=0x55556148f930
[AircraftClass::Init] WPAction=16 (WP_TAKEOFF=1) allowGroundInit=1
[AircraftClass::Init] Else branch (not WP_TAKEOFF)
[AircraftClass::Init] Calling AddTakeOff, waypoint=0x7fff747dbcd0
[AircraftClass::Init] AddTakeOff done
[AircraftClass::Init] Got atWaypoint location: 1402191.2, 1208672.5, -18000.0
[AircraftClass::Init] RunningInstantAction=0 isDigital=1
[AircraftClass::Init] Getting wp2 location from curWaypoint=0x7fff6835dbd0
[AircraftClass::Init] wp2 location: 1343151.6, 1333311.6, -22500.0
[AircraftClass::Init] initialPsi=2.013, getting arrival times
[AircraftClass::Init] dt=232878 SEC_TO_MSEC=1000
[AircraftClass::Init] initialMach=594.461
[AircraftClass::Init] After waypoint if block, initialMach=594.461
[AircraftClass::Init] Mach clamped, afIdx lookup from vehicleDataIndex=25
[AircraftClass::Init] afIdx=11 NumACDefEntries=266
[AircraftClass::Init] Calling af->InitData(11)...
[AircraftClass::Init] af->InitData done
[AircraftClass::Init] Checking auxaeroData=0x55555bea2000
[AircraftClass::Init] F16 flag check done
[AircraftClass::Init] Engine flag check done, creating SMS...
[AircraftClass::Init] SMS created: 0x7fff6835f960
[AircraftClass::Init] Creating FCC, NumHardpoints=11
[AircraftClass::Init] FCC created: 0x7fff68363690
[AircraftClass::Init] FCC->SetSms done
[AircraftClass::Init] Getting gun from hardPoint[0]=0x7fff6835fb00
[AircraftClass::Init] Guns=0x7fff6835fbf0
[AircraftClass::Init] Gun TrailID set
[AircraftClass::Init] Checking ground level...
[AircraftClass::Init] Ground level check done
[AircraftClass::Init] Calling af->Init(11)...
[AircraftClass::Init] af->Init done
[AircraftClass::Init] Checking hasSwingWing...
[AircraftClass::Init] hasSwingWing check done
[AircraftClass::Init] Checking isComplex=1
[AircraftClass::Init] Calling MakeComplex()...
[AircraftClass::Init] MakeComplex done
[AircraftClass::Init] isComplex check done
[AircraftClass::Init] Calling SetSwitch(COMP_CANOPY)...
[AircraftClass::Init] SetSwitch done
[AircraftClass::Init] Checking ACMI recording...
[AircraftClass::Init] ACMI check done
[AircraftClass::Init] Checking IsComplex for laser/harm pods...
[AircraftClass::Init] IsComplex check done
[AircraftClass::Init] Checking Guns=0x7fff6835fbf0
[AircraftClass::Init] Guns check done
[AircraftClass::Init] Starting sensor setup...
[AircraftClass::Init] Sensor setup done, numSensors=3
[AircraftClass::Init] Creating brain, GetCampaignObject=0x7fffa80d27b0
[AircraftClass::Init] Creating DigitalBrain...
[AircraftClass::Init] DigitalBrain created: 0x7fff691ef160
[AircraftClass::Init] Brain created, calling DBrain()->SetTaxiPoint...
[AircraftClass::Init] Creating PilotInputs...
[AircraftClass::Init] PilotInputs created: 0x7fff68363ba0
[AircraftClass::Init] Checking PreFlight...
[AircraftClass::Init] Calling PreFlight()...
[AircraftClass::Init] PreFlight done
[AircraftClass::Init] End of initData block
[AircraftClass::Init] EXIT - Init complete
[AircraftClass::Init] ENTER
[AircraftClass::Init] SimVehicleClass::Init done
[AircraftClass::Init] classPtr=0x555557be6e43, initData=0x7fffc4d83a60
[AircraftClass::Init] Checking SType/SPType...
[AircraftClass::Init] Creating AirframeClass...
[AircraftClass::Init] AirframeClass created: 0x7fff691f0e70
[AircraftClass::Init] SetFlag done, mFaults=(nil)
[AircraftClass::Init] FackClass created, isDigital=1
[AircraftClass::Init] Checking RunningInstantAction...
[AircraftClass::Init] RunningInstantAction check done
[AircraftClass::Init] Initial pos set: x=1463734.3 y=1171705.8 z=-25426.0
[AircraftClass::Init] Waypoints: numWaypoints=8 waypoint=0x7fff691edd80
[AircraftClass::Init] Waypoint loop done
[AircraftClass::Init] st=32640000 SimLibElapsedTime=33464514
[AircraftClass::Init] SetStartTime done, currentWaypoint=2
[AircraftClass::Init] Waypoint index loop done, curWaypoint=0x7fff691efb00
[AircraftClass::Init] Inside curWaypoint check, getting WPAction...
[AircraftClass::Init] Getting UnitAirbase from campBase=0x7fffa80d27b0
[AircraftClass::Init] UnitAirbase ent=0x55556148f930
[AircraftClass::Init] WPAction=16 (WP_TAKEOFF=1) allowGroundInit=1
[AircraftClass::Init] Else branch (not WP_TAKEOFF)
[AircraftClass::Init] Calling AddTakeOff, waypoint=0x7fff691edd80
[AircraftClass::Init] AddTakeOff done
[AircraftClass::Init] Got atWaypoint location: 1402191.2, 1208672.5, -18000.0
[AircraftClass::Init] RunningInstantAction=0 isDigital=1
[AircraftClass::Init] Getting wp2 location from curWaypoint=0x7fff691efb00
[AircraftClass::Init] wp2 location: 1343151.6, 1333311.6, -22500.0
[AircraftClass::Init] initialPsi=2.013, getting arrival times
[AircraftClass::Init] dt=232878 SEC_TO_MSEC=1000
[AircraftClass::Init] initialMach=594.461
[AircraftClass::Init] After waypoint if block, initialMach=594.461
[AircraftClass::Init] Mach clamped, afIdx lookup from vehicleDataIndex=25
[AircraftClass::Init] afIdx=11 NumACDefEntries=266
[AircraftClass::Init] Calling af->InitData(11)...
[AircraftClass::Init] af->InitData done
[AircraftClass::Init] Checking auxaeroData=0x55555bea2000
[AircraftClass::Init] F16 flag check done
[AircraftClass::Init] Engine flag check done, creating SMS...
[AircraftClass::Init] SMS created: 0x7fff691f1890
[AircraftClass::Init] Creating FCC, NumHardpoints=11
[AircraftClass::Init] FCC created: 0x7fff691f55c0
[AircraftClass::Init] FCC->SetSms done
[AircraftClass::Init] Getting gun from hardPoint[0]=0x7fff691f1a30
[AircraftClass::Init] Guns=0x7fff691f1b20
[AircraftClass::Init] Gun TrailID set
[AircraftClass::Init] Checking ground level...
[AircraftClass::Init] Ground level check done
[AircraftClass::Init] Calling af->Init(11)...
[AircraftClass::Init] af->Init done
[AircraftClass::Init] Checking hasSwingWing...
[AircraftClass::Init] hasSwingWing check done
[AircraftClass::Init] Checking isComplex=1
[AircraftClass::Init] Calling MakeComplex()...
[AircraftClass::Init] MakeComplex done
[AircraftClass::Init] isComplex check done
[AircraftClass::Init] Calling SetSwitch(COMP_CANOPY)...
[AircraftClass::Init] SetSwitch done
[AircraftClass::Init] Checking ACMI recording...
[AircraftClass::Init] ACMI check done
[AircraftClass::Init] Checking IsComplex for laser/harm pods...
[AircraftClass::Init] IsComplex check done
[AircraftClass::Init] Checking Guns=0x7fff691f1b20
[AircraftClass::Init] Guns check done
[AircraftClass::Init] Starting sensor setup...
[AircraftClass::Init] Sensor setup done, numSensors=3
[AircraftClass::Init] Creating brain, GetCampaignObject=0x7fffa80d27b0
[AircraftClass::Init] Creating DigitalBrain...
[AircraftClass::Init] DigitalBrain created: 0x7fff691f6e50
[AircraftClass::Init] Brain created, calling DBrain()->SetTaxiPoint...
[AircraftClass::Init] Creating PilotInputs...
[AircraftClass::Init] PilotInputs created: 0x7fff691f72b0
[AircraftClass::Init] Checking PreFlight...
[AircraftClass::Init] Calling PreFlight()...
[AircraftClass::Init] PreFlight done
[AircraftClass::Init] End of initData block
[AircraftClass::Init] EXIT - Init complete
[AircraftClass::Init] ENTER
[AircraftClass::Init] SimVehicleClass::Init done
[AircraftClass::Init] classPtr=0x555557be6e43, initData=0x7fffc4d83a60
[AircraftClass::Init] Checking SType/SPType...
[AircraftClass::Init] Creating AirframeClass...
[AircraftClass::Init] AirframeClass created: 0x7fff691f8d50
[AircraftClass::Init] SetFlag done, mFaults=(nil)
[AircraftClass::Init] FackClass created, isDigital=1
[AircraftClass::Init] Checking RunningInstantAction...
[AircraftClass::Init] RunningInstantAction check done
[AircraftClass::Init] Initial pos set: x=1463167.2 y=1162647.5 z=-25426.0
[AircraftClass::Init] Waypoints: numWaypoints=8 waypoint=0x7fff691f5d50
[AircraftClass::Init] Waypoint loop done
[AircraftClass::Init] st=32640000 SimLibElapsedTime=33464514
[AircraftClass::Init] SetStartTime done, currentWaypoint=2
[AircraftClass::Init] Waypoint index loop done, curWaypoint=0x7fff691f79e0
[AircraftClass::Init] Inside curWaypoint check, getting WPAction...
[AircraftClass::Init] Getting UnitAirbase from campBase=0x7fffa80d27b0
[AircraftClass::Init] UnitAirbase ent=0x55556148f930
[AircraftClass::Init] WPAction=16 (WP_TAKEOFF=1) allowGroundInit=1
[AircraftClass::Init] Else branch (not WP_TAKEOFF)
[AircraftClass::Init] Calling AddTakeOff, waypoint=0x7fff691f5d50
[AircraftClass::Init] AddTakeOff done
[AircraftClass::Init] Got atWaypoint location: 1402191.2, 1208672.5, -18000.0
[AircraftClass::Init] RunningInstantAction=0 isDigital=1
[AircraftClass::Init] Getting wp2 location from curWaypoint=0x7fff691f79e0
[AircraftClass::Init] wp2 location: 1343151.6, 1333311.6, -22500.0
[AircraftClass::Init] initialPsi=2.013, getting arrival times
[AircraftClass::Init] dt=232878 SEC_TO_MSEC=1000
[AircraftClass::Init] initialMach=594.461
[AircraftClass::Init] After waypoint if block, initialMach=594.461
[AircraftClass::Init] Mach clamped, afIdx lookup from vehicleDataIndex=25
[AircraftClass::Init] afIdx=11 NumACDefEntries=266
[AircraftClass::Init] Calling af->InitData(11)...
[AircraftClass::Init] af->InitData done
[AircraftClass::Init] Checking auxaeroData=0x55555bea2000
[AircraftClass::Init] F16 flag check done
[AircraftClass::Init] Engine flag check done, creating SMS...
[AircraftClass::Init] SMS created: 0x7fff691f9770
[AircraftClass::Init] Creating FCC, NumHardpoints=11
[AircraftClass::Init] FCC created: 0x7fff691fd4a0
[AircraftClass::Init] FCC->SetSms done
[AircraftClass::Init] Getting gun from hardPoint[0]=0x7fff691f9910
[AircraftClass::Init] Guns=0x7fff691f9a00
[AircraftClass::Init] Gun TrailID set
[AircraftClass::Init] Checking ground level...
[AircraftClass::Init] Ground level check done
[AircraftClass::Init] Calling af->Init(11)...
[AircraftClass::Init] af->Init done
[AircraftClass::Init] Checking hasSwingWing...
[AircraftClass::Init] hasSwingWing check done
[AircraftClass::Init] Checking isComplex=1
[AircraftClass::Init] Calling MakeComplex()...
[AircraftClass::Init] MakeComplex done
[AircraftClass::Init] isComplex check done
[AircraftClass::Init] Calling SetSwitch(COMP_CANOPY)...
[AircraftClass::Init] SetSwitch done
[AircraftClass::Init] Checking ACMI recording...
[AircraftClass::Init] ACMI check done
[AircraftClass::Init] Checking IsComplex for laser/harm pods...
[AircraftClass::Init] IsComplex check done
[AircraftClass::Init] Checking Guns=0x7fff691f9a00
[AircraftClass::Init] Guns check done
[AircraftClass::Init] Starting sensor setup...
[AircraftClass::Init] Sensor setup done, numSensors=3
[AircraftClass::Init] Creating brain, GetCampaignObject=0x7fffa80d27b0
[AircraftClass::Init] Creating DigitalBrain...
[AircraftClass::Init] DigitalBrain created: 0x7fff691fed60
[AircraftClass::Init] Brain created, calling DBrain()->SetTaxiPoint...
[AircraftClass::Init] Creating PilotInputs...
[AircraftClass::Init] PilotInputs created: 0x7fff691ff1c0
[AircraftClass::Init] Checking PreFlight...
[AircraftClass::Init] Calling PreFlight()...
[AircraftClass::Init] PreFlight done
[AircraftClass::Init] End of initData block
[AircraftClass::Init] EXIT - Init complete
[AircraftClass::Init] ENTER
[AircraftClass::Init] SimVehicleClass::Init done
[AircraftClass::Init] classPtr=0x555557bf05ab, initData=0x7fffc4d83a60
[AircraftClass::Init] Checking SType/SPType...
[AircraftClass::Init] Creating AirframeClass...
[AircraftClass::Init] AirframeClass created: 0x7fff77e7f170
[AircraftClass::Init] SetFlag done, mFaults=(nil)
[AircraftClass::Init] FackClass created, isDigital=1
[AircraftClass::Init] Checking RunningInstantAction...
[AircraftClass::Init] RunningInstantAction check done
[AircraftClass::Init] Initial pos set: x=1677709.6 y=1293951.8 z=-23496.0
[AircraftClass::Init] Waypoints: numWaypoints=8 waypoint=0x7fff6ce0dcc0
[AircraftClass::Init] Waypoint loop done
[AircraftClass::Init] st=32640000 SimLibElapsedTime=33493179
[AircraftClass::Init] SetStartTime done, currentWaypoint=1
[AircraftClass::Init] Waypoint index loop done, curWaypoint=0x7fffb00e0ee0
[AircraftClass::Init] Inside curWaypoint check, getting WPAction...
[AircraftClass::Init] Getting UnitAirbase from campBase=0x7fffa80d45e0
[AircraftClass::Init] UnitAirbase ent=0x555561488490
[AircraftClass::Init] WPAction=0 (WP_TAKEOFF=1) allowGroundInit=1
[AircraftClass::Init] Else branch (not WP_TAKEOFF)
[AircraftClass::Init] Calling AddTakeOff, waypoint=0x7fff6ce0dcc0
[AircraftClass::Init] AddTakeOff done
[AircraftClass::Init] Got atWaypoint location: 2172986.2, 1038113.5, 0.0
[AircraftClass::Init] RunningInstantAction=0 isDigital=1
[AircraftClass::Init] Getting wp2 location from curWaypoint=0x7fffb00e0ee0
[AircraftClass::Init] wp2 location: 1562910.2, 1352991.6, -22000.0
[AircraftClass::Init] initialPsi=2.665, getting arrival times
[AircraftClass::Init] dt=946631 SEC_TO_MSEC=1000
[AircraftClass::Init] initialMach=725.732
[AircraftClass::Init] After waypoint if block, initialMach=725.732
[AircraftClass::Init] Mach clamped, afIdx lookup from vehicleDataIndex=195
[AircraftClass::Init] afIdx=46 NumACDefEntries=266
[AircraftClass::Init] Calling af->InitData(46)...
[AircraftClass::Init] af->InitData done
[AircraftClass::Init] Checking auxaeroData=0x55555c5fb0a0
[AircraftClass::Init] F16 flag check done
[AircraftClass::Init] Engine flag check done, creating SMS...
[AircraftClass::Init] SMS created: 0x7fffcc3de180
[AircraftClass::Init] Creating FCC, NumHardpoints=11
[AircraftClass::Init] FCC created: 0x7fffcc88faf0
[AircraftClass::Init] FCC->SetSms done
[AircraftClass::Init] Getting gun from hardPoint[0]=0x7fff69d0d170
[AircraftClass::Init] Guns=0x7fff77e80ff0
[AircraftClass::Init] Gun TrailID set
[AircraftClass::Init] Checking ground level...
[AircraftClass::Init] Ground level check done
[AircraftClass::Init] Calling af->Init(46)...
[AircraftClass::Init] af->Init done
[AircraftClass::Init] Checking hasSwingWing...
[AircraftClass::Init] hasSwingWing check done
[AircraftClass::Init] Checking isComplex=1
[AircraftClass::Init] Calling MakeComplex()...
[AircraftClass::Init] MakeComplex done
[AircraftClass::Init] isComplex check done
[AircraftClass::Init] Calling SetSwitch(COMP_CANOPY)...
[AircraftClass::Init] SetSwitch done
[AircraftClass::Init] Checking ACMI recording...
[AircraftClass::Init] ACMI check done
[AircraftClass::Init] Checking IsComplex for laser/harm pods...
[AircraftClass::Init] IsComplex check done
[AircraftClass::Init] Checking Guns=0x7fff77e80ff0
[AircraftClass::Init] Guns check done
[AircraftClass::Init] Starting sensor setup...
[AircraftClass::Init] Sensor setup done, numSensors=3
[AircraftClass::Init] Creating brain, GetCampaignObject=0x7fffa80d45e0
[AircraftClass::Init] Creating DigitalBrain...
[AircraftClass::Init] DigitalBrain created: 0x7fff77e7a830
[AircraftClass::Init] Brain created, calling DBrain()->SetTaxiPoint...
[AircraftClass::Init] Creating PilotInputs...
[AircraftClass::Init] PilotInputs created: 0x7fff77e7fef0
[AircraftClass::Init] Checking PreFlight...
[AircraftClass::Init] Calling PreFlight()...
[AircraftClass::Init] PreFlight done
[AircraftClass::Init] End of initData block
[AircraftClass::Init] EXIT - Init complete
[AircraftClass::Init] ENTER
[AircraftClass::Init] SimVehicleClass::Init done
[AircraftClass::Init] classPtr=0x555557bf05ab, initData=0x7fffc4d83a60
[AircraftClass::Init] Checking SType/SPType...
[AircraftClass::Init] Creating AirframeClass...
[AircraftClass::Init] AirframeClass created: 0x7fff69fb7690
[AircraftClass::Init] SetFlag done, mFaults=(nil)
[AircraftClass::Init] FackClass created, isDigital=1
[AircraftClass::Init] Checking RunningInstantAction...
[AircraftClass::Init] RunningInstantAction check done
[AircraftClass::Init] Initial pos set: x=1685324.7 y=1296394.3 z=-23496.0
[AircraftClass::Init] Waypoints: numWaypoints=8 waypoint=0x7fff77e805c0
[AircraftClass::Init] Waypoint loop done
[AircraftClass::Init] st=32640000 SimLibElapsedTime=33493179
[AircraftClass::Init] SetStartTime done, currentWaypoint=1
[AircraftClass::Init] Waypoint index loop done, curWaypoint=0x7fff77e80620
[AircraftClass::Init] Inside curWaypoint check, getting WPAction...
[AircraftClass::Init] Getting UnitAirbase from campBase=0x7fffa80d45e0
[AircraftClass::Init] UnitAirbase ent=0x555561488490
[AircraftClass::Init] WPAction=0 (WP_TAKEOFF=1) allowGroundInit=1
[AircraftClass::Init] Else branch (not WP_TAKEOFF)
[AircraftClass::Init] Calling AddTakeOff, waypoint=0x7fff77e805c0
[AircraftClass::Init] AddTakeOff done
[AircraftClass::Init] Got atWaypoint location: 2172986.2, 1038113.5, 0.0
[AircraftClass::Init] RunningInstantAction=0 isDigital=1
[AircraftClass::Init] Getting wp2 location from curWaypoint=0x7fff77e80620
[AircraftClass::Init] wp2 location: 1562910.2, 1352991.6, -22000.0
[AircraftClass::Init] initialPsi=2.665, getting arrival times
[AircraftClass::Init] dt=946631 SEC_TO_MSEC=1000
[AircraftClass::Init] initialMach=725.732
[AircraftClass::Init] After waypoint if block, initialMach=725.732
[AircraftClass::Init] Mach clamped, afIdx lookup from vehicleDataIndex=195
[AircraftClass::Init] afIdx=46 NumACDefEntries=266
[AircraftClass::Init] Calling af->InitData(46)...
[AircraftClass::Init] af->InitData done
[AircraftClass::Init] Checking auxaeroData=0x55555c5fb0a0
[AircraftClass::Init] F16 flag check done
[AircraftClass::Init] Engine flag check done, creating SMS...
[AircraftClass::Init] SMS created: 0x7fffcc1df680
[AircraftClass::Init] Creating FCC, NumHardpoints=11
[AircraftClass::Init] FCC created: 0x7fff69fbc3f0
[AircraftClass::Init] FCC->SetSms done
[AircraftClass::Init] Getting gun from hardPoint[0]=0x7fff743cb2e0
[AircraftClass::Init] Guns=0x7fff69fb7ed0
[AircraftClass::Init] Gun TrailID set
[AircraftClass::Init] Checking ground level...
[AircraftClass::Init] Ground level check done
[AircraftClass::Init] Calling af->Init(46)...
[AircraftClass::Init] af->Init done
[AircraftClass::Init] Checking hasSwingWing...
[AircraftClass::Init] hasSwingWing check done
[AircraftClass::Init] Checking isComplex=1
[AircraftClass::Init] Calling MakeComplex()...
[AircraftClass::Init] MakeComplex done
[AircraftClass::Init] isComplex check done
[AircraftClass::Init] Calling SetSwitch(COMP_CANOPY)...
[AircraftClass::Init] SetSwitch done
[AircraftClass::Init] Checking ACMI recording...
[AircraftClass::Init] ACMI check done
[AircraftClass::Init] Checking IsComplex for laser/harm pods...
[AircraftClass::Init] IsComplex check done
[AircraftClass::Init] Checking Guns=0x7fff69fb7ed0
[AircraftClass::Init] Guns check done
[AircraftClass::Init] Starting sensor setup...
[AircraftClass::Init] Sensor setup done, numSensors=3
[AircraftClass::Init] Creating brain, GetCampaignObject=0x7fffa80d45e0
[AircraftClass::Init] Creating DigitalBrain...
[AircraftClass::Init] DigitalBrain created: 0x7fff69fbe300
[AircraftClass::Init] Brain created, calling DBrain()->SetTaxiPoint...
[AircraftClass::Init] Creating PilotInputs...
[AircraftClass::Init] PilotInputs created: 0x7fff69fbe760
[AircraftClass::Init] Checking PreFlight...
[AircraftClass::Init] Calling PreFlight()...
[AircraftClass::Init] PreFlight done
[AircraftClass::Init] End of initData block
[AircraftClass::Init] EXIT - Init complete
[AircraftClass::Init] ENTER
[AircraftClass::Init] SimVehicleClass::Init done
[AircraftClass::Init] classPtr=0x555557bf05ab, initData=0x7fffc4d83a60
[AircraftClass::Init] Checking SType/SPType...
[AircraftClass::Init] Creating AirframeClass...
[AircraftClass::Init] AirframeClass created: 0x7fff6eacb850
[AircraftClass::Init] SetFlag done, mFaults=(nil)
[AircraftClass::Init] FackClass created, isDigital=1
[AircraftClass::Init] Checking RunningInstantAction...
[AircraftClass::Init] RunningInstantAction check done
[AircraftClass::Init] Initial pos set: x=1690090.5 y=1280573.1 z=-23496.0
[AircraftClass::Init] Waypoints: numWaypoints=8 waypoint=0x7fff69fbee30
[AircraftClass::Init] Waypoint loop done
[AircraftClass::Init] st=32640000 SimLibElapsedTime=33493179
[AircraftClass::Init] SetStartTime done, currentWaypoint=1
[AircraftClass::Init] Waypoint index loop done, curWaypoint=0x7fff69fbee90
[AircraftClass::Init] Inside curWaypoint check, getting WPAction...
[AircraftClass::Init] Getting UnitAirbase from campBase=0x7fffa80d45e0
[AircraftClass::Init] UnitAirbase ent=0x555561488490
[AircraftClass::Init] WPAction=0 (WP_TAKEOFF=1) allowGroundInit=1
[AircraftClass::Init] Else branch (not WP_TAKEOFF)
[AircraftClass::Init] Calling AddTakeOff, waypoint=0x7fff69fbee30
[AircraftClass::Init] AddTakeOff done
[AircraftClass::Init] Got atWaypoint location: 2172986.2, 1038113.5, 0.0
[AircraftClass::Init] RunningInstantAction=0 isDigital=1
[AircraftClass::Init] Getting wp2 location from curWaypoint=0x7fff69fbee90
[AircraftClass::Init] wp2 location: 1562910.2, 1352991.6, -22000.0
[AircraftClass::Init] initialPsi=2.665, getting arrival times
[AircraftClass::Init] dt=946631 SEC_TO_MSEC=1000
[AircraftClass::Init] initialMach=725.732
[AircraftClass::Init] After waypoint if block, initialMach=725.732
[AircraftClass::Init] Mach clamped, afIdx lookup from vehicleDataIndex=195
[AircraftClass::Init] afIdx=46 NumACDefEntries=266
[AircraftClass::Init] Calling af->InitData(46)...
[AircraftClass::Init] af->InitData done
[AircraftClass::Init] Checking auxaeroData=0x55555c5fb0a0
[AircraftClass::Init] F16 flag check done
[AircraftClass::Init] Engine flag check done, creating SMS...
[AircraftClass::Init] SMS created: 0x7fff69fc0510
[AircraftClass::Init] Creating FCC, NumHardpoints=11
[AircraftClass::Init] FCC created: 0x7fff6ead05a0
[AircraftClass::Init] FCC->SetSms done
[AircraftClass::Init] Getting gun from hardPoint[0]=0x7fff6eacbfc0
[AircraftClass::Init] Guns=0x7fff6eacc0b0
[AircraftClass::Init] Gun TrailID set
[AircraftClass::Init] Checking ground level...
[AircraftClass::Init] Ground level check done
[AircraftClass::Init] Calling af->Init(46)...
[AircraftClass::Init] af->Init done
[AircraftClass::Init] Checking hasSwingWing...
[AircraftClass::Init] hasSwingWing check done
[AircraftClass::Init] Checking isComplex=1
[AircraftClass::Init] Calling MakeComplex()...
[AircraftClass::Init] MakeComplex done
[AircraftClass::Init] isComplex check done
[AircraftClass::Init] Calling SetSwitch(COMP_CANOPY)...
[AircraftClass::Init] SetSwitch done
[AircraftClass::Init] Checking ACMI recording...
[AircraftClass::Init] ACMI check done
[AircraftClass::Init] Checking IsComplex for laser/harm pods...
[AircraftClass::Init] IsComplex check done
[AircraftClass::Init] Checking Guns=0x7fff6eacc0b0
[AircraftClass::Init] Guns check done
[AircraftClass::Init] Starting sensor setup...
[AircraftClass::Init] Sensor setup done, numSensors=3
[AircraftClass::Init] Creating brain, GetCampaignObject=0x7fffa80d45e0
[AircraftClass::Init] Creating DigitalBrain...
[AircraftClass::Init] DigitalBrain created: 0x7fff6ead2660
[AircraftClass::Init] Brain created, calling DBrain()->SetTaxiPoint...
[AircraftClass::Init] Creating PilotInputs...
[AircraftClass::Init] PilotInputs created: 0x7fff6ead2ac0
[AircraftClass::Init] Checking PreFlight...
[AircraftClass::Init] Calling PreFlight()...
[AircraftClass::Init] PreFlight done
[AircraftClass::Init] End of initData block
[AircraftClass::Init] EXIT - Init complete
[AircraftClass::Init] ENTER
[AircraftClass::Init] SimVehicleClass::Init done
[AircraftClass::Init] classPtr=0x555557bf05ab, initData=0x7fffc4d83a60
[AircraftClass::Init] Checking SType/SPType...
[AircraftClass::Init] Creating AirframeClass...
[AircraftClass::Init] AirframeClass created: 0x7fff6ead45c0
[AircraftClass::Init] SetFlag done, mFaults=(nil)
[AircraftClass::Init] FackClass created, isDigital=1
[AircraftClass::Init] Checking RunningInstantAction...
[AircraftClass::Init] RunningInstantAction check done
[AircraftClass::Init] Initial pos set: x=1693298.7 y=1272083.0 z=-23496.0
[AircraftClass::Init] Waypoints: numWaypoints=8 waypoint=0x7fff6ead3190
[AircraftClass::Init] Waypoint loop done
[AircraftClass::Init] st=32640000 SimLibElapsedTime=33493179
[AircraftClass::Init] SetStartTime done, currentWaypoint=1
[AircraftClass::Init] Waypoint index loop done, curWaypoint=0x7fff6ead31f0
[AircraftClass::Init] Inside curWaypoint check, getting WPAction...
[AircraftClass::Init] Getting UnitAirbase from campBase=0x7fffa80d45e0
[AircraftClass::Init] UnitAirbase ent=0x555561488490
[AircraftClass::Init] WPAction=0 (WP_TAKEOFF=1) allowGroundInit=1
[AircraftClass::Init] Else branch (not WP_TAKEOFF)
[AircraftClass::Init] Calling AddTakeOff, waypoint=0x7fff6ead3190
[AircraftClass::Init] AddTakeOff done
[AircraftClass::Init] Got atWaypoint location: 2172986.2, 1038113.5, 0.0
[AircraftClass::Init] RunningInstantAction=0 isDigital=1
[AircraftClass::Init] Getting wp2 location from curWaypoint=0x7fff6ead31f0
[AircraftClass::Init] wp2 location: 1562910.2, 1352991.6, -22000.0
[AircraftClass::Init] initialPsi=2.665, getting arrival times
[AircraftClass::Init] dt=946631 SEC_TO_MSEC=1000
[AircraftClass::Init] initialMach=725.732
[AircraftClass::Init] After waypoint if block, initialMach=725.732
[AircraftClass::Init] Mach clamped, afIdx lookup from vehicleDataIndex=195
[AircraftClass::Init] afIdx=46 NumACDefEntries=266
[AircraftClass::Init] Calling af->InitData(46)...
[AircraftClass::Init] af->InitData done
[AircraftClass::Init] Checking auxaeroData=0x55555c5fb0a0
[AircraftClass::Init] F16 flag check done
[AircraftClass::Init] Engine flag check done, creating SMS...
[AircraftClass::Init] SMS created: 0x7fff6ead4fe0
[AircraftClass::Init] Creating FCC, NumHardpoints=11
[AircraftClass::Init] FCC created: 0x7fff6ce11db0
[AircraftClass::Init] FCC->SetSms done
[AircraftClass::Init] Getting gun from hardPoint[0]=0x7fff6ead5180
[AircraftClass::Init] Guns=0x7fff6ead5270
[AircraftClass::Init] Gun TrailID set
[AircraftClass::Init] Checking ground level...
[AircraftClass::Init] Ground level check done
[AircraftClass::Init] Calling af->Init(46)...
[AircraftClass::Init] af->Init done
[AircraftClass::Init] Checking hasSwingWing...
[AircraftClass::Init] hasSwingWing check done
[AircraftClass::Init] Checking isComplex=1
[AircraftClass::Init] Calling MakeComplex()...
[AircraftClass::Init] MakeComplex done
[AircraftClass::Init] isComplex check done
[AircraftClass::Init] Calling SetSwitch(COMP_CANOPY)...
[AircraftClass::Init] SetSwitch done
[AircraftClass::Init] Checking ACMI recording...
[AircraftClass::Init] ACMI check done
[AircraftClass::Init] Checking IsComplex for laser/harm pods...
[AircraftClass::Init] IsComplex check done
[AircraftClass::Init] Checking Guns=0x7fff6ead5270
[AircraftClass::Init] Guns check done
[AircraftClass::Init] Starting sensor setup...
[AircraftClass::Init] Sensor setup done, numSensors=3
[AircraftClass::Init] Creating brain, GetCampaignObject=0x7fffa80d45e0
[AircraftClass::Init] Creating DigitalBrain...
[AircraftClass::Init] DigitalBrain created: 0x7fff6ce13e70
[AircraftClass::Init] Brain created, calling DBrain()->SetTaxiPoint...
[AircraftClass::Init] Creating PilotInputs...
[AircraftClass::Init] PilotInputs created: 0x7fff6ce142d0
[AircraftClass::Init] Checking PreFlight...
[AircraftClass::Init] Calling PreFlight()...
[AircraftClass::Init] PreFlight done
[AircraftClass::Init] End of initData block
[AircraftClass::Init] EXIT - Init complete
[AircraftClass::Init] ENTER
[AircraftClass::Init] SimVehicleClass::Init done
[AircraftClass::Init] classPtr=0x555557be6e43, initData=0x7fffc4d83a60
[AircraftClass::Init] Checking SType/SPType...
[AircraftClass::Init] Creating AirframeClass...
[AircraftClass::Init] AirframeClass created: 0x7fff6af50900
[AircraftClass::Init] SetFlag done, mFaults=(nil)
[AircraftClass::Init] FackClass created, isDigital=1
[AircraftClass::Init] Checking RunningInstantAction...
[AircraftClass::Init] RunningInstantAction check done
[AircraftClass::Init] Initial pos set: x=1687549.5 y=1293951.8 z=-19745.0
[AircraftClass::Init] Waypoints: numWaypoints=8 waypoint=0x7fff6e2f4c00
[AircraftClass::Init] Waypoint loop done
[AircraftClass::Init] st=32700000 SimLibElapsedTime=33500373
[AircraftClass::Init] SetStartTime done, currentWaypoint=1
[AircraftClass::Init] Waypoint index loop done, curWaypoint=0x7fffb00a1690
[AircraftClass::Init] Inside curWaypoint check, getting WPAction...
[AircraftClass::Init] Getting UnitAirbase from campBase=0x7fffa80cb140
[AircraftClass::Init] UnitAirbase ent=0x555561488c10
[AircraftClass::Init] WPAction=0 (WP_TAKEOFF=1) allowGroundInit=1
[AircraftClass::Init] Else branch (not WP_TAKEOFF)
[AircraftClass::Init] Calling AddTakeOff, waypoint=0x7fff6e2f4c00
[AircraftClass::Init] AddTakeOff done
[AircraftClass::Init] Got atWaypoint location: 2045067.3, 1044673.5, 0.0
[AircraftClass::Init] RunningInstantAction=0 isDigital=1
[AircraftClass::Init] Getting wp2 location from curWaypoint=0x7fffb00a1690
[AircraftClass::Init] wp2 location: 1562910.2, 1379231.3, -18000.0
[AircraftClass::Init] initialPsi=2.534, getting arrival times
[AircraftClass::Init] dt=991080 SEC_TO_MSEC=1000
[AircraftClass::Init] initialMach=592.189
[AircraftClass::Init] After waypoint if block, initialMach=592.189
[AircraftClass::Init] Mach clamped, afIdx lookup from vehicleDataIndex=25
[AircraftClass::Init] afIdx=11 NumACDefEntries=266
[AircraftClass::Init] Calling af->InitData(11)...
[AircraftClass::Init] af->InitData done
[AircraftClass::Init] Checking auxaeroData=0x55555bea2000
[AircraftClass::Init] F16 flag check done
[AircraftClass::Init] Engine flag check done, creating SMS...
[AircraftClass::Init] SMS created: 0x7fff69e4bcf0
[AircraftClass::Init] Creating FCC, NumHardpoints=11
[AircraftClass::Init] FCC created: 0x7fff6abcab50
[AircraftClass::Init] FCC->SetSms done
[AircraftClass::Init] Getting gun from hardPoint[0]=0x7fff6b26bf10
[AircraftClass::Init] Guns=0x7fff6af51070
[AircraftClass::Init] Gun TrailID set
[AircraftClass::Init] Checking ground level...
[AircraftClass::Init] Ground level check done
[AircraftClass::Init] Calling af->Init(11)...
[AircraftClass::Init] af->Init done
[AircraftClass::Init] Checking hasSwingWing...
[AircraftClass::Init] hasSwingWing check done
[AircraftClass::Init] Checking isComplex=1
[AircraftClass::Init] Calling MakeComplex()...
[AircraftClass::Init] MakeComplex done
[AircraftClass::Init] isComplex check done
[AircraftClass::Init] Calling SetSwitch(COMP_CANOPY)...
[AircraftClass::Init] SetSwitch done
[AircraftClass::Init] Checking ACMI recording...
[AircraftClass::Init] ACMI check done
[AircraftClass::Init] Checking IsComplex for laser/harm pods...
[AircraftClass::Init] IsComplex check done
[AircraftClass::Init] Checking Guns=0x7fff6af51070
[AircraftClass::Init] Guns check done
[AircraftClass::Init] Starting sensor setup...
[AircraftClass::Init] Sensor setup done, numSensors=3
[AircraftClass::Init] Creating brain, GetCampaignObject=0x7fffa80cb140
[AircraftClass::Init] Creating DigitalBrain...
[AircraftClass::Init] DigitalBrain created: 0x7fff69e4def0
[AircraftClass::Init] Brain created, calling DBrain()->SetTaxiPoint...
[AircraftClass::Init] Creating PilotInputs...
[AircraftClass::Init] PilotInputs created: 0x7fff6bc6d5c0
[AircraftClass::Init] Checking PreFlight...
[AircraftClass::Init] Calling PreFlight()...
[AircraftClass::Init] PreFlight done
[AircraftClass::Init] End of initData block
[AircraftClass::Init] EXIT - Init complete
[AircraftClass::Init] ENTER
[AircraftClass::Init] SimVehicleClass::Init done
[AircraftClass::Init] classPtr=0x555557be6e43, initData=0x7fffc4d83a60
[AircraftClass::Init] Checking SType/SPType...
[AircraftClass::Init] Creating AirframeClass...
[AircraftClass::Init] AirframeClass created: 0x7fff69e4e830
[AircraftClass::Init] SetFlag done, mFaults=(nil)
[AircraftClass::Init] FackClass created, isDigital=1
[AircraftClass::Init] Checking RunningInstantAction...
[AircraftClass::Init] RunningInstantAction check done
[AircraftClass::Init] Initial pos set: x=1695409.7 y=1295425.5 z=-19745.0
[AircraftClass::Init] Waypoints: numWaypoints=8 waypoint=0x7fff68c4a260
[AircraftClass::Init] Waypoint loop done
[AircraftClass::Init] st=32700000 SimLibElapsedTime=33500373
[AircraftClass::Init] SetStartTime done, currentWaypoint=1
[AircraftClass::Init] Waypoint index loop done, curWaypoint=0x7fff6abcbd20
[AircraftClass::Init] Inside curWaypoint check, getting WPAction...
[AircraftClass::Init] Getting UnitAirbase from campBase=0x7fffa80cb140
[AircraftClass::Init] UnitAirbase ent=0x555561488c10
[AircraftClass::Init] WPAction=0 (WP_TAKEOFF=1) allowGroundInit=1
[AircraftClass::Init] Else branch (not WP_TAKEOFF)
[AircraftClass::Init] Calling AddTakeOff, waypoint=0x7fff68c4a260
[AircraftClass::Init] AddTakeOff done
[AircraftClass::Init] Got atWaypoint location: 2045067.3, 1044673.5, 0.0
[AircraftClass::Init] RunningInstantAction=0 isDigital=1
[AircraftClass::Init] Getting wp2 location from curWaypoint=0x7fff6abcbd20
[AircraftClass::Init] wp2 location: 1562910.2, 1379231.3, -18000.0
[AircraftClass::Init] initialPsi=2.534, getting arrival times
[AircraftClass::Init] dt=991080 SEC_TO_MSEC=1000
[AircraftClass::Init] initialMach=592.189
[AircraftClass::Init] After waypoint if block, initialMach=592.189
[AircraftClass::Init] Mach clamped, afIdx lookup from vehicleDataIndex=25
[AircraftClass::Init] afIdx=11 NumACDefEntries=266
[AircraftClass::Init] Calling af->InitData(11)...
[AircraftClass::Init] af->InitData done
[AircraftClass::Init] Checking auxaeroData=0x55555bea2000
[AircraftClass::Init] F16 flag check done
[AircraftClass::Init] Engine flag check done, creating SMS...
[AircraftClass::Init] SMS created: 0x7fff6a1a28f0
[AircraftClass::Init] Creating FCC, NumHardpoints=11
[AircraftClass::Init] FCC created: 0x7fff6bb41ec0
[AircraftClass::Init] FCC->SetSms done
[AircraftClass::Init] Getting gun from hardPoint[0]=0x7fff77a33b60
[AircraftClass::Init] Guns=0x7fff6a1a2a90
[AircraftClass::Init] Gun TrailID set
[AircraftClass::Init] Checking ground level...
[AircraftClass::Init] Ground level check done
[AircraftClass::Init] Calling af->Init(11)...
[AircraftClass::Init] af->Init done
[AircraftClass::Init] Checking hasSwingWing...
[AircraftClass::Init] hasSwingWing check done
[AircraftClass::Init] Checking isComplex=1
[AircraftClass::Init] Calling MakeComplex()...
[AircraftClass::Init] MakeComplex done
[AircraftClass::Init] isComplex check done
[AircraftClass::Init] Calling SetSwitch(COMP_CANOPY)...
[AircraftClass::Init] SetSwitch done
[AircraftClass::Init] Checking ACMI recording...
[AircraftClass::Init] ACMI check done
[AircraftClass::Init] Checking IsComplex for laser/harm pods...
[AircraftClass::Init] IsComplex check done
[AircraftClass::Init] Checking Guns=0x7fff6a1a2a90
[AircraftClass::Init] Guns check done
[AircraftClass::Init] Starting sensor setup...
[AircraftClass::Init] Sensor setup done, numSensors=3
[AircraftClass::Init] Creating brain, GetCampaignObject=0x7fffa80cb140
[AircraftClass::Init] Creating DigitalBrain...
[AircraftClass::Init] DigitalBrain created: 0x7fff6af4d630
[AircraftClass::Init] Brain created, calling DBrain()->SetTaxiPoint...
[AircraftClass::Init] Creating PilotInputs...
[AircraftClass::Init] PilotInputs created: 0x7fff6bb43f40
[AircraftClass::Init] Checking PreFlight...
[AircraftClass::Init] Calling PreFlight()...
[AircraftClass::Init] PreFlight done
[AircraftClass::Init] End of initData block
[AircraftClass::Init] EXIT - Init complete
[AircraftClass::Init] ENTER
[AircraftClass::Init] SimVehicleClass::Init done
[AircraftClass::Init] classPtr=0x555557be6e43, initData=0x7fffc4d83a60
[AircraftClass::Init] Checking SType/SPType...
[AircraftClass::Init] Creating AirframeClass...
[AircraftClass::Init] AirframeClass created: 0x7fff6af4f3a0
[AircraftClass::Init] SetFlag done, mFaults=(nil)
[AircraftClass::Init] FackClass created, isDigital=1
[AircraftClass::Init] Checking RunningInstantAction...
[AircraftClass::Init] RunningInstantAction check done
[AircraftClass::Init] Initial pos set: x=1698165.2 y=1279133.5 z=-19745.0
[AircraftClass::Init] Waypoints: numWaypoints=8 waypoint=0x7fff6af4df70
[AircraftClass::Init] Waypoint loop done
[AircraftClass::Init] st=32700000 SimLibElapsedTime=33500373
[AircraftClass::Init] SetStartTime done, currentWaypoint=1
[AircraftClass::Init] Waypoint index loop done, curWaypoint=0x7fff6af4dfd0
[AircraftClass::Init] Inside curWaypoint check, getting WPAction...
[AircraftClass::Init] Getting UnitAirbase from campBase=0x7fffa80cb140
[AircraftClass::Init] UnitAirbase ent=0x555561488c10
[AircraftClass::Init] WPAction=0 (WP_TAKEOFF=1) allowGroundInit=1
[AircraftClass::Init] Else branch (not WP_TAKEOFF)
[AircraftClass::Init] Calling AddTakeOff, waypoint=0x7fff6af4df70
[AircraftClass::Init] AddTakeOff done
[AircraftClass::Init] Got atWaypoint location: 2045067.3, 1044673.5, 0.0
[AircraftClass::Init] RunningInstantAction=0 isDigital=1
[AircraftClass::Init] Getting wp2 location from curWaypoint=0x7fff6af4dfd0
[AircraftClass::Init] wp2 location: 1562910.2, 1379231.3, -18000.0
[AircraftClass::Init] initialPsi=2.534, getting arrival times
[AircraftClass::Init] dt=991080 SEC_TO_MSEC=1000
[AircraftClass::Init] initialMach=592.189
[AircraftClass::Init] After waypoint if block, initialMach=592.189
[AircraftClass::Init] Mach clamped, afIdx lookup from vehicleDataIndex=25
[AircraftClass::Init] afIdx=11 NumACDefEntries=266
[AircraftClass::Init] Calling af->InitData(11)...
[AircraftClass::Init] af->InitData done
[AircraftClass::Init] Checking auxaeroData=0x55555bea2000
[AircraftClass::Init] F16 flag check done
[AircraftClass::Init] Engine flag check done, creating SMS...
[AircraftClass::Init] SMS created: 0x7fff6af4fdc0
[AircraftClass::Init] Creating FCC, NumHardpoints=11
[AircraftClass::Init] FCC created: 0x7fff6a0e33f0
[AircraftClass::Init] FCC->SetSms done
[AircraftClass::Init] Getting gun from hardPoint[0]=0x7fff6af4ff60
[AircraftClass::Init] Guns=0x7fff6bd020a0
[AircraftClass::Init] Gun TrailID set
[AircraftClass::Init] Checking ground level...
[AircraftClass::Init] Ground level check done
[AircraftClass::Init] Calling af->Init(11)...
[AircraftClass::Init] af->Init done
[AircraftClass::Init] Checking hasSwingWing...
[AircraftClass::Init] hasSwingWing check done
[AircraftClass::Init] Checking isComplex=1
[AircraftClass::Init] Calling MakeComplex()...
[AircraftClass::Init] MakeComplex done
[AircraftClass::Init] isComplex check done
[AircraftClass::Init] Calling SetSwitch(COMP_CANOPY)...
[AircraftClass::Init] SetSwitch done
[AircraftClass::Init] Checking ACMI recording...
[AircraftClass::Init] ACMI check done
[AircraftClass::Init] Checking IsComplex for laser/harm pods...
[AircraftClass::Init] IsComplex check done
[AircraftClass::Init] Checking Guns=0x7fff6bd020a0
[AircraftClass::Init] Guns check done
[AircraftClass::Init] Starting sensor setup...
[AircraftClass::Init] Sensor setup done, numSensors=3
[AircraftClass::Init] Creating brain, GetCampaignObject=0x7fffa80cb140
[AircraftClass::Init] Creating DigitalBrain...
[AircraftClass::Init] DigitalBrain created: 0x7fff6abccb10
[AircraftClass::Init] Brain created, calling DBrain()->SetTaxiPoint...
[AircraftClass::Init] Creating PilotInputs...
[AircraftClass::Init] PilotInputs created: 0x7fff6abccf70
[AircraftClass::Init] Checking PreFlight...
[AircraftClass::Init] Calling PreFlight()...
[AircraftClass::Init] PreFlight done
[AircraftClass::Init] End of initData block
[AircraftClass::Init] EXIT - Init complete
[AircraftClass::Init] ENTER
[AircraftClass::Init] SimVehicleClass::Init done
[AircraftClass::Init] classPtr=0x555557be6e43, initData=0x7fffc4d83a60
[AircraftClass::Init] Checking SType/SPType...
[AircraftClass::Init] Creating AirframeClass...
[AircraftClass::Init] AirframeClass created: 0x7fff6b669280
[AircraftClass::Init] SetFlag done, mFaults=(nil)
[AircraftClass::Init] FackClass created, isDigital=1
[AircraftClass::Init] Checking RunningInstantAction...
[AircraftClass::Init] RunningInstantAction check done
[AircraftClass::Init] Initial pos set: x=1700289.5 y=1270309.3 z=-19745.0
[AircraftClass::Init] Waypoints: numWaypoints=8 waypoint=0x7fff6abcd640
[AircraftClass::Init] Waypoint loop done
[AircraftClass::Init] st=32700000 SimLibElapsedTime=33500373
[AircraftClass::Init] SetStartTime done, currentWaypoint=1
[AircraftClass::Init] Waypoint index loop done, curWaypoint=0x7fff6abcd6a0
[AircraftClass::Init] Inside curWaypoint check, getting WPAction...
[AircraftClass::Init] Getting UnitAirbase from campBase=0x7fffa80cb140
[AircraftClass::Init] UnitAirbase ent=0x555561488c10
[AircraftClass::Init] WPAction=0 (WP_TAKEOFF=1) allowGroundInit=1
[AircraftClass::Init] Else branch (not WP_TAKEOFF)
[AircraftClass::Init] Calling AddTakeOff, waypoint=0x7fff6abcd640
[AircraftClass::Init] AddTakeOff done
[AircraftClass::Init] Got atWaypoint location: 2045067.3, 1044673.5, 0.0
[AircraftClass::Init] RunningInstantAction=0 isDigital=1
[AircraftClass::Init] Getting wp2 location from curWaypoint=0x7fff6abcd6a0
[AircraftClass::Init] wp2 location: 1562910.2, 1379231.3, -18000.0
[AircraftClass::Init] initialPsi=2.534, getting arrival times
[AircraftClass::Init] dt=991080 SEC_TO_MSEC=1000
[AircraftClass::Init] initialMach=592.189
[AircraftClass::Init] After waypoint if block, initialMach=592.189
[AircraftClass::Init] Mach clamped, afIdx lookup from vehicleDataIndex=25
[AircraftClass::Init] afIdx=11 NumACDefEntries=266
[AircraftClass::Init] Calling af->InitData(11)...
[AircraftClass::Init] af->InitData done
[AircraftClass::Init] Checking auxaeroData=0x55555bea2000
[AircraftClass::Init] F16 flag check done
[AircraftClass::Init] Engine flag check done, creating SMS...
[AircraftClass::Init] SMS created: 0x7fff6b669ca0
[AircraftClass::Init] Creating FCC, NumHardpoints=11
[AircraftClass::Init] FCC created: 0x7fff6ac07e30
[AircraftClass::Init] FCC->SetSms done
[AircraftClass::Init] Getting gun from hardPoint[0]=0x7fff6b669e40
[AircraftClass::Init] Guns=0x7fff6b669f30
[AircraftClass::Init] Gun TrailID set
[AircraftClass::Init] Checking ground level...
[AircraftClass::Init] Ground level check done
[AircraftClass::Init] Calling af->Init(11)...
[AircraftClass::Init] af->Init done
[AircraftClass::Init] Checking hasSwingWing...
[AircraftClass::Init] hasSwingWing check done
[AircraftClass::Init] Checking isComplex=1
[AircraftClass::Init] Calling MakeComplex()...
[AircraftClass::Init] MakeComplex done
[AircraftClass::Init] isComplex check done
[AircraftClass::Init] Calling SetSwitch(COMP_CANOPY)...
[AircraftClass::Init] SetSwitch done
[AircraftClass::Init] Checking ACMI recording...
[AircraftClass::Init] ACMI check done
[AircraftClass::Init] Checking IsComplex for laser/harm pods...
[AircraftClass::Init] IsComplex check done
[AircraftClass::Init] Checking Guns=0x7fff6b669f30
[AircraftClass::Init] Guns check done
[AircraftClass::Init] Starting sensor setup...
[AircraftClass::Init] Sensor setup done, numSensors=3
[AircraftClass::Init] Creating brain, GetCampaignObject=0x7fffa80cb140
[AircraftClass::Init] Creating DigitalBrain...
[AircraftClass::Init] DigitalBrain created: 0x7fff6ab9f8e0
[AircraftClass::Init] Brain created, calling DBrain()->SetTaxiPoint...
[AircraftClass::Init] Creating PilotInputs...
[AircraftClass::Init] PilotInputs created: 0x7fff6ac083b0
[AircraftClass::Init] Checking PreFlight...
[AircraftClass::Init] Calling PreFlight()...
[AircraftClass::Init] PreFlight done
[AircraftClass::Init] End of initData block
[AircraftClass::Init] EXIT - Init complete
[AircraftClass::Init] ENTER
[AircraftClass::Init] SimVehicleClass::Init done
[AircraftClass::Init] classPtr=0x555557c1535b, initData=0x7fffc4d83a60
[AircraftClass::Init] Checking SType/SPType...
[AircraftClass::Init] Creating AirframeClass...
[AircraftClass::Init] AirframeClass created: 0x7fff6abe4df0
[AircraftClass::Init] SetFlag done, mFaults=(nil)
[AircraftClass::Init] FackClass created, isDigital=1
[AircraftClass::Init] Checking RunningInstantAction...
[AircraftClass::Init] RunningInstantAction check done
[AircraftClass::Init] Initial pos set: x=1674429.6 y=1566190.2 z=-25842.0
[AircraftClass::Init] Waypoints: numWaypoints=8 waypoint=0x7fff6be252f0
[AircraftClass::Init] Waypoint loop done
[AircraftClass::Init] st=32700000 SimLibElapsedTime=33500373
[AircraftClass::Init] SetStartTime done, currentWaypoint=2
[AircraftClass::Init] Waypoint index loop done, curWaypoint=0x7fff6be253b0
[AircraftClass::Init] Inside curWaypoint check, getting WPAction...
[AircraftClass::Init] Getting UnitAirbase from campBase=0x7fffa80d0660
[AircraftClass::Init] UnitAirbase ent=0x555561489850
[AircraftClass::Init] WPAction=16 (WP_TAKEOFF=1) allowGroundInit=1
[AircraftClass::Init] Else branch (not WP_TAKEOFF)
[AircraftClass::Init] Calling AddTakeOff, waypoint=0x7fff6be252f0
[AircraftClass::Init] AddTakeOff done
[AircraftClass::Init] Got atWaypoint location: 1684269.5, 1595710.1, -15000.0
[AircraftClass::Init] RunningInstantAction=0 isDigital=1
[AircraftClass::Init] Getting wp2 location from curWaypoint=0x7fff6be253b0
[AircraftClass::Init] wp2 location: 1621949.8, 1589150.1, -23500.0
[AircraftClass::Init] initialPsi=-3.036, getting arrival times
[AircraftClass::Init] dt=91703 SEC_TO_MSEC=1000
[AircraftClass::Init] initialMach=688.614
[AircraftClass::Init] After waypoint if block, initialMach=688.614
[AircraftClass::Init] Mach clamped, afIdx lookup from vehicleDataIndex=55
[AircraftClass::Init] afIdx=65 NumACDefEntries=266
[AircraftClass::Init] Calling af->InitData(65)...
[AircraftClass::Init] af->InitData done
[AircraftClass::Init] Checking auxaeroData=0x55555c7269e0
[AircraftClass::Init] F16 flag check done
[AircraftClass::Init] Engine flag check done, creating SMS...
[AircraftClass::Init] SMS created: 0x7fff6abe5560
[AircraftClass::Init] Creating FCC, NumHardpoints=7
[AircraftClass::Init] FCC created: 0x7fff6abe8240
[AircraftClass::Init] FCC->SetSms done
[AircraftClass::Init] Getting gun from hardPoint[0]=0x7fff6abe56a0
[AircraftClass::Init] Guns=0x7fff6abe5790
[AircraftClass::Init] Gun TrailID set
[AircraftClass::Init] Checking ground level...
[AircraftClass::Init] Ground level check done
[AircraftClass::Init] Calling af->Init(65)...
[AircraftClass::Init] af->Init done
[AircraftClass::Init] Checking hasSwingWing...
[AircraftClass::Init] hasSwingWing check done
[AircraftClass::Init] Checking isComplex=0
[AircraftClass::Init] isComplex check done
[AircraftClass::Init] Calling SetSwitch(COMP_CANOPY)...
[AircraftClass::Init] SetSwitch done
[AircraftClass::Init] Checking ACMI recording...
[AircraftClass::Init] ACMI check done
[AircraftClass::Init] Checking IsComplex for laser/harm pods...
[AircraftClass::Init] IsComplex check done
[AircraftClass::Init] Checking Guns=0x7fff6abe5790
[AircraftClass::Init] Guns check done
[AircraftClass::Init] Starting sensor setup...
[AircraftClass::Init] Sensor setup done, numSensors=3
[AircraftClass::Init] Creating brain, GetCampaignObject=0x7fffa80d0660
[AircraftClass::Init] Creating DigitalBrain...
[AircraftClass::Init] DigitalBrain created: 0x7fff6c6f9b80
[AircraftClass::Init] Brain created, calling DBrain()->SetTaxiPoint...
[AircraftClass::Init] Creating PilotInputs...
[AircraftClass::Init] PilotInputs created: 0x7fff6c6faa50
[AircraftClass::Init] Checking PreFlight...
[AircraftClass::Init] Calling PreFlight()...
[AircraftClass::Init] PreFlight done
[AircraftClass::Init] End of initData block
[AircraftClass::Init] EXIT - Init complete
[AircraftClass::Init] ENTER
[AircraftClass::Init] SimVehicleClass::Init done
[AircraftClass::Init] classPtr=0x555557c1535b, initData=0x7fffc4d83a60
[AircraftClass::Init] Checking SType/SPType...
[AircraftClass::Init] Creating AirframeClass...
[AircraftClass::Init] AirframeClass created: 0x7fff6c6fbff0
[AircraftClass::Init] SetFlag done, mFaults=(nil)
[AircraftClass::Init] FackClass created, isDigital=1
[AircraftClass::Init] Checking RunningInstantAction...
[AircraftClass::Init] RunningInstantAction check done
[AircraftClass::Init] Initial pos set: x=1681877.0 y=1569104.2 z=-25842.0
[AircraftClass::Init] Waypoints: numWaypoints=8 waypoint=0x7fff6c6faac0
[AircraftClass::Init] Waypoint loop done
[AircraftClass::Init] st=32700000 SimLibElapsedTime=33500373
[AircraftClass::Init] SetStartTime done, currentWaypoint=2
[AircraftClass::Init] Waypoint index loop done, curWaypoint=0x7fff6c6fab80
[AircraftClass::Init] Inside curWaypoint check, getting WPAction...
[AircraftClass::Init] Getting UnitAirbase from campBase=0x7fffa80d0660
[AircraftClass::Init] UnitAirbase ent=0x555561489850
[AircraftClass::Init] WPAction=16 (WP_TAKEOFF=1) allowGroundInit=1
[AircraftClass::Init] Else branch (not WP_TAKEOFF)
[AircraftClass::Init] Calling AddTakeOff, waypoint=0x7fff6c6faac0
[AircraftClass::Init] AddTakeOff done
[AircraftClass::Init] Got atWaypoint location: 1684269.5, 1595710.1, -15000.0
[AircraftClass::Init] RunningInstantAction=0 isDigital=1
[AircraftClass::Init] Getting wp2 location from curWaypoint=0x7fff6c6fab80
[AircraftClass::Init] wp2 location: 1621949.8, 1589150.1, -23500.0
[AircraftClass::Init] initialPsi=-3.036, getting arrival times
[AircraftClass::Init] dt=91703 SEC_TO_MSEC=1000
[AircraftClass::Init] initialMach=688.614
[AircraftClass::Init] After waypoint if block, initialMach=688.614
[AircraftClass::Init] Mach clamped, afIdx lookup from vehicleDataIndex=55
[AircraftClass::Init] afIdx=65 NumACDefEntries=266
[AircraftClass::Init] Calling af->InitData(65)...
[AircraftClass::Init] af->InitData done
[AircraftClass::Init] Checking auxaeroData=0x55555c7269e0
[AircraftClass::Init] F16 flag check done
[AircraftClass::Init] Engine flag check done, creating SMS...
[AircraftClass::Init] SMS created: 0x7fff6c6fca10
[AircraftClass::Init] Creating FCC, NumHardpoints=7
[AircraftClass::Init] FCC created: 0x7fff6c353e90
[AircraftClass::Init] FCC->SetSms done
[AircraftClass::Init] Getting gun from hardPoint[0]=0x7fff6c6fcb50
[AircraftClass::Init] Guns=0x7fff6c6fcc40
[AircraftClass::Init] Gun TrailID set
[AircraftClass::Init] Checking ground level...
[AircraftClass::Init] Ground level check done
[AircraftClass::Init] Calling af->Init(65)...
[AircraftClass::Init] af->Init done
[AircraftClass::Init] Checking hasSwingWing...
[AircraftClass::Init] hasSwingWing check done
[AircraftClass::Init] Checking isComplex=0
[AircraftClass::Init] isComplex check done
[AircraftClass::Init] Calling SetSwitch(COMP_CANOPY)...
[AircraftClass::Init] SetSwitch done
[AircraftClass::Init] Checking ACMI recording...
[AircraftClass::Init] ACMI check done
[AircraftClass::Init] Checking IsComplex for laser/harm pods...
[AircraftClass::Init] IsComplex check done
[AircraftClass::Init] Checking Guns=0x7fff6c6fcc40
[AircraftClass::Init] Guns check done
[AircraftClass::Init] Starting sensor setup...
[AircraftClass::Init] Sensor setup done, numSensors=3
[AircraftClass::Init] Creating brain, GetCampaignObject=0x7fffa80d0660
[AircraftClass::Init] Creating DigitalBrain...
[AircraftClass::Init] DigitalBrain created: 0x7fff6c355560
[AircraftClass::Init] Brain created, calling DBrain()->SetTaxiPoint...
[AircraftClass::Init] Creating PilotInputs...
[AircraftClass::Init] PilotInputs created: 0x7fff6c3546f0
[AircraftClass::Init] Checking PreFlight...
[AircraftClass::Init] Calling PreFlight()...
[AircraftClass::Init] PreFlight done
[AircraftClass::Init] End of initData block
[AircraftClass::Init] EXIT - Init complete
[AircraftClass::Init] ENTER
[AircraftClass::Init] SimVehicleClass::Init done
[AircraftClass::Init] classPtr=0x555557bf05ab, initData=0x7fffc4d83a60
[AircraftClass::Init] Checking SType/SPType...
[AircraftClass::Init] Creating AirframeClass...
[AircraftClass::Init] AirframeClass created: 0x7fff6a4a86c0
[AircraftClass::Init] SetFlag done, mFaults=(nil)
[AircraftClass::Init] FackClass created, isDigital=1
[AircraftClass::Init] Checking RunningInstantAction...
[AircraftClass::Init] RunningInstantAction check done
[AircraftClass::Init] Initial pos set: x=1700669.5 y=1310351.8 z=-23745.0
[AircraftClass::Init] Waypoints: numWaypoints=8 waypoint=0x7fff6a4a8660
[AircraftClass::Init] Waypoint loop done
[AircraftClass::Init] st=32700000 SimLibElapsedTime=33505469
[AircraftClass::Init] SetStartTime done, currentWaypoint=1
[AircraftClass::Init] Waypoint index loop done, curWaypoint=0x7fff6a4a9be0
[AircraftClass::Init] Inside curWaypoint check, getting WPAction...
[AircraftClass::Init] Getting UnitAirbase from campBase=0x7fffa80cc5c0
[AircraftClass::Init] UnitAirbase ent=0x555561488490
[AircraftClass::Init] WPAction=0 (WP_TAKEOFF=1) allowGroundInit=1
[AircraftClass::Init] Else branch (not WP_TAKEOFF)
[AircraftClass::Init] Calling AddTakeOff, waypoint=0x7fff6a4a8660
[AircraftClass::Init] AddTakeOff done
[AircraftClass::Init] Got atWaypoint location: 2172986.2, 1038113.5, 0.0
[AircraftClass::Init] RunningInstantAction=0 isDigital=1
[AircraftClass::Init] Getting wp2 location from curWaypoint=0x7fff6a4a9be0
[AircraftClass::Init] wp2 location: 1579310.1, 1382511.3, -22000.0
[AircraftClass::Init] initialPsi=2.615, getting arrival times
[AircraftClass::Init] dt=929354 SEC_TO_MSEC=1000
[AircraftClass::Init] initialMach=738.793
[AircraftClass::Init] After waypoint if block, initialMach=738.793
[AircraftClass::Init] Mach clamped, afIdx lookup from vehicleDataIndex=195
[AircraftClass::Init] afIdx=46 NumACDefEntries=266
[AircraftClass::Init] Calling af->InitData(46)...
[AircraftClass::Init] af->InitData done
[AircraftClass::Init] Checking auxaeroData=0x55555c5fb0a0
[AircraftClass::Init] F16 flag check done
[AircraftClass::Init] Engine flag check done, creating SMS...
[AircraftClass::Init] SMS created: 0x7fffb0ebbd10
[AircraftClass::Init] Creating FCC, NumHardpoints=11
[AircraftClass::Init] FCC created: 0x7fff6a4a78a0
[AircraftClass::Init] FCC->SetSms done
[AircraftClass::Init] Getting gun from hardPoint[0]=0x7fff6c35aaf0
[AircraftClass::Init] Guns=0x7fff6a4b0ce0
[AircraftClass::Init] Gun TrailID set
[AircraftClass::Init] Checking ground level...
[AircraftClass::Init] Ground level check done
[AircraftClass::Init] Calling af->Init(46)...
[AircraftClass::Init] af->Init done
[AircraftClass::Init] Checking hasSwingWing...
[AircraftClass::Init] hasSwingWing check done
[AircraftClass::Init] Checking isComplex=1
[AircraftClass::Init] Calling MakeComplex()...
[AircraftClass::Init] MakeComplex done
[AircraftClass::Init] isComplex check done
[AircraftClass::Init] Calling SetSwitch(COMP_CANOPY)...
[AircraftClass::Init] SetSwitch done
[AircraftClass::Init] Checking ACMI recording...
[AircraftClass::Init] ACMI check done
[AircraftClass::Init] Checking IsComplex for laser/harm pods...
[AircraftClass::Init] IsComplex check done
[AircraftClass::Init] Checking Guns=0x7fff6a4b0ce0
[AircraftClass::Init] Guns check done
[AircraftClass::Init] Starting sensor setup...
[AircraftClass::Init] Sensor setup done, numSensors=3
[AircraftClass::Init] Creating brain, GetCampaignObject=0x7fffa80cc5c0
[AircraftClass::Init] Creating DigitalBrain...
[AircraftClass::Init] DigitalBrain created: 0x7fff6a4b6f60
[AircraftClass::Init] Brain created, calling DBrain()->SetTaxiPoint...
[AircraftClass::Init] Creating PilotInputs...
[AircraftClass::Init] PilotInputs created: 0x7fff6a4b5570
[AircraftClass::Init] Checking PreFlight...
[AircraftClass::Init] Calling PreFlight()...
[AircraftClass::Init] PreFlight done
[AircraftClass::Init] End of initData block
[AircraftClass::Init] EXIT - Init complete
[AircraftClass::Init] ENTER
[AircraftClass::Init] SimVehicleClass::Init done
[AircraftClass::Init] classPtr=0x555557bf05ab, initData=0x7fffc4d83a60
[AircraftClass::Init] Checking SType/SPType...
[AircraftClass::Init] Creating AirframeClass...
[AircraftClass::Init] AirframeClass created: 0x7fff6a4b8d00
[AircraftClass::Init] SetFlag done, mFaults=(nil)
[AircraftClass::Init] FackClass created, isDigital=1
[AircraftClass::Init] Checking RunningInstantAction...
[AircraftClass::Init] RunningInstantAction check done
[AircraftClass::Init] Initial pos set: x=1708420.2 y=1312322.2 z=-23745.0
[AircraftClass::Init] Waypoints: numWaypoints=8 waypoint=0x7fffb0ebb3b0
[AircraftClass::Init] Waypoint loop done
[AircraftClass::Init] st=32700000 SimLibElapsedTime=33505469
[AircraftClass::Init] SetStartTime done, currentWaypoint=1
[AircraftClass::Init] Waypoint index loop done, curWaypoint=0x7fffb0150ac0
[AircraftClass::Init] Inside curWaypoint check, getting WPAction...
[AircraftClass::Init] Getting UnitAirbase from campBase=0x7fffa80cc5c0
[AircraftClass::Init] UnitAirbase ent=0x555561488490
[AircraftClass::Init] WPAction=0 (WP_TAKEOFF=1) allowGroundInit=1
[AircraftClass::Init] Else branch (not WP_TAKEOFF)
[AircraftClass::Init] Calling AddTakeOff, waypoint=0x7fffb0ebb3b0
[AircraftClass::Init] AddTakeOff done
[AircraftClass::Init] Got atWaypoint location: 2172986.2, 1038113.5, 0.0
[AircraftClass::Init] RunningInstantAction=0 isDigital=1
[AircraftClass::Init] Getting wp2 location from curWaypoint=0x7fffb0150ac0
[AircraftClass::Init] wp2 location: 1579310.1, 1382511.3, -22000.0
[AircraftClass::Init] initialPsi=2.615, getting arrival times
[AircraftClass::Init] dt=929354 SEC_TO_MSEC=1000
[AircraftClass::Init] initialMach=738.793
[AircraftClass::Init] After waypoint if block, initialMach=738.793
[AircraftClass::Init] Mach clamped, afIdx lookup from vehicleDataIndex=195
[AircraftClass::Init] afIdx=46 NumACDefEntries=266
[AircraftClass::Init] Calling af->InitData(46)...
[AircraftClass::Init] af->InitData done
[AircraftClass::Init] Checking auxaeroData=0x55555c5fb0a0
[AircraftClass::Init] F16 flag check done
[AircraftClass::Init] Engine flag check done, creating SMS...
[AircraftClass::Init] SMS created: 0x7fff6a4b9720
[AircraftClass::Init] Creating FCC, NumHardpoints=11
[AircraftClass::Init] FCC created: 0x7fff6a4be150
[AircraftClass::Init] FCC->SetSms done
[AircraftClass::Init] Getting gun from hardPoint[0]=0x7fff6a4b98c0
[AircraftClass::Init] Guns=0x7fff6a4b99b0
[AircraftClass::Init] Gun TrailID set
[AircraftClass::Init] Checking ground level...
[AircraftClass::Init] Ground level check done
[AircraftClass::Init] Calling af->Init(46)...
[AircraftClass::Init] af->Init done
[AircraftClass::Init] Checking hasSwingWing...
[AircraftClass::Init] hasSwingWing check done
[AircraftClass::Init] Checking isComplex=1
[AircraftClass::Init] Calling MakeComplex()...
[AircraftClass::Init] MakeComplex done
[AircraftClass::Init] isComplex check done
[AircraftClass::Init] Calling SetSwitch(COMP_CANOPY)...
[AircraftClass::Init] SetSwitch done
[AircraftClass::Init] Checking ACMI recording...
[AircraftClass::Init] ACMI check done
[AircraftClass::Init] Checking IsComplex for laser/harm pods...
[AircraftClass::Init] IsComplex check done
[AircraftClass::Init] Checking Guns=0x7fff6a4b99b0
[AircraftClass::Init] Guns check done
[AircraftClass::Init] Starting sensor setup...
[AircraftClass::Init] Sensor setup done, numSensors=3
[AircraftClass::Init] Creating brain, GetCampaignObject=0x7fffa80cc5c0
[AircraftClass::Init] Creating DigitalBrain...
[AircraftClass::Init] DigitalBrain created: 0x7fff6a4c02e0
[AircraftClass::Init] Brain created, calling DBrain()->SetTaxiPoint...
[AircraftClass::Init] Creating PilotInputs...
[AircraftClass::Init] PilotInputs created: 0x7fff6a4c0740
[AircraftClass::Init] Checking PreFlight...
[AircraftClass::Init] Calling PreFlight()...
[AircraftClass::Init] PreFlight done
[AircraftClass::Init] End of initData block
[AircraftClass::Init] EXIT - Init complete
[PalLight] light=(0.927 0.956 1.000) gametime=33505516 pal=0x7fffa5cad640
[AircraftClass::Init] ENTER
[AircraftClass::Init] SimVehicleClass::Init done
[AircraftClass::Init] classPtr=0x555557be8c7a, initData=0x7fffc4d83a60
[AircraftClass::Init] Checking SType/SPType...
[AircraftClass::Init] Creating AirframeClass...
[AircraftClass::Init] AirframeClass created: 0x7fff6a7fa130
[AircraftClass::Init] SetFlag done, mFaults=(nil)
[AircraftClass::Init] FackClass created, isDigital=1
[AircraftClass::Init] Checking RunningInstantAction...
[AircraftClass::Init] RunningInstantAction check done
[AircraftClass::Init] Initial pos set: x=1736749.2 y=1362831.5 z=-26686.0
[AircraftClass::Init] Waypoints: numWaypoints=7 waypoint=0x7fff6cf43660
[AircraftClass::Init] Waypoint loop done
[AircraftClass::Init] st=33360000 SimLibElapsedTime=33522912
[AircraftClass::Init] SetStartTime done, currentWaypoint=1
[AircraftClass::Init] Waypoint index loop done, curWaypoint=0x7fff6cf3e630
[AircraftClass::Init] Inside curWaypoint check, getting WPAction...
[AircraftClass::Init] Getting UnitAirbase from campBase=0x7fffa8038030
[AircraftClass::Init] UnitAirbase ent=0x55556148df60
[AircraftClass::Init] WPAction=2 (WP_TAKEOFF=1) allowGroundInit=1
[AircraftClass::Init] Else branch (not WP_TAKEOFF)
[AircraftClass::Init] Calling AddTakeOff, waypoint=0x7fff6cf43660
[AircraftClass::Init] AddTakeOff done
[AircraftClass::Init] Got atWaypoint location: 1808908.7, 1290672.0, -690.0
[AircraftClass::Init] RunningInstantAction=0 isDigital=1
[AircraftClass::Init] Getting wp2 location from curWaypoint=0x7fff6cf3e630
[AircraftClass::Init] wp2 location: 1618670.0, 1484190.7, -25000.0
[AircraftClass::Init] initialPsi=2.347, getting arrival times
[AircraftClass::Init] dt=363497 SEC_TO_MSEC=1000
[AircraftClass::Init] initialMach=747.568
[AircraftClass::Init] After waypoint if block, initialMach=747.568
[AircraftClass::Init] Mach clamped, afIdx lookup from vehicleDataIndex=19
[AircraftClass::Init] afIdx=75 NumACDefEntries=266
[AircraftClass::Init] Calling af->InitData(75)...
[AircraftClass::Init] af->InitData done
[AircraftClass::Init] Checking auxaeroData=0x55555c7c8b10
[AircraftClass::Init] F16 flag check done
[AircraftClass::Init] Engine flag check done, creating SMS...
[AircraftClass::Init] SMS created: 0x7fff6a7fa8a0
[AircraftClass::Init] Creating FCC, NumHardpoints=6
[AircraftClass::Init] FCC created: 0x7fffccf535e0
[AircraftClass::Init] FCC->SetSms done
[AircraftClass::Init] Getting gun from hardPoint[0]=0x55556166a6b0
[AircraftClass::Init] Guns=0x7fff77e81740
[AircraftClass::Init] Gun TrailID set
[AircraftClass::Init] Checking ground level...
[AircraftClass::Init] Ground level check done
[AircraftClass::Init] Calling af->Init(75)...
[AircraftClass::Init] af->Init done
[AircraftClass::Init] Checking hasSwingWing...
[AircraftClass::Init] hasSwingWing check done
[AircraftClass::Init] Checking isComplex=1
[AircraftClass::Init] Calling MakeComplex()...
[AircraftClass::Init] MakeComplex done
[AircraftClass::Init] isComplex check done
[AircraftClass::Init] Calling SetSwitch(COMP_CANOPY)...
[AircraftClass::Init] SetSwitch done
[AircraftClass::Init] Checking ACMI recording...
[AircraftClass::Init] ACMI check done
[AircraftClass::Init] Checking IsComplex for laser/harm pods...
[AircraftClass::Init] IsComplex check done
[AircraftClass::Init] Checking Guns=0x7fff77e81740
[AircraftClass::Init] Guns check done
[AircraftClass::Init] Starting sensor setup...
[AircraftClass::Init] Sensor setup done, numSensors=3
[AircraftClass::Init] Creating brain, GetCampaignObject=0x7fffa8038030
[AircraftClass::Init] Creating DigitalBrain...
[AircraftClass::Init] DigitalBrain created: 0x7fff6a164c90
[AircraftClass::Init] Brain created, calling DBrain()->SetTaxiPoint...
[AircraftClass::Init] Creating PilotInputs...
[AircraftClass::Init] PilotInputs created: 0x7fff6a7f2090
[AircraftClass::Init] Checking PreFlight...
[AircraftClass::Init] Calling PreFlight()...
[AircraftClass::Init] PreFlight done
[AircraftClass::Init] End of initData block
[AircraftClass::Init] EXIT - Init complete
[AircraftClass::Init] ENTER
[AircraftClass::Init] SimVehicleClass::Init done
[AircraftClass::Init] classPtr=0x555557be8c7a, initData=0x7fffc4d83a60
[AircraftClass::Init] Checking SType/SPType...
[AircraftClass::Init] Creating AirframeClass...
[AircraftClass::Init] AirframeClass created: 0x7fff6a166060
[AircraftClass::Init] SetFlag done, mFaults=(nil)
[AircraftClass::Init] FackClass created, isDigital=1
[AircraftClass::Init] Checking RunningInstantAction...
[AircraftClass::Init] RunningInstantAction check done
[AircraftClass::Init] Initial pos set: x=1744745.7 y=1362721.8 z=-26686.0
[AircraftClass::Init] Waypoints: numWaypoints=7 waypoint=0x7fff6cf3b940
[AircraftClass::Init] Waypoint loop done
[AircraftClass::Init] st=33360000 SimLibElapsedTime=33522912
[AircraftClass::Init] SetStartTime done, currentWaypoint=1
[AircraftClass::Init] Waypoint index loop done, curWaypoint=0x7fff756d2a80
[AircraftClass::Init] Inside curWaypoint check, getting WPAction...
[AircraftClass::Init] Getting UnitAirbase from campBase=0x7fffa8038030
[AircraftClass::Init] UnitAirbase ent=0x55556148df60
[AircraftClass::Init] WPAction=2 (WP_TAKEOFF=1) allowGroundInit=1
[AircraftClass::Init] Else branch (not WP_TAKEOFF)
[AircraftClass::Init] Calling AddTakeOff, waypoint=0x7fff6cf3b940
[AircraftClass::Init] AddTakeOff done
[AircraftClass::Init] Got atWaypoint location: 1808908.7, 1290672.0, -690.0
[AircraftClass::Init] RunningInstantAction=0 isDigital=1
[AircraftClass::Init] Getting wp2 location from curWaypoint=0x7fff756d2a80
[AircraftClass::Init] wp2 location: 1618670.0, 1484190.7, -25000.0
[AircraftClass::Init] initialPsi=2.347, getting arrival times
[AircraftClass::Init] dt=363497 SEC_TO_MSEC=1000
[AircraftClass::Init] initialMach=747.568
[AircraftClass::Init] After waypoint if block, initialMach=747.568
[AircraftClass::Init] Mach clamped, afIdx lookup from vehicleDataIndex=19
[AircraftClass::Init] afIdx=75 NumACDefEntries=266
[AircraftClass::Init] Calling af->InitData(75)...
[AircraftClass::Init] af->InitData done
[AircraftClass::Init] Checking auxaeroData=0x55555c7c8b10
[AircraftClass::Init] F16 flag check done
[AircraftClass::Init] Engine flag check done, creating SMS...
[AircraftClass::Init] SMS created: 0x7fff6a1667d0
[AircraftClass::Init] Creating FCC, NumHardpoints=6
[AircraftClass::Init] FCC created: 0x7fffccf54e80
[AircraftClass::Init] FCC->SetSms done
[AircraftClass::Init] Getting gun from hardPoint[0]=0x7fff693a49f0
[AircraftClass::Init] Guns=0x7fff6a166910
[AircraftClass::Init] Gun TrailID set
[AircraftClass::Init] Checking ground level...
[AircraftClass::Init] Ground level check done
[AircraftClass::Init] Calling af->Init(75)...
[AircraftClass::Init] af->Init done
[AircraftClass::Init] Checking hasSwingWing...
[AircraftClass::Init] hasSwingWing check done
[AircraftClass::Init] Checking isComplex=1
[AircraftClass::Init] Calling MakeComplex()...
[AircraftClass::Init] MakeComplex done
[AircraftClass::Init] isComplex check done
[AircraftClass::Init] Calling SetSwitch(COMP_CANOPY)...
[AircraftClass::Init] SetSwitch done
[AircraftClass::Init] Checking ACMI recording...
[AircraftClass::Init] ACMI check done
[AircraftClass::Init] Checking IsComplex for laser/harm pods...
[AircraftClass::Init] IsComplex check done
[AircraftClass::Init] Checking Guns=0x7fff6a166910
[AircraftClass::Init] Guns check done
[AircraftClass::Init] Starting sensor setup...
[AircraftClass::Init] Sensor setup done, numSensors=3
[AircraftClass::Init] Creating brain, GetCampaignObject=0x7fffa8038030
[AircraftClass::Init] Creating DigitalBrain...
[AircraftClass::Init] DigitalBrain created: 0x7fff6a16a400
[AircraftClass::Init] Brain created, calling DBrain()->SetTaxiPoint...
[AircraftClass::Init] Creating PilotInputs...
[AircraftClass::Init] PilotInputs created: 0x7fff6a16a860
[AircraftClass::Init] Checking PreFlight...
[AircraftClass::Init] Calling PreFlight()...
[AircraftClass::Init] PreFlight done
[AircraftClass::Init] End of initData block
[AircraftClass::Init] EXIT - Init complete
[AircraftClass::Init] ENTER
[AircraftClass::Init] SimVehicleClass::Init done
[AircraftClass::Init] classPtr=0x555557be699d, initData=0x7fffc4d83a60
[AircraftClass::Init] Checking SType/SPType...
[AircraftClass::Init] Creating AirframeClass...
[AircraftClass::Init] AirframeClass created: 0x7fff6aa3ab90
[AircraftClass::Init] SetFlag done, mFaults=(nil)
[AircraftClass::Init] FackClass created, isDigital=1
[AircraftClass::Init] Checking RunningInstantAction...
[AircraftClass::Init] RunningInstantAction check done
[AircraftClass::Init] Initial pos set: x=1264432.1 y=1431711.1 z=-10416.0
[AircraftClass::Init] Waypoints: numWaypoints=8 waypoint=0x7fff6c571640
[AircraftClass::Init] Waypoint loop done
[AircraftClass::Init] st=33360000 SimLibElapsedTime=33553852
[AircraftClass::Init] SetStartTime done, currentWaypoint=1
[AircraftClass::Init] Waypoint index loop done, curWaypoint=0x7fff685f2650
[AircraftClass::Init] Inside curWaypoint check, getting WPAction...
[AircraftClass::Init] Getting UnitAirbase from campBase=0x7fffa80a18a0
[AircraftClass::Init] UnitAirbase ent=0x55556142e350
[AircraftClass::Init] WPAction=0 (WP_TAKEOFF=1) allowGroundInit=1
[AircraftClass::Init] Else branch (not WP_TAKEOFF)
[AircraftClass::Init] Calling AddTakeOff, waypoint=0x7fff6c571640
[AircraftClass::Init] AddTakeOff done
[AircraftClass::Init] Got atWaypoint location: 1248032.2, 1441551.0, -40.0
[AircraftClass::Init] RunningInstantAction=0 isDigital=1
[AircraftClass::Init] Getting wp2 location from curWaypoint=0x7fff685f2650
[AircraftClass::Init] wp2 location: 1438271.0, 1316911.7, -15000.0
[AircraftClass::Init] initialPsi=-0.580, getting arrival times
[AircraftClass::Init] dt=398699 SEC_TO_MSEC=1000
[AircraftClass::Init] initialMach=571.439
[AircraftClass::Init] After waypoint if block, initialMach=571.439
[AircraftClass::Init] Mach clamped, afIdx lookup from vehicleDataIndex=232
[AircraftClass::Init] afIdx=1 NumACDefEntries=266
[AircraftClass::Init] Calling af->InitData(1)...
[AircraftClass::Init] af->InitData done
[AircraftClass::Init] Checking auxaeroData=0x55555be8a790
[AircraftClass::Init] F16 flag check done
[AircraftClass::Init] Engine flag check done, creating SMS...
[AircraftClass::Init] SMS created: 0x7fff6bb02540
[AircraftClass::Init] Creating FCC, NumHardpoints=8
[AircraftClass::Init] FCC created: 0x7fff6ab2a2c0
[AircraftClass::Init] FCC->SetSms done
[AircraftClass::Init] Getting gun from hardPoint[0]=0x7fff6c5734e0
[AircraftClass::Init] Guns=0x7fff6aa3b300
[AircraftClass::Init] Gun TrailID set
[AircraftClass::Init] Checking ground level...
[AircraftClass::Init] Ground level check done
[AircraftClass::Init] Calling af->Init(1)...
[AircraftClass::Init] af->Init done
[AircraftClass::Init] Checking hasSwingWing...
[AircraftClass::Init] hasSwingWing check done
[AircraftClass::Init] Checking isComplex=1
[AircraftClass::Init] Calling MakeComplex()...
[AircraftClass::Init] MakeComplex done
[AircraftClass::Init] isComplex check done
[AircraftClass::Init] Calling SetSwitch(COMP_CANOPY)...
[AircraftClass::Init] SetSwitch done
[AircraftClass::Init] Checking ACMI recording...
[AircraftClass::Init] ACMI check done
[AircraftClass::Init] Checking IsComplex for laser/harm pods...
[AircraftClass::Init] IsComplex check done
[AircraftClass::Init] Checking Guns=0x7fff6aa3b300
[AircraftClass::Init] Guns check done
[AircraftClass::Init] Starting sensor setup...
[AircraftClass::Init] Sensor setup done, numSensors=3
[AircraftClass::Init] Creating brain, GetCampaignObject=0x7fffa80a18a0
[AircraftClass::Init] Creating DigitalBrain...
[AircraftClass::Init] DigitalBrain created: 0x7fff68bcd640
[AircraftClass::Init] Brain created, calling DBrain()->SetTaxiPoint...
[AircraftClass::Init] Creating PilotInputs...
[AircraftClass::Init] PilotInputs created: 0x7fff68bcdaa0
[AircraftClass::Init] Checking PreFlight...
[AircraftClass::Init] Calling PreFlight()...
[AircraftClass::Init] PreFlight done
[AircraftClass::Init] End of initData block
[AircraftClass::Init] EXIT - Init complete
[AircraftClass::Init] ENTER
[AircraftClass::Init] SimVehicleClass::Init done
[AircraftClass::Init] classPtr=0x555557be699d, initData=0x7fffc4d83a60
[AircraftClass::Init] Checking SType/SPType...
[AircraftClass::Init] Creating AirframeClass...
[AircraftClass::Init] AirframeClass created: 0x7fff68bcf110
[AircraftClass::Init] SetFlag done, mFaults=(nil)
[AircraftClass::Init] FackClass created, isDigital=1
[AircraftClass::Init] Checking RunningInstantAction...
[AircraftClass::Init] RunningInstantAction check done
[AircraftClass::Init] Initial pos set: x=1256596.7 y=1430108.3 z=-10416.0
[AircraftClass::Init] Waypoints: numWaypoints=8 waypoint=0x7fff685f0de0
[AircraftClass::Init] Waypoint loop done
[AircraftClass::Init] st=33360000 SimLibElapsedTime=33553852
[AircraftClass::Init] SetStartTime done, currentWaypoint=1
[AircraftClass::Init] Waypoint index loop done, curWaypoint=0x7fff6ab2a550
[AircraftClass::Init] Inside curWaypoint check, getting WPAction...
[AircraftClass::Init] Getting UnitAirbase from campBase=0x7fffa80a18a0
[AircraftClass::Init] UnitAirbase ent=0x55556142e350
[AircraftClass::Init] WPAction=0 (WP_TAKEOFF=1) allowGroundInit=1
[AircraftClass::Init] Else branch (not WP_TAKEOFF)
[AircraftClass::Init] Calling AddTakeOff, waypoint=0x7fff685f0de0
[AircraftClass::Init] AddTakeOff done
[AircraftClass::Init] Got atWaypoint location: 1248032.2, 1441551.0, -40.0
[AircraftClass::Init] RunningInstantAction=0 isDigital=1
[AircraftClass::Init] Getting wp2 location from curWaypoint=0x7fff6ab2a550
[AircraftClass::Init] wp2 location: 1438271.0, 1316911.7, -15000.0
[AircraftClass::Init] initialPsi=-0.580, getting arrival times
[AircraftClass::Init] dt=398699 SEC_TO_MSEC=1000
[AircraftClass::Init] initialMach=571.439
[AircraftClass::Init] After waypoint if block, initialMach=571.439
[AircraftClass::Init] Mach clamped, afIdx lookup from vehicleDataIndex=232
[AircraftClass::Init] afIdx=1 NumACDefEntries=266
[AircraftClass::Init] Calling af->InitData(1)...
[AircraftClass::Init] af->InitData done
[AircraftClass::Init] Checking auxaeroData=0x55555be8a790
[AircraftClass::Init] F16 flag check done
[AircraftClass::Init] Engine flag check done, creating SMS...
[AircraftClass::Init] SMS created: 0x7fff68bcfb30
[AircraftClass::Init] Creating FCC, NumHardpoints=8
[AircraftClass::Init] FCC created: 0x7fffb18d9850
[AircraftClass::Init] FCC->SetSms done
[AircraftClass::Init] Getting gun from hardPoint[0]=0x7fffa8135cf0
[AircraftClass::Init] Guns=0x7fff68bcfc70
[AircraftClass::Init] Gun TrailID set
[AircraftClass::Init] Checking ground level...
[AircraftClass::Init] Ground level check done
[AircraftClass::Init] Calling af->Init(1)...
[AircraftClass::Init] af->Init done
[AircraftClass::Init] Checking hasSwingWing...
[AircraftClass::Init] hasSwingWing check done
[AircraftClass::Init] Checking isComplex=1
[AircraftClass::Init] Calling MakeComplex()...
[AircraftClass::Init] MakeComplex done
[AircraftClass::Init] isComplex check done
[AircraftClass::Init] Calling SetSwitch(COMP_CANOPY)...
[AircraftClass::Init] SetSwitch done
[AircraftClass::Init] Checking ACMI recording...
[AircraftClass::Init] ACMI check done
[AircraftClass::Init] Checking IsComplex for laser/harm pods...
[AircraftClass::Init] IsComplex check done
[AircraftClass::Init] Checking Guns=0x7fff68bcfc70
[AircraftClass::Init] Guns check done
[AircraftClass::Init] Starting sensor setup...
[AircraftClass::Init] Sensor setup done, numSensors=3
[AircraftClass::Init] Creating brain, GetCampaignObject=0x7fffa80a18a0
[AircraftClass::Init] Creating DigitalBrain...
[AircraftClass::Init] DigitalBrain created: 0x7fffb3d10f50
[AircraftClass::Init] Brain created, calling DBrain()->SetTaxiPoint...
[AircraftClass::Init] Creating PilotInputs...
[AircraftClass::Init] PilotInputs created: 0x7fffb18db630
[AircraftClass::Init] Checking PreFlight...
[AircraftClass::Init] Calling PreFlight()...
[AircraftClass::Init] PreFlight done
[AircraftClass::Init] End of initData block
[AircraftClass::Init] EXIT - Init complete
[AircraftClass::Init] ENTER
[AircraftClass::Init] SimVehicleClass::Init done
[AircraftClass::Init] classPtr=0x555557be699d, initData=0x7fffc4d83a60
[AircraftClass::Init] Checking SType/SPType...
[AircraftClass::Init] Creating AirframeClass...
[AircraftClass::Init] AirframeClass created: 0x7fffb3d12950
[AircraftClass::Init] SetFlag done, mFaults=(nil)
[AircraftClass::Init] FackClass created, isDigital=1
[AircraftClass::Init] Checking RunningInstantAction...
[AircraftClass::Init] RunningInstantAction check done
[AircraftClass::Init] Initial pos set: x=1253574.2 y=1446353.1 z=-10416.0
[AircraftClass::Init] Waypoints: numWaypoints=8 waypoint=0x7fff6bb036b0
[AircraftClass::Init] Waypoint loop done
[AircraftClass::Init] st=33360000 SimLibElapsedTime=33553852
[AircraftClass::Init] SetStartTime done, currentWaypoint=1
[AircraftClass::Init] Waypoint index loop done, curWaypoint=0x7fff6bb0b7e0
[AircraftClass::Init] Inside curWaypoint check, getting WPAction...
[AircraftClass::Init] Getting UnitAirbase from campBase=0x7fffa80a18a0
[AircraftClass::Init] UnitAirbase ent=0x55556142e350
[AircraftClass::Init] WPAction=0 (WP_TAKEOFF=1) allowGroundInit=1
[AircraftClass::Init] Else branch (not WP_TAKEOFF)
[AircraftClass::Init] Calling AddTakeOff, waypoint=0x7fff6bb036b0
[AircraftClass::Init] AddTakeOff done
[AircraftClass::Init] Got atWaypoint location: 1248032.2, 1441551.0, -40.0
[AircraftClass::Init] RunningInstantAction=0 isDigital=1
[AircraftClass::Init] Getting wp2 location from curWaypoint=0x7fff6bb0b7e0
[AircraftClass::Init] wp2 location: 1438271.0, 1316911.7, -15000.0
[AircraftClass::Init] initialPsi=-0.580, getting arrival times
[AircraftClass::Init] dt=398699 SEC_TO_MSEC=1000
[AircraftClass::Init] initialMach=571.439
[AircraftClass::Init] After waypoint if block, initialMach=571.439
[AircraftClass::Init] Mach clamped, afIdx lookup from vehicleDataIndex=232
[AircraftClass::Init] afIdx=1 NumACDefEntries=266
[AircraftClass::Init] Calling af->InitData(1)...
[AircraftClass::Init] af->InitData done
[AircraftClass::Init] Checking auxaeroData=0x55555be8a790
[AircraftClass::Init] F16 flag check done
[AircraftClass::Init] Engine flag check done, creating SMS...
[AircraftClass::Init] SMS created: 0x7fffb3d13370
[AircraftClass::Init] Creating FCC, NumHardpoints=8
[AircraftClass::Init] FCC created: 0x7fff685e20e0
[AircraftClass::Init] FCC->SetSms done
[AircraftClass::Init] Getting gun from hardPoint[0]=0x7fffb3d134b0
[AircraftClass::Init] Guns=0x7fffb3d135a0
[AircraftClass::Init] Gun TrailID set
[AircraftClass::Init] Checking ground level...
[AircraftClass::Init] Ground level check done
[AircraftClass::Init] Calling af->Init(1)...
[AircraftClass::Init] af->Init done
[AircraftClass::Init] Checking hasSwingWing...
[AircraftClass::Init] hasSwingWing check done
[AircraftClass::Init] Checking isComplex=1
[AircraftClass::Init] Calling MakeComplex()...
[AircraftClass::Init] MakeComplex done
[AircraftClass::Init] isComplex check done
[AircraftClass::Init] Calling SetSwitch(COMP_CANOPY)...
[AircraftClass::Init] SetSwitch done
[AircraftClass::Init] Checking ACMI recording...
[AircraftClass::Init] ACMI check done
[AircraftClass::Init] Checking IsComplex for laser/harm pods...
[AircraftClass::Init] IsComplex check done
[AircraftClass::Init] Checking Guns=0x7fffb3d135a0
[AircraftClass::Init] Guns check done
[AircraftClass::Init] Starting sensor setup...
[AircraftClass::Init] Sensor setup done, numSensors=3
[AircraftClass::Init] Creating brain, GetCampaignObject=0x7fffa80a18a0
[AircraftClass::Init] Creating DigitalBrain...
[AircraftClass::Init] DigitalBrain created: 0x7fff685e4110
[AircraftClass::Init] Brain created, calling DBrain()->SetTaxiPoint...
[AircraftClass::Init] Creating PilotInputs...
[AircraftClass::Init] PilotInputs created: 0x7fff685e4570
[AircraftClass::Init] Checking PreFlight...
[AircraftClass::Init] Calling PreFlight()...
[AircraftClass::Init] PreFlight done
[AircraftClass::Init] End of initData block
[AircraftClass::Init] EXIT - Init complete
[AircraftClass::Init] ENTER
[AircraftClass::Init] SimVehicleClass::Init done
[AircraftClass::Init] classPtr=0x555557be699d, initData=0x7fffc4d83a60
[AircraftClass::Init] Checking SType/SPType...
[AircraftClass::Init] Creating AirframeClass...
[AircraftClass::Init] AirframeClass created: 0x7fff685e5fe0
[AircraftClass::Init] SetFlag done, mFaults=(nil)
[AircraftClass::Init] FackClass created, isDigital=1
[AircraftClass::Init] Checking RunningInstantAction...
[AircraftClass::Init] RunningInstantAction check done
[AircraftClass::Init] Initial pos set: x=1251305.5 y=1455141.0 z=-10416.0
[AircraftClass::Init] Waypoints: numWaypoints=8 waypoint=0x7fff685e4bb0
[AircraftClass::Init] Waypoint loop done
[AircraftClass::Init] st=33360000 SimLibElapsedTime=33553852
[AircraftClass::Init] SetStartTime done, currentWaypoint=1
[AircraftClass::Init] Waypoint index loop done, curWaypoint=0x7fff685e4c10
[AircraftClass::Init] Inside curWaypoint check, getting WPAction...
[AircraftClass::Init] Getting UnitAirbase from campBase=0x7fffa80a18a0
[AircraftClass::Init] UnitAirbase ent=0x55556142e350
[AircraftClass::Init] WPAction=0 (WP_TAKEOFF=1) allowGroundInit=1
[AircraftClass::Init] Else branch (not WP_TAKEOFF)
[AircraftClass::Init] Calling AddTakeOff, waypoint=0x7fff685e4bb0
[AircraftClass::Init] AddTakeOff done
[AircraftClass::Init] Got atWaypoint location: 1248032.2, 1441551.0, -40.0
[AircraftClass::Init] RunningInstantAction=0 isDigital=1
[AircraftClass::Init] Getting wp2 location from curWaypoint=0x7fff685e4c10
[AircraftClass::Init] wp2 location: 1438271.0, 1316911.7, -15000.0
[AircraftClass::Init] initialPsi=-0.580, getting arrival times
[AircraftClass::Init] dt=398699 SEC_TO_MSEC=1000
[AircraftClass::Init] initialMach=571.439
[AircraftClass::Init] After waypoint if block, initialMach=571.439
[AircraftClass::Init] Mach clamped, afIdx lookup from vehicleDataIndex=232
[AircraftClass::Init] afIdx=1 NumACDefEntries=266
[AircraftClass::Init] Calling af->InitData(1)...
[AircraftClass::Init] af->InitData done
[AircraftClass::Init] Checking auxaeroData=0x55555be8a790
[AircraftClass::Init] F16 flag check done
[AircraftClass::Init] Engine flag check done, creating SMS...
[AircraftClass::Init] SMS created: 0x7fff685e6a00
[AircraftClass::Init] Creating FCC, NumHardpoints=8
[AircraftClass::Init] FCC created: 0x7fff685e9dd0
[AircraftClass::Init] FCC->SetSms done
[AircraftClass::Init] Getting gun from hardPoint[0]=0x7fff685e6b40
[AircraftClass::Init] Guns=0x7fff685e6c30
[AircraftClass::Init] Gun TrailID set
[AircraftClass::Init] Checking ground level...
[AircraftClass::Init] Ground level check done
[AircraftClass::Init] Calling af->Init(1)...
[AircraftClass::Init] af->Init done
[AircraftClass::Init] Checking hasSwingWing...
[AircraftClass::Init] hasSwingWing check done
[AircraftClass::Init] Checking isComplex=1
[AircraftClass::Init] Calling MakeComplex()...
[AircraftClass::Init] MakeComplex done
[AircraftClass::Init] isComplex check done
[AircraftClass::Init] Calling SetSwitch(COMP_CANOPY)...
[AircraftClass::Init] SetSwitch done
[AircraftClass::Init] Checking ACMI recording...
[AircraftClass::Init] ACMI check done
[AircraftClass::Init] Checking IsComplex for laser/harm pods...
[AircraftClass::Init] IsComplex check done
[AircraftClass::Init] Checking Guns=0x7fff685e6c30
[AircraftClass::Init] Guns check done
[AircraftClass::Init] Starting sensor setup...
[AircraftClass::Init] Sensor setup done, numSensors=3
[AircraftClass::Init] Creating brain, GetCampaignObject=0x7fffa80a18a0
[AircraftClass::Init] Creating DigitalBrain...
[AircraftClass::Init] DigitalBrain created: 0x7fff685ebe40
[AircraftClass::Init] Brain created, calling DBrain()->SetTaxiPoint...
[AircraftClass::Init] Creating PilotInputs...
[AircraftClass::Init] PilotInputs created: 0x7fff685ea560
[AircraftClass::Init] Checking PreFlight...
[AircraftClass::Init] Calling PreFlight()...
[AircraftClass::Init] PreFlight done
[AircraftClass::Init] End of initData block
[AircraftClass::Init] EXIT - Init complete
[AircraftClass::Init] ENTER
[AircraftClass::Init] SimVehicleClass::Init done
[AircraftClass::Init] classPtr=0x555557be6e43, initData=0x7fffc4d83a60
[AircraftClass::Init] Checking SType/SPType...
[AircraftClass::Init] Creating AirframeClass...
[AircraftClass::Init] AirframeClass created: 0x7fffb188e570
[AircraftClass::Init] SetFlag done, mFaults=(nil)
[AircraftClass::Init] FackClass created, isDigital=1
[AircraftClass::Init] Checking RunningInstantAction...
[AircraftClass::Init] RunningInstantAction check done
[AircraftClass::Init] Initial pos set: x=1736749.2 y=1349711.6 z=-19686.0
[AircraftClass::Init] Waypoints: numWaypoints=8 waypoint=0x7fff6c4e97f0
[AircraftClass::Init] Waypoint loop done
[AircraftClass::Init] st=32820000 SimLibElapsedTime=33564972
[AircraftClass::Init] SetStartTime done, currentWaypoint=1
[AircraftClass::Init] Waypoint index loop done, curWaypoint=0x7fffb30fb100
[AircraftClass::Init] Inside curWaypoint check, getting WPAction...
[AircraftClass::Init] Getting UnitAirbase from campBase=0x7fffa80cd100
[AircraftClass::Init] UnitAirbase ent=0x555561488c10
[AircraftClass::Init] WPAction=0 (WP_TAKEOFF=1) allowGroundInit=1
[AircraftClass::Init] Else branch (not WP_TAKEOFF)
[AircraftClass::Init] Calling AddTakeOff, waypoint=0x7fff6c4e97f0
[AircraftClass::Init] AddTakeOff done
[AircraftClass::Init] Got atWaypoint location: 2045067.3, 1044673.5, 0.0
[AircraftClass::Init] RunningInstantAction=0 isDigital=1
[AircraftClass::Init] Getting wp2 location from curWaypoint=0x7fffb30fb100
[AircraftClass::Init] wp2 location: 1625229.8, 1457950.8, -18000.0
[AircraftClass::Init] initialPsi=2.364, getting arrival times
[AircraftClass::Init] dt=874895 SEC_TO_MSEC=1000
[AircraftClass::Init] initialMach=674.049
[AircraftClass::Init] After waypoint if block, initialMach=674.049
[AircraftClass::Init] Mach clamped, afIdx lookup from vehicleDataIndex=25
[AircraftClass::Init] afIdx=11 NumACDefEntries=266
[AircraftClass::Init] Calling af->InitData(11)...
[AircraftClass::Init] af->InitData done
[AircraftClass::Init] Checking auxaeroData=0x55555bea2000
[AircraftClass::Init] F16 flag check done
[AircraftClass::Init] Engine flag check done, creating SMS...
[AircraftClass::Init] SMS created: 0x7fffb188ef90
[AircraftClass::Init] Creating FCC, NumHardpoints=11
[AircraftClass::Init] FCC created: 0x7fffb1894580
[AircraftClass::Init] FCC->SetSms done
[AircraftClass::Init] Getting gun from hardPoint[0]=0x7fff6ab1d810
[AircraftClass::Init] Guns=0x7fffb1891290
[AircraftClass::Init] Gun TrailID set
[AircraftClass::Init] Checking ground level...
[AircraftClass::Init] Ground level check done
[AircraftClass::Init] Calling af->Init(11)...
[AircraftClass::Init] af->Init done
[AircraftClass::Init] Checking hasSwingWing...
[AircraftClass::Init] hasSwingWing check done
[AircraftClass::Init] Checking isComplex=1
[AircraftClass::Init] Calling MakeComplex()...
[AircraftClass::Init] MakeComplex done
[AircraftClass::Init] isComplex check done
[AircraftClass::Init] Calling SetSwitch(COMP_CANOPY)...
[AircraftClass::Init] SetSwitch done
[AircraftClass::Init] Checking ACMI recording...
[AircraftClass::Init] ACMI check done
[AircraftClass::Init] Checking IsComplex for laser/harm pods...
[AircraftClass::Init] IsComplex check done
[AircraftClass::Init] Checking Guns=0x7fffb1891290
[AircraftClass::Init] Guns check done
[AircraftClass::Init] Starting sensor setup...
[AircraftClass::Init] Sensor setup done, numSensors=3
[AircraftClass::Init] Creating brain, GetCampaignObject=0x7fffa80cd100
[AircraftClass::Init] Creating DigitalBrain...
[AircraftClass::Init] DigitalBrain created: 0x7fffb1896530
[AircraftClass::Init] Brain created, calling DBrain()->SetTaxiPoint...
[AircraftClass::Init] Creating PilotInputs...
[AircraftClass::Init] PilotInputs created: 0x7fff6c4f3060
[AircraftClass::Init] Checking PreFlight...
[AircraftClass::Init] Calling PreFlight()...
[AircraftClass::Init] PreFlight done
[AircraftClass::Init] End of initData block
[AircraftClass::Init] EXIT - Init complete
[AircraftClass::Init] ENTER
[AircraftClass::Init] SimVehicleClass::Init done
[AircraftClass::Init] classPtr=0x555557be6e43, initData=0x7fffc4d83a60
[AircraftClass::Init] Checking SType/SPType...
[AircraftClass::Init] Creating AirframeClass...
[AircraftClass::Init] AirframeClass created: 0x7fffb1897de0
[AircraftClass::Init] SetFlag done, mFaults=(nil)
[AircraftClass::Init] FackClass created, isDigital=1
[AircraftClass::Init] Checking RunningInstantAction...
[AircraftClass::Init] RunningInstantAction check done
[AircraftClass::Init] Initial pos set: x=1744745.6 y=1349830.8 z=-19686.0
[AircraftClass::Init] Waypoints: numWaypoints=8 waypoint=0x7fffb188ddf0
[AircraftClass::Init] Waypoint loop done
[AircraftClass::Init] st=32820000 SimLibElapsedTime=33564972
[AircraftClass::Init] SetStartTime done, currentWaypoint=1
[AircraftClass::Init] Waypoint index loop done, curWaypoint=0x7fffb188de90
[AircraftClass::Init] Inside curWaypoint check, getting WPAction...
[AircraftClass::Init] Getting UnitAirbase from campBase=0x7fffa80cd100
[AircraftClass::Init] UnitAirbase ent=0x555561488c10
[AircraftClass::Init] WPAction=0 (WP_TAKEOFF=1) allowGroundInit=1
[AircraftClass::Init] Else branch (not WP_TAKEOFF)
[AircraftClass::Init] Calling AddTakeOff, waypoint=0x7fffb188ddf0
[AircraftClass::Init] AddTakeOff done
[AircraftClass::Init] Got atWaypoint location: 2045067.3, 1044673.5, 0.0
[AircraftClass::Init] RunningInstantAction=0 isDigital=1
[AircraftClass::Init] Getting wp2 location from curWaypoint=0x7fffb188de90
[AircraftClass::Init] wp2 location: 1625229.8, 1457950.8, -18000.0
[AircraftClass::Init] initialPsi=2.364, getting arrival times
[AircraftClass::Init] dt=874895 SEC_TO_MSEC=1000
[AircraftClass::Init] initialMach=674.049
[AircraftClass::Init] After waypoint if block, initialMach=674.049
[AircraftClass::Init] Mach clamped, afIdx lookup from vehicleDataIndex=25
[AircraftClass::Init] afIdx=11 NumACDefEntries=266
[AircraftClass::Init] Calling af->InitData(11)...
[AircraftClass::Init] af->InitData done
[AircraftClass::Init] Checking auxaeroData=0x55555bea2000
[AircraftClass::Init] F16 flag check done
[AircraftClass::Init] Engine flag check done, creating SMS...
[AircraftClass::Init] SMS created: 0x7fffb1894d70
[AircraftClass::Init] Creating FCC, NumHardpoints=11
[AircraftClass::Init] FCC created: 0x7fffb189c950
[AircraftClass::Init] FCC->SetSms done
[AircraftClass::Init] Getting gun from hardPoint[0]=0x7fffb1898800
[AircraftClass::Init] Guns=0x7fffb18988f0
[AircraftClass::Init] Gun TrailID set
[AircraftClass::Init] Checking ground level...
[AircraftClass::Init] Ground level check done
[AircraftClass::Init] Calling af->Init(11)...
[AircraftClass::Init] af->Init done
[AircraftClass::Init] Checking hasSwingWing...
[AircraftClass::Init] hasSwingWing check done
[AircraftClass::Init] Checking isComplex=1
[AircraftClass::Init] Calling MakeComplex()...
[AircraftClass::Init] MakeComplex done
[AircraftClass::Init] isComplex check done
[AircraftClass::Init] Calling SetSwitch(COMP_CANOPY)...
[AircraftClass::Init] SetSwitch done
[AircraftClass::Init] Checking ACMI recording...
[AircraftClass::Init] ACMI check done
[AircraftClass::Init] Checking IsComplex for laser/harm pods...
[AircraftClass::Init] IsComplex check done
[AircraftClass::Init] Checking Guns=0x7fffb18988f0
[AircraftClass::Init] Guns check done
[AircraftClass::Init] Starting sensor setup...
[AircraftClass::Init] Sensor setup done, numSensors=3
[AircraftClass::Init] Creating brain, GetCampaignObject=0x7fffa80cd100
[AircraftClass::Init] Creating DigitalBrain...
[AircraftClass::Init] DigitalBrain created: 0x7fffb189eb80
[AircraftClass::Init] Brain created, calling DBrain()->SetTaxiPoint...
[AircraftClass::Init] Creating PilotInputs...
[AircraftClass::Init] PilotInputs created: 0x7fffb189d170
[AircraftClass::Init] Checking PreFlight...
[AircraftClass::Init] Calling PreFlight()...
[AircraftClass::Init] PreFlight done
[AircraftClass::Init] End of initData block
[AircraftClass::Init] EXIT - Init complete
[AircraftClass::Init] ENTER
[AircraftClass::Init] SimVehicleClass::Init done
[AircraftClass::Init] classPtr=0x555557be6e43, initData=0x7fffc4d83a60
[AircraftClass::Init] Checking SType/SPType...
[AircraftClass::Init] Creating AirframeClass...
[AircraftClass::Init] AirframeClass created: 0x7fffb18a0b40
[AircraftClass::Init] SetFlag done, mFaults=(nil)
[AircraftClass::Init] FackClass created, isDigital=1
[AircraftClass::Init] Checking RunningInstantAction...
[AircraftClass::Init] RunningInstantAction check done
[AircraftClass::Init] Initial pos set: x=1744698.0 y=1333307.5 z=-19686.0
[AircraftClass::Init] Waypoints: numWaypoints=8 waypoint=0x7fffb189f640
[AircraftClass::Init] Waypoint loop done
[AircraftClass::Init] st=32820000 SimLibElapsedTime=33564972
[AircraftClass::Init] SetStartTime done, currentWaypoint=1
[AircraftClass::Init] Waypoint index loop done, curWaypoint=0x7fffb189f6a0
[AircraftClass::Init] Inside curWaypoint check, getting WPAction...
[AircraftClass::Init] Getting UnitAirbase from campBase=0x7fffa80cd100
[AircraftClass::Init] UnitAirbase ent=0x555561488c10
[AircraftClass::Init] WPAction=0 (WP_TAKEOFF=1) allowGroundInit=1
[AircraftClass::Init] Else branch (not WP_TAKEOFF)
[AircraftClass::Init] Calling AddTakeOff, waypoint=0x7fffb189f640
[AircraftClass::Init] AddTakeOff done
[AircraftClass::Init] Got atWaypoint location: 2045067.3, 1044673.5, 0.0
[AircraftClass::Init] RunningInstantAction=0 isDigital=1
[AircraftClass::Init] Getting wp2 location from curWaypoint=0x7fffb189f6a0
[AircraftClass::Init] wp2 location: 1625229.8, 1457950.8, -18000.0
[AircraftClass::Init] initialPsi=2.364, getting arrival times
[AircraftClass::Init] dt=874895 SEC_TO_MSEC=1000
[AircraftClass::Init] initialMach=674.049
[AircraftClass::Init] After waypoint if block, initialMach=674.049
[AircraftClass::Init] Mach clamped, afIdx lookup from vehicleDataIndex=25
[AircraftClass::Init] afIdx=11 NumACDefEntries=266
[AircraftClass::Init] Calling af->InitData(11)...
[AircraftClass::Init] af->InitData done
[AircraftClass::Init] Checking auxaeroData=0x55555bea2000
[AircraftClass::Init] F16 flag check done
[AircraftClass::Init] Engine flag check done, creating SMS...
[AircraftClass::Init] SMS created: 0x7fffb18a1560
[AircraftClass::Init] Creating FCC, NumHardpoints=11
[AircraftClass::Init] FCC created: 0x7fffb18a5cb0
[AircraftClass::Init] FCC->SetSms done
[AircraftClass::Init] Getting gun from hardPoint[0]=0x7fffb18a1700
[AircraftClass::Init] Guns=0x7fffb18a17f0
[AircraftClass::Init] Gun TrailID set
[AircraftClass::Init] Checking ground level...
[AircraftClass::Init] Ground level check done
[AircraftClass::Init] Calling af->Init(11)...
[AircraftClass::Init] af->Init done
[AircraftClass::Init] Checking hasSwingWing...
[AircraftClass::Init] hasSwingWing check done
[AircraftClass::Init] Checking isComplex=1
[AircraftClass::Init] Calling MakeComplex()...
[AircraftClass::Init] MakeComplex done
[AircraftClass::Init] isComplex check done
[AircraftClass::Init] Calling SetSwitch(COMP_CANOPY)...
[AircraftClass::Init] SetSwitch done
[AircraftClass::Init] Checking ACMI recording...
[AircraftClass::Init] ACMI check done
[AircraftClass::Init] Checking IsComplex for laser/harm pods...
[AircraftClass::Init] IsComplex check done
[AircraftClass::Init] Checking Guns=0x7fffb18a17f0
[AircraftClass::Init] Guns check done
[AircraftClass::Init] Starting sensor setup...
[AircraftClass::Init] Sensor setup done, numSensors=3
[AircraftClass::Init] Creating brain, GetCampaignObject=0x7fffa80cd100
[AircraftClass::Init] Creating DigitalBrain...
[AircraftClass::Init] DigitalBrain created: 0x7fffb18a7ec0
[AircraftClass::Init] Brain created, calling DBrain()->SetTaxiPoint...
[AircraftClass::Init] Creating PilotInputs...
[AircraftClass::Init] PilotInputs created: 0x7fffb18a64d0
[AircraftClass::Init] Checking PreFlight...
[AircraftClass::Init] Calling PreFlight()...
[AircraftClass::Init] PreFlight done
[AircraftClass::Init] End of initData block
[AircraftClass::Init] EXIT - Init complete
[AircraftClass::Init] ENTER
[AircraftClass::Init] SimVehicleClass::Init done
[AircraftClass::Init] classPtr=0x555557be6e43, initData=0x7fffc4d83a60
[AircraftClass::Init] Checking SType/SPType...
[AircraftClass::Init] Creating AirframeClass...
[AircraftClass::Init] AirframeClass created: 0x7fffb18a9db0
[AircraftClass::Init] SetFlag done, mFaults=(nil)
[AircraftClass::Init] FackClass created, isDigital=1
[AircraftClass::Init] Checking RunningInstantAction...
[AircraftClass::Init] RunningInstantAction check done
[AircraftClass::Init] Initial pos set: x=1745295.0 y=1324250.8 z=-19686.0
[AircraftClass::Init] Waypoints: numWaypoints=8 waypoint=0x7fffb18a8980
[AircraftClass::Init] Waypoint loop done
[AircraftClass::Init] st=32820000 SimLibElapsedTime=33564972
[AircraftClass::Init] SetStartTime done, currentWaypoint=1
[AircraftClass::Init] Waypoint index loop done, curWaypoint=0x7fffb18a89e0
[AircraftClass::Init] Inside curWaypoint check, getting WPAction...
[AircraftClass::Init] Getting UnitAirbase from campBase=0x7fffa80cd100
[AircraftClass::Init] UnitAirbase ent=0x555561488c10
[AircraftClass::Init] WPAction=0 (WP_TAKEOFF=1) allowGroundInit=1
[AircraftClass::Init] Else branch (not WP_TAKEOFF)
[AircraftClass::Init] Calling AddTakeOff, waypoint=0x7fffb18a8980
[AircraftClass::Init] AddTakeOff done
[AircraftClass::Init] Got atWaypoint location: 2045067.3, 1044673.5, 0.0
[AircraftClass::Init] RunningInstantAction=0 isDigital=1
[AircraftClass::Init] Getting wp2 location from curWaypoint=0x7fffb18a89e0
[AircraftClass::Init] wp2 location: 1625229.8, 1457950.8, -18000.0
[AircraftClass::Init] initialPsi=2.364, getting arrival times
[AircraftClass::Init] dt=874895 SEC_TO_MSEC=1000
[AircraftClass::Init] initialMach=674.049
[AircraftClass::Init] After waypoint if block, initialMach=674.049
[AircraftClass::Init] Mach clamped, afIdx lookup from vehicleDataIndex=25
[AircraftClass::Init] afIdx=11 NumACDefEntries=266
[AircraftClass::Init] Calling af->InitData(11)...
[AircraftClass::Init] af->InitData done
[AircraftClass::Init] Checking auxaeroData=0x55555bea2000
[AircraftClass::Init] F16 flag check done
[AircraftClass::Init] Engine flag check done, creating SMS...
[AircraftClass::Init] SMS created: 0x7fffb18aa7d0
[AircraftClass::Init] Creating FCC, NumHardpoints=11
[AircraftClass::Init] FCC created: 0x7fffb18aef20
[AircraftClass::Init] FCC->SetSms done
[AircraftClass::Init] Getting gun from hardPoint[0]=0x7fffb18aa970
[AircraftClass::Init] Guns=0x7fffb18aaa60
[AircraftClass::Init] Gun TrailID set
[AircraftClass::Init] Checking ground level...
[AircraftClass::Init] Ground level check done
[AircraftClass::Init] Calling af->Init(11)...
[AircraftClass::Init] af->Init done
[AircraftClass::Init] Checking hasSwingWing...
[AircraftClass::Init] hasSwingWing check done
[AircraftClass::Init] Checking isComplex=1
[AircraftClass::Init] Calling MakeComplex()...
[AircraftClass::Init] MakeComplex done
[AircraftClass::Init] isComplex check done
[AircraftClass::Init] Calling SetSwitch(COMP_CANOPY)...
[AircraftClass::Init] SetSwitch done
[AircraftClass::Init] Checking ACMI recording...
[AircraftClass::Init] ACMI check done
[AircraftClass::Init] Checking IsComplex for laser/harm pods...
[AircraftClass::Init] IsComplex check done
[AircraftClass::Init] Checking Guns=0x7fffb18aaa60
[AircraftClass::Init] Guns check done
[AircraftClass::Init] Starting sensor setup...
[AircraftClass::Init] Sensor setup done, numSensors=3
[AircraftClass::Init] Creating brain, GetCampaignObject=0x7fffa80cd100
[AircraftClass::Init] Creating DigitalBrain...
[AircraftClass::Init] DigitalBrain created: 0x7fffb18b1170
[AircraftClass::Init] Brain created, calling DBrain()->SetTaxiPoint...
[AircraftClass::Init] Creating PilotInputs...
[AircraftClass::Init] PilotInputs created: 0x7fffb18af740
[AircraftClass::Init] Checking PreFlight...
[AircraftClass::Init] Calling PreFlight()...
[AircraftClass::Init] PreFlight done
[AircraftClass::Init] End of initData block
[AircraftClass::Init] EXIT - Init complete
[PalLight] light=(0.927 0.956 1.000) gametime=33566696 pal=0x7fffa5cad640
[PalLight] light=(0.926 0.955 1.000) gametime=33628087 pal=0x7fffa5cad640
[AircraftClass::Init] ENTER
[AircraftClass::Init] SimVehicleClass::Init done
[AircraftClass::Init] classPtr=0x555557bf05ab, initData=0x7fffc4d83a60
[AircraftClass::Init] Checking SType/SPType...
[AircraftClass::Init] Creating AirframeClass...
[AircraftClass::Init] AirframeClass created: 0x7fff6ab37a70
[AircraftClass::Init] SetFlag done, mFaults=(nil)
[AircraftClass::Init] FackClass created, isDigital=1
[AircraftClass::Init] Checking RunningInstantAction...
[AircraftClass::Init] RunningInstantAction check done
[AircraftClass::Init] Initial pos set: x=1710509.3 y=1556350.3 z=-24705.0
[AircraftClass::Init] Waypoints: numWaypoints=7 waypoint=0x7fff6ab365e0
[AircraftClass::Init] Waypoint loop done
[AircraftClass::Init] st=33480000 SimLibElapsedTime=33636518
[AircraftClass::Init] SetStartTime done, currentWaypoint=1
[AircraftClass::Init] Waypoint index loop done, curWaypoint=0x7fff6ab36640
[AircraftClass::Init] Inside curWaypoint check, getting WPAction...
[AircraftClass::Init] Getting UnitAirbase from campBase=0x7fffa80ef7a0
[AircraftClass::Init] UnitAirbase ent=0x55556148d420
[AircraftClass::Init] WPAction=0 (WP_TAKEOFF=1) allowGroundInit=1
[AircraftClass::Init] Else branch (not WP_TAKEOFF)
[AircraftClass::Init] Calling AddTakeOff, waypoint=0x7fff6ab365e0
[AircraftClass::Init] AddTakeOff done
[AircraftClass::Init] Got atWaypoint location: 1769549.0, 1602270.0, -1750.0
[AircraftClass::Init] RunningInstantAction=0 isDigital=1
[AircraftClass::Init] Getting wp2 location from curWaypoint=0x7fff6ab36640
[AircraftClass::Init] wp2 location: 1618670.0, 1484190.7, -22000.0
[AircraftClass::Init] initialPsi=-2.477, getting arrival times
[AircraftClass::Init] dt=288497 SEC_TO_MSEC=1000
[AircraftClass::Init] initialMach=665.247
[AircraftClass::Init] After waypoint if block, initialMach=665.247
[AircraftClass::Init] Mach clamped, afIdx lookup from vehicleDataIndex=195
[AircraftClass::Init] afIdx=46 NumACDefEntries=266
[AircraftClass::Init] Calling af->InitData(46)...
[AircraftClass::Init] af->InitData done
[AircraftClass::Init] Checking auxaeroData=0x55555c5fb0a0
[AircraftClass::Init] F16 flag check done
[AircraftClass::Init] Engine flag check done, creating SMS...
[AircraftClass::Init] SMS created: 0x7fff6ab38490
[AircraftClass::Init] Creating FCC, NumHardpoints=11
[AircraftClass::Init] FCC created: 0x7fffb3d1a600
[AircraftClass::Init] FCC->SetSms done
[AircraftClass::Init] Getting gun from hardPoint[0]=0x7fff6ab38630
[AircraftClass::Init] Guns=0x7fff6ab38720
[AircraftClass::Init] Gun TrailID set
[AircraftClass::Init] Checking ground level...
[AircraftClass::Init] Ground level check done
[AircraftClass::Init] Calling af->Init(46)...
[AircraftClass::Init] af->Init done
[AircraftClass::Init] Checking hasSwingWing...
[AircraftClass::Init] hasSwingWing check done
[AircraftClass::Init] Checking isComplex=1
[AircraftClass::Init] Calling MakeComplex()...
[AircraftClass::Init] MakeComplex done
[AircraftClass::Init] isComplex check done
[AircraftClass::Init] Calling SetSwitch(COMP_CANOPY)...
[AircraftClass::Init] SetSwitch done
[AircraftClass::Init] Checking ACMI recording...
[AircraftClass::Init] ACMI check done
[AircraftClass::Init] Checking IsComplex for laser/harm pods...
[AircraftClass::Init] IsComplex check done
[AircraftClass::Init] Checking Guns=0x7fff6ab38720
[AircraftClass::Init] Guns check done
[AircraftClass::Init] Starting sensor setup...
[AircraftClass::Init] Sensor setup done, numSensors=3
[AircraftClass::Init] Creating brain, GetCampaignObject=0x7fffa80ef7a0
[AircraftClass::Init] Creating DigitalBrain...
[AircraftClass::Init] DigitalBrain created: 0x7fffb3d1bc40
[AircraftClass::Init] Brain created, calling DBrain()->SetTaxiPoint...
[AircraftClass::Init] Creating PilotInputs...
[AircraftClass::Init] PilotInputs created: 0x7fffb3d1ac50
[AircraftClass::Init] Checking PreFlight...
[AircraftClass::Init] Calling PreFlight()...
[AircraftClass::Init] PreFlight done
[AircraftClass::Init] End of initData block
[AircraftClass::Init] EXIT - Init complete
[AircraftClass::Init] ENTER
[AircraftClass::Init] SimVehicleClass::Init done
[AircraftClass::Init] classPtr=0x555557bf05ab, initData=0x7fffc4d83a60
[AircraftClass::Init] Checking SType/SPType...
[AircraftClass::Init] Creating AirframeClass...
[AircraftClass::Init] AirframeClass created: 0x7fffb3d1d8f0
[AircraftClass::Init] SetFlag done, mFaults=(nil)
[AircraftClass::Init] FackClass created, isDigital=1
[AircraftClass::Init] Checking RunningInstantAction...
[AircraftClass::Init] RunningInstantAction check done
[AircraftClass::Init] Initial pos set: x=1711462.1 y=1564290.7 z=-24705.0
[AircraftClass::Init] Waypoints: numWaypoints=7 waypoint=0x7fffb3d1ae40
[AircraftClass::Init] Waypoint loop done
[AircraftClass::Init] st=33480000 SimLibElapsedTime=33636518
[AircraftClass::Init] SetStartTime done, currentWaypoint=1
[AircraftClass::Init] Waypoint index loop done, curWaypoint=0x7fffb3d1c580
[AircraftClass::Init] Inside curWaypoint check, getting WPAction...
[AircraftClass::Init] Getting UnitAirbase from campBase=0x7fffa80ef7a0
[AircraftClass::Init] UnitAirbase ent=0x55556148d420
[AircraftClass::Init] WPAction=0 (WP_TAKEOFF=1) allowGroundInit=1
[AircraftClass::Init] Else branch (not WP_TAKEOFF)
[AircraftClass::Init] Calling AddTakeOff, waypoint=0x7fffb3d1ae40
[AircraftClass::Init] AddTakeOff done
[AircraftClass::Init] Got atWaypoint location: 1769549.0, 1602270.0, -1750.0
[AircraftClass::Init] RunningInstantAction=0 isDigital=1
[AircraftClass::Init] Getting wp2 location from curWaypoint=0x7fffb3d1c580
[AircraftClass::Init] wp2 location: 1618670.0, 1484190.7, -22000.0
[AircraftClass::Init] initialPsi=-2.477, getting arrival times
[AircraftClass::Init] dt=288497 SEC_TO_MSEC=1000
[AircraftClass::Init] initialMach=665.247
[AircraftClass::Init] After waypoint if block, initialMach=665.247
[AircraftClass::Init] Mach clamped, afIdx lookup from vehicleDataIndex=195
[AircraftClass::Init] afIdx=46 NumACDefEntries=266
[AircraftClass::Init] Calling af->InitData(46)...
[AircraftClass::Init] af->InitData done
[AircraftClass::Init] Checking auxaeroData=0x55555c5fb0a0
[AircraftClass::Init] F16 flag check done
[AircraftClass::Init] Engine flag check done, creating SMS...
[AircraftClass::Init] SMS created: 0x7fffb3d1e310
[AircraftClass::Init] Creating FCC, NumHardpoints=11
[AircraftClass::Init] FCC created: 0x7fffb3d22b00
[AircraftClass::Init] FCC->SetSms done
[AircraftClass::Init] Getting gun from hardPoint[0]=0x7fffb3d1e4b0
[AircraftClass::Init] Guns=0x7fffb3d1e5a0
[AircraftClass::Init] Gun TrailID set
[AircraftClass::Init] Checking ground level...
[AircraftClass::Init] Ground level check done
[AircraftClass::Init] Calling af->Init(46)...
[AircraftClass::Init] af->Init done
[AircraftClass::Init] Checking hasSwingWing...
[AircraftClass::Init] hasSwingWing check done
[AircraftClass::Init] Checking isComplex=1
[AircraftClass::Init] Calling MakeComplex()...
[AircraftClass::Init] MakeComplex done
[AircraftClass::Init] isComplex check done
[AircraftClass::Init] Calling SetSwitch(COMP_CANOPY)...
[AircraftClass::Init] SetSwitch done
[AircraftClass::Init] Checking ACMI recording...
[AircraftClass::Init] ACMI check done
[AircraftClass::Init] Checking IsComplex for laser/harm pods...
[AircraftClass::Init] IsComplex check done
[AircraftClass::Init] Checking Guns=0x7fffb3d1e5a0
[AircraftClass::Init] Guns check done
[AircraftClass::Init] Starting sensor setup...
[AircraftClass::Init] Sensor setup done, numSensors=3
[AircraftClass::Init] Creating brain, GetCampaignObject=0x7fffa80ef7a0
[AircraftClass::Init] Creating DigitalBrain...
[AircraftClass::Init] DigitalBrain created: 0x7fff748c07d0
[AircraftClass::Init] Brain created, calling DBrain()->SetTaxiPoint...
[AircraftClass::Init] Creating PilotInputs...
[AircraftClass::Init] PilotInputs created: 0x7fff748c0c30
[AircraftClass::Init] Checking PreFlight...
[AircraftClass::Init] Calling PreFlight()...
[AircraftClass::Init] PreFlight done
[AircraftClass::Init] End of initData block
[AircraftClass::Init] EXIT - Init complete
[AircraftClass::Init] ENTER
[AircraftClass::Init] SimVehicleClass::Init done
[AircraftClass::Init] classPtr=0x555557bf05ab, initData=0x7fffc4d83a60
[AircraftClass::Init] Checking SType/SPType...
[AircraftClass::Init] Creating AirframeClass...
[AircraftClass::Init] AirframeClass created: 0x7fff748c26d0
[AircraftClass::Init] SetFlag done, mFaults=(nil)
[AircraftClass::Init] FackClass created, isDigital=1
[AircraftClass::Init] Checking RunningInstantAction...
[AircraftClass::Init] RunningInstantAction check done
[AircraftClass::Init] Initial pos set: x=1727830.1 y=1562030.2 z=-24705.0
[AircraftClass::Init] Waypoints: numWaypoints=7 waypoint=0x7fff748c1300
[AircraftClass::Init] Waypoint loop done
[AircraftClass::Init] st=33480000 SimLibElapsedTime=33636518
[AircraftClass::Init] SetStartTime done, currentWaypoint=1
[AircraftClass::Init] Waypoint index loop done, curWaypoint=0x7fff748c1360
[AircraftClass::Init] Inside curWaypoint check, getting WPAction...
[AircraftClass::Init] Getting UnitAirbase from campBase=0x7fffa80ef7a0
[AircraftClass::Init] UnitAirbase ent=0x55556148d420
[AircraftClass::Init] WPAction=0 (WP_TAKEOFF=1) allowGroundInit=1
[AircraftClass::Init] Else branch (not WP_TAKEOFF)
[AircraftClass::Init] Calling AddTakeOff, waypoint=0x7fff748c1300
[AircraftClass::Init] AddTakeOff done
[AircraftClass::Init] Got atWaypoint location: 1769549.0, 1602270.0, -1750.0
[AircraftClass::Init] RunningInstantAction=0 isDigital=1
[AircraftClass::Init] Getting wp2 location from curWaypoint=0x7fff748c1360
[AircraftClass::Init] wp2 location: 1618670.0, 1484190.7, -22000.0
[AircraftClass::Init] initialPsi=-2.477, getting arrival times
[AircraftClass::Init] dt=288497 SEC_TO_MSEC=1000
[AircraftClass::Init] initialMach=665.247
[AircraftClass::Init] After waypoint if block, initialMach=665.247
[AircraftClass::Init] Mach clamped, afIdx lookup from vehicleDataIndex=195
[AircraftClass::Init] afIdx=46 NumACDefEntries=266
[AircraftClass::Init] Calling af->InitData(46)...
[AircraftClass::Init] af->InitData done
[AircraftClass::Init] Checking auxaeroData=0x55555c5fb0a0
[AircraftClass::Init] F16 flag check done
[AircraftClass::Init] Engine flag check done, creating SMS...
[AircraftClass::Init] SMS created: 0x7fff748c30f0
[AircraftClass::Init] Creating FCC, NumHardpoints=11
[AircraftClass::Init] FCC created: 0x7fff748c78c0
[AircraftClass::Init] FCC->SetSms done
[AircraftClass::Init] Getting gun from hardPoint[0]=0x7fff748c3290
[AircraftClass::Init] Guns=0x7fff748c3380
[AircraftClass::Init] Gun TrailID set
[AircraftClass::Init] Checking ground level...
[AircraftClass::Init] Ground level check done
[AircraftClass::Init] Calling af->Init(46)...
[AircraftClass::Init] af->Init done
[AircraftClass::Init] Checking hasSwingWing...
[AircraftClass::Init] hasSwingWing check done
[AircraftClass::Init] Checking isComplex=1
[AircraftClass::Init] Calling MakeComplex()...
[AircraftClass::Init] MakeComplex done
[AircraftClass::Init] isComplex check done
[AircraftClass::Init] Calling SetSwitch(COMP_CANOPY)...
[AircraftClass::Init] SetSwitch done
[AircraftClass::Init] Checking ACMI recording...
[AircraftClass::Init] ACMI check done
[AircraftClass::Init] Checking IsComplex for laser/harm pods...
[AircraftClass::Init] IsComplex check done
[AircraftClass::Init] Checking Guns=0x7fff748c3380
[AircraftClass::Init] Guns check done
[AircraftClass::Init] Starting sensor setup...
[AircraftClass::Init] Sensor setup done, numSensors=3
[AircraftClass::Init] Creating brain, GetCampaignObject=0x7fffa80ef7a0
[AircraftClass::Init] Creating DigitalBrain...
[AircraftClass::Init] DigitalBrain created: 0x7fff748c91e0
[AircraftClass::Init] Brain created, calling DBrain()->SetTaxiPoint...
[AircraftClass::Init] Creating PilotInputs...
[AircraftClass::Init] PilotInputs created: 0x7fff748c9640
[AircraftClass::Init] Checking PreFlight...
[AircraftClass::Init] Calling PreFlight()...
[AircraftClass::Init] PreFlight done
[AircraftClass::Init] End of initData block
[AircraftClass::Init] EXIT - Init complete
[AircraftClass::Init] ENTER
[AircraftClass::Init] SimVehicleClass::Init done
[AircraftClass::Init] classPtr=0x555557bf05ab, initData=0x7fffc4d83a60
[AircraftClass::Init] Checking SType/SPType...
[AircraftClass::Init] Creating AirframeClass...
[AircraftClass::Init] AirframeClass created: 0x7fff748cb0e0
[AircraftClass::Init] SetFlag done, mFaults=(nil)
[AircraftClass::Init] FackClass created, isDigital=1
[AircraftClass::Init] Checking RunningInstantAction...
[AircraftClass::Init] RunningInstantAction check done
[AircraftClass::Init] Initial pos set: x=1736885.0 y=1561408.7 z=-24705.0
[AircraftClass::Init] Waypoints: numWaypoints=7 waypoint=0x7fff748c9d10
[AircraftClass::Init] Waypoint loop done
[AircraftClass::Init] st=33480000 SimLibElapsedTime=33636518
[AircraftClass::Init] SetStartTime done, currentWaypoint=1
[AircraftClass::Init] Waypoint index loop done, curWaypoint=0x7fff748c9d70
[AircraftClass::Init] Inside curWaypoint check, getting WPAction...
[AircraftClass::Init] Getting UnitAirbase from campBase=0x7fffa80ef7a0
[AircraftClass::Init] UnitAirbase ent=0x55556148d420
[AircraftClass::Init] WPAction=0 (WP_TAKEOFF=1) allowGroundInit=1
[AircraftClass::Init] Else branch (not WP_TAKEOFF)
[AircraftClass::Init] Calling AddTakeOff, waypoint=0x7fff748c9d10
[AircraftClass::Init] AddTakeOff done
[AircraftClass::Init] Got atWaypoint location: 1769549.0, 1602270.0, -1750.0
[AircraftClass::Init] RunningInstantAction=0 isDigital=1
[AircraftClass::Init] Getting wp2 location from curWaypoint=0x7fff748c9d70
[AircraftClass::Init] wp2 location: 1618670.0, 1484190.7, -22000.0
[AircraftClass::Init] initialPsi=-2.477, getting arrival times
[AircraftClass::Init] dt=288497 SEC_TO_MSEC=1000
[AircraftClass::Init] initialMach=665.247
[AircraftClass::Init] After waypoint if block, initialMach=665.247
[AircraftClass::Init] Mach clamped, afIdx lookup from vehicleDataIndex=195
[AircraftClass::Init] afIdx=46 NumACDefEntries=266
[AircraftClass::Init] Calling af->InitData(46)...
[AircraftClass::Init] af->InitData done
[AircraftClass::Init] Checking auxaeroData=0x55555c5fb0a0
[AircraftClass::Init] F16 flag check done
[AircraftClass::Init] Engine flag check done, creating SMS...
[AircraftClass::Init] SMS created: 0x7fff748cbb00
[AircraftClass::Init] Creating FCC, NumHardpoints=11
[AircraftClass::Init] FCC created: 0x7fff69fc2c60
[AircraftClass::Init] FCC->SetSms done
[AircraftClass::Init] Getting gun from hardPoint[0]=0x7fff748cbca0
[AircraftClass::Init] Guns=0x7fff748cbd90
[AircraftClass::Init] Gun TrailID set
[AircraftClass::Init] Checking ground level...
[AircraftClass::Init] Ground level check done
[AircraftClass::Init] Calling af->Init(46)...
[AircraftClass::Init] af->Init done
[AircraftClass::Init] Checking hasSwingWing...
[AircraftClass::Init] hasSwingWing check done
[AircraftClass::Init] Checking isComplex=1
[AircraftClass::Init] Calling MakeComplex()...
[AircraftClass::Init] MakeComplex done
[AircraftClass::Init] isComplex check done
[AircraftClass::Init] Calling SetSwitch(COMP_CANOPY)...
[AircraftClass::Init] SetSwitch done
[AircraftClass::Init] Checking ACMI recording...
[AircraftClass::Init] ACMI check done
[AircraftClass::Init] Checking IsComplex for laser/harm pods...
[AircraftClass::Init] IsComplex check done
[AircraftClass::Init] Checking Guns=0x7fff748cbd90
[AircraftClass::Init] Guns check done
[AircraftClass::Init] Starting sensor setup...
[AircraftClass::Init] Sensor setup done, numSensors=3
[AircraftClass::Init] Creating brain, GetCampaignObject=0x7fffa80ef7a0
[AircraftClass::Init] Creating DigitalBrain...
[AircraftClass::Init] DigitalBrain created: 0x7fff69fc4580
[AircraftClass::Init] Brain created, calling DBrain()->SetTaxiPoint...
[AircraftClass::Init] Creating PilotInputs...
[AircraftClass::Init] PilotInputs created: 0x7fff69fc49e0
[AircraftClass::Init] Checking PreFlight...
[AircraftClass::Init] Calling PreFlight()...
[AircraftClass::Init] PreFlight done
[AircraftClass::Init] End of initData block
[AircraftClass::Init] EXIT - Init complete
[PalLight] light=(0.925 0.955 1.000) gametime=33689413 pal=0x7fffa5cad640
[ExitMenu] E/D pressed: i=18 endsAvail=[1,1,1] endFlightTimer=0 vuxRealTime=11204831
[EndFlight] timer=11209831 vuxRealTime=11204868 delta=-4963
[EndFlight] timer=11209831 vuxRealTime=11206939 delta=-2892
[EndFlight] timer=11209831 vuxRealTime=11208993 delta=-838
[StopGraphics] Called, currentMode=6 (need RunningGraphics=6)
[StopGraphics] Setting currentMode = StoppingGraphics
[GL] FF_SimThreadReleaseGL() ENTER
[GL] Sim thread released GL context, g_simOwnsGLContext=false
[GL] FF_SimThreadAcquireGL() ENTER
[GL] Sim thread acquired GL context, g_simOwnsGLContext=true
[StartLoop] Reset3DParameters...
[StartLoop] ShowSimpleWaitScreen...
[StartLoop] ShowSimpleWaitScreen done
[StartLoop] F4SoundFXEnd...
[StartLoop] AnnounceExit...
[StartLoop] ClearCameras...
[OTWDriver.Exit] Cleaning up sim resources...
[OTWDriver.CleanViewpoint] CALLED! this=0x5555562f4c20, viewPoint=(nil)
[OTWDriver.Exit] Cleanup complete
[ACMI] ImportFile: walk found 1 .flt file(s)
[ACMI] ImportFile: Import('acmibin\acmi0000.flt' -> 'acmibin\TAPE0009.vhs') = OK
[GL] FF_SimThreadReleaseGL() ENTER
[GL] Sim thread released GL context, g_simOwnsGLContext=false
[StartLoop] Waiting for wait_for_start_graphics event...
[FM] FM_START_UI received
[FM] Main thread re-acquired GL context
[FM] Calling UI_Startup()...
[UI_Startup] ENTRY, FalconDisplay.currentMode=5
[UI_Startup] Calling EnterMode(UI)...
  [DisplayDevice::Setup] Starting 1024x768x16, fullscreen=0
  [DisplayDevice::Setup] Calling CreateContext...
  [CreateContext] driverNum=0, devNum=0, resNum=18
  [CreateContext] GetDriver returned pDDI=0x555557459210
  [CreateContext] D3D devices count: 1
  [CreateContext] Display modes count: 46
  [CreateContext] GetDevice returned pD3DDI=0x555557457460
  [CreateContext] GetDisplayMode returned pddsd=0x55555745b990
  [DXContext::Init] Starting with hWnd=0x555556498380, 1024x768@16, fullscreen=0
  [DXContext::Init] Checking thread ID...
  [DXContext::Init] Thread ID check passed
  [DXContext::Init] Calling DirectDrawCreateEx...
  [DXContext::Init] DirectDrawCreateEx returned m_pDD=0x55556110fa60
  [DXContext::Init] Calling GetCaps... m_pcapsDD=0x555560ea3d30
  [DXContext::Init] GetCaps done
  [DXContext::Init] Calling GetDeviceIdentifier... m_pDevID=0x555560ed4770
  [DXContext::Init] GetDeviceIdentifier done
  [DXContext::Init] DXContext::Init - DriverInfo - "OpenGL" - "FreeFalcon OpenGL Renderer", Vendor: 4318, Device: 4660, SubSys: 0, Rev: 0, Product: 0, Version: 0, SubVersion: 0, Build: 0
  [DXContext::Init] Calling SetCooperativeLevel with flags=0x1408...
  [DXContext::Init] SetCooperativeLevel done
  [DXContext::Init] Complete!
  [DisplayDevice::Setup] CreateContext returned m_DXCtx=0x5555609bcc60
  [DisplayDevice::Setup] Context created, setting up window...
  [DisplayDevice::Setup] Calling ShowWindow...
  [DisplayDevice::Setup] ShowWindow done
  [DisplayDevice::Setup] Setting up windowed image, IsHardware=1...
  [DisplayDevice::Setup] image.Setup done
  [DisplayDevice::Setup] Calling SetRenderTarget, targetSurface=0x55555d74b600...
[SetRenderTarget] Linux: Creating D3D7 interface directly
[SetRenderTarget] Linux: m_pD3D=0x55555faf81a0
[AttachDepthBuffer] Linux: Skipping - OpenGL manages depth buffers
[SetRenderTarget] Linux: Creating D3D device directly, pRenderTarget=0x55555d74b600
[SetRenderTarget] Linux: m_pD3DD=0x55555e26cdc0
  [DisplayDevice::Setup] SetRenderTarget done
  [DisplayDevice::Setup] Calling movieInit...
  [DisplayDevice::Setup] Complete!
[UI_Startup] EnterMode done, getting ImageBuffer...
[New Thread 0x7fffa17946c0 (LWP 8869)]
[GlobalSetup] Creating C_Parser...
[GlobalSetup] Loading ID lists...
[LoadIDList] Loading: userids.lst
[LoadIDList] file size=500 for userids.lst
[LoadIDList] Loading: fontids.lst
[LoadIDList] file size=22 for fontids.lst
[LoadIDList] Loading: imageids.lst
[LoadIDList] file size=197 for imageids.lst
[LoadIDList] Loading: soundids.lst
[LoadIDList] file size=46 for soundids.lst
[LoadIDList] Loading: textids.lst
[LoadIDList] file size=21 for textids.lst
[LoadIDList] Loading: movieids.lst
[LoadIDList] file size=20 for movieids.lst
[LoadImageList] Loading: resimgs.lst
[LoadImageList] Opened: resimgs.lst
[LoadSoundList] Loading: sounds.lst
[LoadImageList] Loading: main_res.lst
[LoadImageList] Opened: main_res.lst
[LoadSoundList] Loading: main_snd.lst
[LoadWindowList] Loading: main_scf.lst
[LoadImageList] Loading: comm_res.lst
[LoadImageList] Opened: comm_res.lst
[LoadSoundList] Loading: comm_snd.lst
[LoadWindowList] Loading: comm_scf.lst
[LoadImageList] Loading: help_res.lst
[LoadImageList] FAILED to open: help_res.lst
[LoadSoundList] Loading: help_snd.lst
[LoadWindowList] Loading: help_scf.lst
[LoadImageList] Loading: lb_res.lst
[LoadImageList] Opened: lb_res.lst
[LoadSoundList] Loading: lb_snd.lst
[LoadWindowList] Loading: lb_scf.lst
[LoadImageList] Loading: cs_res.lst
[LoadImageList] Opened: cs_res.lst
[LoadSoundList] Loading: cs_snd.lst
[LoadWindowList] Loading: cs_scf.lst
[LoadImageList] Loading: pln_res.lst
[LoadImageList] Opened: pln_res.lst
[LoadSoundList] Loading: pln_snd.lst
[LoadWindowList] Loading: pln_scf.lst
[LoadImageList] Loading: cp_res.lst
[LoadImageList] Opened: cp_res.lst
[LoadSoundList] Loading: cp_snd.lst
[LoadWindowList] Loading: cp_scf.lst
[LoadImageList] Loading: cmn_res.lst
[LoadImageList] Opened: cmn_res.lst
[LoadSoundList] Loading: cmn_snd.lst
[LoadWindowList] Loading: cmn_scf.lst
[New Thread 0x7fff99e7d6c0 (LWP 8870)]
[Texture::SetupForDevice] rc=0x5555609bcc60 path=/home/admin/sgl/SAT/freeFalcon/WP/drive_c/FreeFalcon6/terrdata/misctex/
[FarTexDB] DDS file: /home/admin/sgl/SAT/freeFalcon/WP/drive_c/FreeFalcon6/terrdata/korea/texture/fartiles.dds, headerSize=124, bytesRead=124
[FarTexDB] DDS header: flags=0x81007, width=32, height=32, linearSize=512, mipMapCount=0
[FarTexDB] DDS pixfmt: flags=0x0, fourCC=0x31545844, rgbBitCount=4
[FarTexDB] linearSize=512, texCount=96664, fartexDDSFile.IsReady=1
[PalLight] light=(0.925 0.955 1.000) gametime=33732515 pal=0x7fffa5cad640
[FM] UI_Startup() complete
[OTWDriver.InitViewpoint] deferred: sim thread does not own GL yet (ground level 0)
[OTWDriver.InitViewpoint] deferred: sim thread does not own GL yet (ground level 0)
[OTWDriver.InitViewpoint] deferred: sim thread does not own GL yet (ground level 0)
[LBUTTONDOWN] at (579,179) -> window=0x55555d71ce70 ID=17000
[LBUTTONDOWN] GrabItem found control ID=-2 type=0
[LBUTTONUP] at (579,179) -> window=0x55555d71ce70 Grab_.Control_=0x55556407dee0
[LBUTTONUP] Grab_.Control_ found: ID=-2 type=0
[LBUTTONUP] Calling Process(ID=-2, type=52)
[LBUTTONDOWN] at (628,191) -> window=0x555560e850a0 ID=1
[LBUTTONDOWN] GrabItem found NO control
[LBUTTONUP] at (628,191) -> window=0x555560e850a0 Grab_.Control_=(nil)
[LBUTTONUP] NO Grab_.Control_ - deactivating
[LBUTTONDOWN] at (75,749) -> window=0x55555d71ce70 ID=17000
[LBUTTONDOWN] GrabItem found control ID=80001 type=25
[LBUTTONUP] at (75,749) -> window=0x55555d71ce70 Grab_.Control_=0x55555f0c2b10
[LBUTTONUP] Grab_.Control_ found: ID=80001 type=25
[LBUTTONUP] Calling Process(ID=80001, type=52)
[LBUTTONDOWN] at (73,749) -> window=0x555561121970 ID=6000
[LBUTTONDOWN] GrabItem found control ID=6005 type=25
[LBUTTONUP] at (73,749) -> window=0x555561121970 Grab_.Control_=0x555561126190
[LBUTTONUP] Grab_.Control_ found: ID=6005 type=25
[LBUTTONUP] Calling Process(ID=6005, type=52)
[VuSession::JoinGame] ENTRY: session=0x5555573a2cc0 newgame=(nil) current_game=0x55555d645e70
[VuSession::JoinGame] EXIT: retval=0 Game()=(nil)
[FF_LINUX] StartReadCampFile: type=4 filename='save0'
[FF_LINUX] StartReadCampFile: FalconCampUserSaveDirectory='/home/admin/sgl/SAT/freeFalcon/WP/drive_c/FreeFalcon6/campaign/save'
[FF_LINUX] StartReadCampFile: Opening path='/home/admin/sgl/SAT/freeFalcon/WP/drive_c/FreeFalcon6/campaign/save/save0.cam'
[FF_LINUX] StartReadCampFile: Successfully opened campaign file
[LZSS_Expand] Called: srcSize=5368, size=24207
[LZSS_Expand] LZSS_Expand: 24207 bytes out in 0.1 ms
[FM] FM_GOT_CAMPAIGN_DATA received (wParam=16777216)
[FM] FM_GOT_CAMPAIGN_DATA: RecieveScenarioInfo (S6x)
[LBUTTONDOWN] at (76,751) -> window=0x55555f1cd6a0 ID=40100
[LBUTTONDOWN] GrabItem found control ID=40105 type=25
[LBUTTONUP] at (76,751) -> window=0x55555f1cd6a0 Grab_.Control_=0x55555f1cd500
[LBUTTONUP] Grab_.Control_ found: ID=40105 type=25
[LBUTTONUP] Calling Process(ID=40105, type=52)
[LBUTTONDOWN] at (329,751) -> window=0x555561c35c30 ID=5000
[LBUTTONDOWN] GrabItem found control ID=10047 type=25
[LBUTTONUP] at (329,751) -> window=0x555561c35c30 Grab_.Control_=0x55555f1b5090
[LBUTTONUP] Grab_.Control_ found: ID=10047 type=25
[LBUTTONUP] Calling Process(ID=10047, type=52)
[LoadImageList] Loading: ac_art.lst
[LoadImageList] Opened: ac_art.lst
[LoadSoundList] Loading: ac_snd.lst
[LoadWindowList] Loading: ac_scf.lst
[OTW.Setup] LastNearTexLOD=2 LastFarTexLOD=4 NumLevels=6
[LBUTTONDOWN] at (359,337) -> window=0x55555f32a340 ID=500
[LBUTTONDOWN] GrabItem found control ID=506 type=0
[LBUTTONUP] at (360,337) -> window=0x55555f32a340 Grab_.Control_=0x55555f32d870
[LBUTTONUP] Grab_.Control_ found: ID=506 type=0
[LBUTTONUP] Calling Process(ID=506, type=52)
[LBUTTONDOWN] at (546,532) -> window=0x55555f32a340 ID=500
[LBUTTONDOWN] GrabItem found control ID=504 type=25
[LBUTTONUP] at (546,532) -> window=0x55555f32a340 Grab_.Control_=0x55555f3403d0
[LBUTTONUP] Grab_.Control_ found: ID=504 type=25
[LBUTTONUP] Calling Process(ID=504, type=52)
Assertion at 425  /home/admin/freefalcon-central/src/graphics/objects/drawbsp.cpp  Sep 19 2026
[Failed:  strlen(labelString) < sizeof(label)] Assertion at 425  /home/admin/freefalcon-central/src/graphics/objects/drawbsp.cpp  Sep 19 2026
[PalLight] light=(0.929 0.957 1.000) gametime=32400000 pal=0x7fffa5cad640

Thread 1 "FFViper" received signal SIGSEGV, Segmentation fault.
0x0000555555764338 in DrawableParticleSys::PS_EvalTimedLinLogFloat (life=5290065.5, LastStage=@0x7fff7216c868: 1, Count=7, input=0x7fffc7730c40) at /home/admin/freefalcon-central/src/graphics/objects/drawparticlesys.cpp:2497
2497	    return RelValue * DrawableParticleSys::Log10Array[Idx] + input[LastStage + 1].value;

======== CRASH: gdb caught a fatal signal ========
#0  0x0000555555764338 in DrawableParticleSys::PS_EvalTimedLinLogFloat (life=5290065.5, LastStage=@0x7fff7216c868: 1, Count=7, input=0x7fffc7730c40) at /home/admin/freefalcon-central/src/graphics/objects/drawparticlesys.cpp:2497
        Time = 264503280
        Idx = -892346368
        RelValue = -5
#1  DrawableParticleSys::PS_ParticleRun () at /home/admin/freefalcon-central/src/graphics/objects/drawparticlesys.cpp:4027
        gravity = <optimized out>
        accel = <optimized out>
        Part = @0x7fff7216c7f0: {NEXT = 2, PPN = 310, CLUSTER = 0, LIGHT = 0, birthTime = 33732499, lastTime = 33732499, lifespan = 0.811818242, life = 5290065.5, {Alive = 0 '\000', Cluster = -1 '\377', WindAffected = 0 '\000'}, elapsedTime = 0, rotation = 0x5555562bb920 <psIRotation>, plife = 0, AccelStage = 0, GravityStage = 0, pos = {x = 1661309.62, y = 1559630.25, z = 0}, Radius = 7, vel = {x = 0, y = 0, z = -0}, LastCalcPos = {x = 1661309.62, y = 1559630.25, z = -1643}, Wind = {x = 0.485003024, y = -6.93609524, z = 0}, GroundLevel = 0, VelRnd = 0, SizeStage = 1, SizeRandom = 1.67786658}
        age = <optimized out>
        ppn = 0x7fffc77309f0
        XMMRadius = <optimized out>
        XMMPosMax = <optimized out>
        XMMPosMin = <optimized out>
        ptr = 1
        LastPtr = <optimized out>
#2  0x0000555555768516 in DrawableParticleSys::PS_Exec (renderer=<optimized out>) at /home/admin/freefalcon-central/src/graphics/objects/drawparticlesys.cpp:5327
No locals.
#3  0x000055555577e5f8 in RenderOTW::DrawScene (this=0x55556372c4d0, offset=offset@entry=0x7fffffffd158, orientation=orientation@entry=0x7fffffffd170) at /home/admin/freefalcon-central/src/graphics/renderer/otw.cpp:1271
        position = {x = 1338597.38, y = 1456043.25, z = -22362.5801}
        containingList = 1
        prevFOV = 1.04719758
        prevLeft = -1
        prevRight = 1
        prevTop = 0.916666627
        prevBottom = -0.895833313
        bToggle = <optimized out>
#4  0x0000555555b192b8 in ACMIView::Draw (this=0x7fff94001060) at /home/admin/freefalcon-central/src/acmi/src/acmiloop.cpp:425
        lastButton = -1
        pos = {x = 0, y = 0, z = 0}
        rot = {M11 = 0.963121891, M12 = 0.169648066, M13 = 0.208843559, M21 = -0.166385368, M22 = 0.985500753, M23 = -0.0332254581, M31 = -0.211452171, M32 = -0.00274834665, M33 = 0.977384388}
        i = <optimized out>
        numEntities = <optimized out>
        ep = <optimized out>
        targep = <optimized out>
        targindex = <optimized out>
        speedstring = "\377\003\000\000\000\000\000\000\000\003\000\000\000\000\000\000,\000\000"
        altitudestring = "\033\001\000\000\000\000\000\000\220\000\000\000\000\000\000\000H\204\333a"
        headingstring = "X\227\321\\UU\000\000P\213\321\\UU\000\000\320\036\333a"
        ACMI_heading = 0
        ACMI_altitude = 0
        mph = 0
        posb = {x = 0, y = -nan(0x7fd1d0), z = 4.59163468e-41}
        spos = {<TwoDVertex> = {<MPRVtxTexClr_t> = {x = 5.05257153e+20, y = 3.0611365e-41, r = -2.34538823e-23, g = 3.66729446e+32, b = 6.16571324e-44, a = 0, u = 1.79366203e-43, v = 0, q = -nan(0x7fd210)}, clipFlag = 32767}, csX = 5.60519386e-44, csY = 0, csZ = 1.29339848e-42}
#5  0x0000555555aeeffe in C_Window::DrawWindow (this=0x5555639a60b0, surface=surface@entry=0x55555cd19758) at /home/admin/freefalcon-central/src/ui95/cwindow.cpp:1233
        i = 0
        cur = 0x55556141a290
#6  0x0000555555acd496 in C_Handler::Update (this=0x55555cd19730) at /home/admin/freefalcon-central/src/ui95/chandler.cpp:1228
        cur = 0x555561557c10
        infront = <optimized out>
        src = <optimized out>
        dst = {left = 0, top = 728, right = 1024, bottom = 768}
        i = <optimized out>
        uiRectLock = true
#7  0x0000555555627156 in ProcessGameMessages () at /home/admin/freefalcon-central/src/ffviper/main_linux.cpp:2682
        s_inTimer = 0
        fullRect = {left = 0, top = 0, right = 1024, bottom = 768}
        msg = @0x7fff6af39ae0: {message = 1054, wParam = 0, lParam = 0, mods = 0}
        __for_range = <synthetic pointer>Python Exception <class 'gdb.error'>: value has been optimized out

        __for_begin = <optimized out>
        __for_end = <optimized out>
        messagesToProcess = Python Exception <class 'gdb.error'>: value has been optimized out

#8  0x0000555555627885 in main_loop () at /home/admin/freefalcon-central/src/ffviper/main_linux.cpp:3830
        screenTestDone = false
        s_sawUI = true
        frameStart = 956089
        currentTime = <optimized out>
        frameTime = <optimized out>
        frameCount = 127
        lastFPSTime = 953890
        lastTimerTime = 955976
        targetFrameTime = 16
        timerUpdateInterval = 100
        fpsReportCounter = 189
        autoLaunchTime = <optimized out>
        autoLaunchTriggered = false
        startTime = <optimized out>
#9  0x000055555561e6c4 in main (argc=4, argv=0x7fffffffdaa8) at /home/admin/freefalcon-central/src/ffviper/main_linux.cpp:4612
        dataDir = <optimized out>
        fullscreen = <optimized out>
        enableSound = <optimized out>
        envDataDir = <optimized out>
        testInstantAction = <optimized out>

======== all threads ========

Thread 23 (Thread 0x7fff99e7d6c0 (LWP 8870) "FFViper"):
#0  __syscall_cancel_arch () at ../sysdeps/unix/sysv/linux/x86_64/syscall_cancel.S:56
#1  0x00007ffff70a030c in __internal_syscall_cancel (a1=a1@entry=0, a2=a2@entry=0, a3=<optimized out>, a4=<optimized out>, a5=a5@entry=0, a6=a6@entry=0, nr=230) at ./nptl/cancellation.c:49
#2  0x00007ffff70f5af2 in __GI___clock_nanosleep (clock_id=<optimized out>, clock_id@entry=0, flags=flags@entry=0, req=<optimized out>, rem=<optimized out>) at ../sysdeps/unix/sysv/linux/clock_nanosleep.c:48
#3  0x00007ffff7103707 in __GI___nanosleep (req=<optimized out>, rem=<optimized out>) at ../sysdeps/unix/sysv/linux/nanosleep.c:25
#4  0x0000555555ace0da in Sleep (dwMilliseconds=<optimized out>) at /home/admin/freefalcon-central/src/compat/compat_winbase.h:101
#5  C_Handler::PostTimerMessage (this=this@entry=0x55555cd19730) at /home/admin/freefalcon-central/src/ui95/chandler.cpp:1666
#6  0x0000555555ace11f in C_Handler::TimerLoop (myself=myself@entry=0x55555cd19730) at /home/admin/freefalcon-central/src/ui95/chandler.cpp:1713
#7  0x0000555555acba7b in FF_BeginThreadExTrampoline (p=<optimized out>) at /home/admin/freefalcon-central/src/compat/process.h:48
#8  0x00007ffff70a3dfa in start_thread (arg=<optimized out>) at ./nptl/pthread_create.c:454
#9  0x00007ffff71375cc in __GI___clone3 () at ../sysdeps/unix/sysv/linux/x86_64/clone3.S:78

Thread 22 (Thread 0x7fffa17946c0 (LWP 8869) "FFViper"):
#0  futex_wait (futex_word=0x55555bea4b30, expected=2, private=0) at ../sysdeps/nptl/futex-internal.h:126
#1  __GI___lll_lock_wait (futex=futex@entry=0x55555bea4b30, private=0) at ./nptl/lowlevellock.c:49
#2  0x00007ffff70a77c9 in lll_mutex_lock_optimized (mutex=0x55555bea4b30) at ./nptl/pthread_mutex_lock.c:48
#3  ___pthread_mutex_lock (mutex=0x55555bea4b30) at ./nptl/pthread_mutex_lock.c:108
#4  0x00005555556f0d25 in EnterCriticalSection (cs=0x55555bea4b30) at /home/admin/freefalcon-central/src/compat/compat_winbase.h:194
#5  F4EnterCriticalSection (theSection=0x55555bea4b30) at /home/admin/freefalcon-central/src/falclib/threads.cpp:147
#6  F4EnterCriticalSection (theSection=0x55555bea4b30) at /home/admin/freefalcon-central/src/falclib/threads.cpp:141
#7  0x0000555555ace18a in C_Handler::EnterCritical (this=0x55555cd19730) at /home/admin/freefalcon-central/src/ui95/chandler.cpp:103
#8  C_Handler::DoControlLoop (this=this@entry=0x55555cd19730) at /home/admin/freefalcon-central/src/ui95/chandler.cpp:1681
#9  0x0000555555ace1af in C_Handler::ControlLoop (myself=myself@entry=0x55555cd19730) at /home/admin/freefalcon-central/src/ui95/chandler.cpp:1699
#10 0x0000555555acba7b in FF_BeginThreadExTrampoline (p=<optimized out>) at /home/admin/freefalcon-central/src/compat/process.h:48
#11 0x00007ffff70a3dfa in start_thread (arg=<optimized out>) at ./nptl/pthread_create.c:454
#12 0x00007ffff71375cc in __GI___clone3 () at ../sysdeps/unix/sysv/linux/x86_64/clone3.S:78

Thread 21 (Thread 0x7fffa387e6c0 (LWP 8714) "CPMMListener"):
#0  __syscall_cancel_arch () at ../sysdeps/unix/sysv/linux/x86_64/syscall_cancel.S:56
#1  0x00007ffff70a039c in __internal_syscall_cancel (a1=<optimized out>, a2=<optimized out>, a3=<optimized out>, a4=0, a5=0, a6=0, nr=7) at ./nptl/cancellation.c:49
#2  __syscall_cancel (a1=<optimized out>, a2=<optimized out>, a3=<optimized out>, a4=a4@entry=0, a5=a5@entry=0, a6=a6@entry=0, nr=7) at ./nptl/cancellation.c:75
#3  0x00007ffff7127c0e in __GI___poll (fds=<optimized out>, nfds=<optimized out>, timeout=<optimized out>) at ../sysdeps/unix/sysv/linux/poll.c:29
#4  0x00007fffea215d07 in ?? () from /usr/lib/x86_64-linux-gnu/libnvidia-glcore.so.595.84
#5  0x00007fffea1f5944 in ?? () from /usr/lib/x86_64-linux-gnu/libnvidia-glcore.so.595.84
#6  0x00007ffff70a3dfa in start_thread (arg=<optimized out>) at ./nptl/pthread_create.c:454
#7  0x00007ffff71375cc in __GI___clone3 () at ../sysdeps/unix/sysv/linux/x86_64/clone3.S:78

Thread 18 (Thread 0x7fffbd9fe6c0 (LWP 8678) "FFViper"):
#0  __syscall_cancel_arch () at ../sysdeps/unix/sysv/linux/x86_64/syscall_cancel.S:56
#1  0x00007ffff70a030c in __internal_syscall_cancel (a1=a1@entry=93825024012676, a2=<optimized out>, a3=a3@entry=1463428704, a4=a4@entry=0, a5=a5@entry=0, a6=a6@entry=4294967295, nr=202) at ./nptl/cancellation.c:49
#2  0x00007ffff70a06e7 in __futex_abstimed_wait_common64 (private=0, futex_word=0x5555573a3184, expected=1463428704, op=393, abstime=0x0, cancel=true) at ./nptl/futex-internal.c:57
#3  __futex_abstimed_wait_common (futex_word=0x5555573a3184, expected=1463428704, clockid=0, abstime=0x0, private=0, cancel=true) at ./nptl/futex-internal.c:87
#4  __GI___futex_abstimed_wait_cancelable64 (futex_word=futex_word@entry=0x5555573a3184, expected=expected@entry=21883, clockid=clockid@entry=0, abstime=abstime@entry=0x0, private=private@entry=0) at ./nptl/futex-internal.c:139
#5  0x00007ffff70a30c7 in __pthread_cond_wait_common (cond=<optimized out>, mutex=0x5555573a3138, clockid=0, abstime=0x0) at ./nptl/pthread_cond_wait.c:421
#6  ___pthread_cond_wait (cond=<optimized out>, mutex=0x5555573a3138) at ./nptl/pthread_cond_wait.c:453
#7  0x00005555556efadc in WaitForSingleObject (hHandle=0x5555573a3130, dwMilliseconds=<optimized out>) at /home/admin/freefalcon-central/src/compat/compat_winbase.h:380
#8  0x00005555556eff16 in ThreadManager::campaign_wait_for_sim (maxwait=maxwait@entry=4294967295) at /home/admin/freefalcon-central/src/falclib/threadmgr.cpp:73
#9  0x000055555588888e in HandleCampaignThread () at /home/admin/freefalcon-central/src/campaign/campupd/campaign.cpp:2990
#10 0x0000555555888cef in CampaignThread () at /home/admin/freefalcon-central/src/campaign/campupd/campaign.cpp:3029
#11 0x00005555556ef86b in FF_ThreadTrampoline (p=<optimized out>) at /home/admin/freefalcon-central/src/compat/compat_winbase.h:317
#12 0x00007ffff70a3dfa in start_thread (arg=<optimized out>) at ./nptl/pthread_create.c:454
#13 0x00007ffff71375cc in __GI___clone3 () at ../sysdeps/unix/sysv/linux/x86_64/clone3.S:78

Thread 17 (Thread 0x7fffbe1ff6c0 (LWP 8677) "FFViper"):
#0  __syscall_cancel_arch () at ../sysdeps/unix/sysv/linux/x86_64/syscall_cancel.S:56
#1  0x00007ffff70a030c in __internal_syscall_cancel (a1=a1@entry=93825117768292, a2=<optimized out>, a3=a3@entry=2751463472, a4=a4@entry=0, a5=a5@entry=0, a6=a6@entry=4294967295, nr=202) at ./nptl/cancellation.c:49
#2  0x00007ffff70a06e7 in __futex_abstimed_wait_common64 (private=0, futex_word=0x55555cd0ca64, expected=2751463472, op=393, abstime=0x0, cancel=true) at ./nptl/futex-internal.c:57
#3  __futex_abstimed_wait_common (futex_word=0x55555cd0ca64, expected=2751463472, clockid=0, abstime=0x0, private=0, cancel=true) at ./nptl/futex-internal.c:87
#4  __GI___futex_abstimed_wait_cancelable64 (futex_word=futex_word@entry=0x55555cd0ca64, expected=expected@entry=0, clockid=clockid@entry=0, abstime=abstime@entry=0x0, private=private@entry=0) at ./nptl/futex-internal.c:139
#5  0x00007ffff70a30c7 in __pthread_cond_wait_common (cond=<optimized out>, mutex=0x55555cd0ca18, clockid=0, abstime=0x0) at ./nptl/pthread_cond_wait.c:421
#6  ___pthread_cond_wait (cond=<optimized out>, mutex=0x55555cd0ca18) at ./nptl/pthread_cond_wait.c:453
#7  0x0000555555abb3db in WaitForSingleObject (hHandle=0x55555cd0ca10, dwMilliseconds=4294967295) at /home/admin/freefalcon-central/src/compat/compat_winbase.h:380
#8  SimulationLoopControl::StartLoop () at /home/admin/freefalcon-central/src/sim/simloop/simloop.cpp:851
#9  0x0000555555abbb3f in StartingGraphicsWrapper () at /home/admin/freefalcon-central/src/sim/simloop/simloop.cpp:169
#10 0x0000555555aba00b in FF_ThreadTrampoline (p=<optimized out>) at /home/admin/freefalcon-central/src/compat/compat_winbase.h:317
#11 0x00007ffff70a3dfa in start_thread (arg=<optimized out>) at ./nptl/pthread_create.c:454
#12 0x00007ffff71375cc in __GI___clone3 () at ../sysdeps/unix/sysv/linux/x86_64/clone3.S:78

Thread 16 (Thread 0x7fffc4d846c0 (LWP 8676) "FFViper"):
#0  __syscall_cancel_arch () at ../sysdeps/unix/sysv/linux/x86_64/syscall_cancel.S:56
#1  0x00007ffff70a030c in __internal_syscall_cancel (a1=a1@entry=0, a2=a2@entry=0, a3=<optimized out>, a4=<optimized out>, a5=a5@entry=0, a6=a6@entry=0, nr=230) at ./nptl/cancellation.c:49
#2  0x00007ffff70f5af2 in __GI___clock_nanosleep (clock_id=<optimized out>, clock_id@entry=0, flags=flags@entry=0, req=<optimized out>, rem=<optimized out>) at ../sysdeps/unix/sysv/linux/clock_nanosleep.c:48
#3  0x00007ffff7103707 in __GI___nanosleep (req=<optimized out>, rem=<optimized out>) at ../sysdeps/unix/sysv/linux/nanosleep.c:25
#4  0x0000555555abc217 in Sleep (dwMilliseconds=50) at /home/admin/freefalcon-central/src/compat/compat_winbase.h:101
#5  SimulationLoopControl::Loop () at /home/admin/freefalcon-central/src/sim/simloop/simloop.cpp:367
#6  0x0000555555abc788 in SimLoopWrapper () at /home/admin/freefalcon-central/src/sim/simloop/simloop.cpp:136
#7  0x00005555556ef86b in FF_ThreadTrampoline (p=<optimized out>) at /home/admin/freefalcon-central/src/compat/compat_winbase.h:317
#8  0x00007ffff70a3dfa in start_thread (arg=<optimized out>) at ./nptl/pthread_create.c:454
#9  0x00007ffff71375cc in __GI___clone3 () at ../sysdeps/unix/sysv/linux/x86_64/clone3.S:78

Thread 15 (Thread 0x7fffc55856c0 (LWP 8675) "FFViper"):
#0  __syscall_cancel_arch () at ../sysdeps/unix/sysv/linux/x86_64/syscall_cancel.S:56
#1  0x00007ffff70a030c in __internal_syscall_cancel (a1=a1@entry=93825041014096, a2=<optimized out>, a3=a3@entry=1477215104, a4=a4@entry=93825037796224, a5=a5@entry=0, a6=a6@entry=4294967295, nr=202) at ./nptl/cancellation.c:49
#2  0x00007ffff70a06e7 in __futex_abstimed_wait_common64 (private=21845, futex_word=0x5555583d9d50, expected=1477215104, op=-1868143908, abstime=0x5555580c8380, cancel=true) at ./nptl/futex-internal.c:57
#3  __futex_abstimed_wait_common (futex_word=0x5555583d9d50, expected=1477215104, clockid=1972414006, abstime=0x5555580c8380, private=21845, cancel=true) at ./nptl/futex-internal.c:87
#4  __GI___futex_abstimed_wait_cancelable64 (futex_word=futex_word@entry=0x5555583d9d50, expected=expected@entry=571, clockid=clockid@entry=0, abstime=abstime@entry=0x7fffc5584ce0, private=private@entry=0) at ./nptl/futex-internal.c:139
#5  0x00007ffff70a3382 in __pthread_cond_wait_common (cond=0x5555583d9d30, mutex=0x5555583d9d08, clockid=<optimized out>, abstime=0x7fffc5584ce0) at ./nptl/pthread_cond_wait.c:421
#6  ___pthread_cond_timedwait64 (cond=0x5555583d9d30, mutex=0x5555583d9d08, abstime=0x7fffc5584ce0) at ./nptl/pthread_cond_wait.c:478
#7  0x00005555557d1ef0 in WaitForSingleObject (hHandle=0x5555583d9d00, dwMilliseconds=<optimized out>) at /home/admin/freefalcon-central/src/compat/compat_winbase.h:388
#8  VoiceManagementThread (lpvThreadParm=lpvThreadParm@entry=0x555558369aa8) at /home/admin/freefalcon-central/src/falcsnd/voicemanager.cpp:752
#9  0x00005555557ce8fb in FF_BeginThreadExTrampoline (p=<optimized out>) at /home/admin/freefalcon-central/src/compat/process.h:48
#10 0x00007ffff70a3dfa in start_thread (arg=<optimized out>) at ./nptl/pthread_create.c:454
#11 0x00007ffff71375cc in __GI___clone3 () at ../sysdeps/unix/sysv/linux/x86_64/clone3.S:78

Thread 14 (Thread 0x7fffc5d866c0 (LWP 8674) "FFViper"):
#0  __syscall_cancel_arch () at ../sysdeps/unix/sysv/linux/x86_64/syscall_cancel.S:56
#1  0x00007ffff70a030c in __internal_syscall_cancel (a1=a1@entry=0, a2=a2@entry=0, a3=<optimized out>, a4=<optimized out>, a5=a5@entry=0, a6=a6@entry=0, nr=230) at ./nptl/cancellation.c:49
#2  0x00007ffff70f5af2 in __GI___clock_nanosleep (clock_id=<optimized out>, clock_id@entry=0, flags=flags@entry=0, req=<optimized out>, rem=<optimized out>) at ../sysdeps/unix/sysv/linux/clock_nanosleep.c:48
#3  0x00007ffff7103707 in __GI___nanosleep (req=<optimized out>, rem=<optimized out>) at ../sysdeps/unix/sysv/linux/nanosleep.c:25
#4  0x00005555557c9857 in Sleep (dwMilliseconds=10) at /home/admin/freefalcon-central/src/compat/compat_winbase.h:101
#5  CSoundMgr::ThreadHandler (this=this@entry=0x5555573a3210) at /home/admin/freefalcon-central/src/falcsnd/psound.cpp:3350
#6  0x00005555557c9c7f in CSoundMgr::StreamThread (myself=myself@entry=0x5555573a3210) at /home/admin/freefalcon-central/src/falcsnd/psound.cpp:3271
#7  0x00005555557c489b in FF_BeginThreadExTrampoline (p=<optimized out>) at /home/admin/freefalcon-central/src/compat/process.h:48
#8  0x00007ffff70a3dfa in start_thread (arg=<optimized out>) at ./nptl/pthread_create.c:454
#9  0x00007ffff71375cc in __GI___clone3 () at ../sysdeps/unix/sysv/linux/x86_64/clone3.S:78

Thread 13 (Thread 0x7fffc65876c0 (LWP 8673) "FFViper"):
#0  syscall () at ../sysdeps/unix/sysv/linux/x86_64/syscall.S:38
#1  0x00007ffff786235e in ?? () from /usr/lib/x86_64-linux-gnu/libopenal.so.1
#2  0x00007ffff78625e2 in ?? () from /usr/lib/x86_64-linux-gnu/libopenal.so.1
#3  0x00007ffff74f5ef9 in ?? () from /usr/lib/x86_64-linux-gnu/libstdc++.so.6
#4  0x00007ffff70a3dfa in start_thread (arg=<optimized out>) at ./nptl/pthread_create.c:454
#5  0x00007ffff71375cc in __GI___clone3 () at ../sysdeps/unix/sysv/linux/x86_64/clone3.S:78

Thread 12 (Thread 0x7fffc6d886c0 (LWP 8672) "module-rt"):
#0  __syscall_cancel_arch () at ../sysdeps/unix/sysv/linux/x86_64/syscall_cancel.S:56
#1  0x00007ffff70a039c in __internal_syscall_cancel (a1=<optimized out>, a2=<optimized out>, a3=<optimized out>, a4=<optimized out>, a5=0, a6=0, nr=232) at ./nptl/cancellation.c:49
#2  __syscall_cancel (a1=<optimized out>, a2=<optimized out>, a3=<optimized out>, a4=<optimized out>, a5=a5@entry=0, a6=a6@entry=0, nr=232) at ./nptl/cancellation.c:75
#3  0x00007ffff71378b5 in epoll_wait (epfd=<optimized out>, events=<optimized out>, maxevents=<optimized out>, timeout=<optimized out>) at ../sysdeps/unix/sysv/linux/epoll_wait.c:30
#4  0x00007ffff4030629 in ?? () from /usr/lib/x86_64-linux-gnu/spa-0.2/support/libspa-support.so
#5  0x00007ffff401a9bb in ?? () from /usr/lib/x86_64-linux-gnu/spa-0.2/support/libspa-support.so
#6  0x00007fffe97c02c1 in ?? () from /usr/lib/x86_64-linux-gnu/libpipewire-0.3.so.0
#7  0x00007ffff70a3dfa in start_thread (arg=<optimized out>) at ./nptl/pthread_create.c:454
#8  0x00007ffff71375cc in __GI___clone3 () at ../sysdeps/unix/sysv/linux/x86_64/clone3.S:78

Thread 11 (Thread 0x7fffc75896c0 (LWP 8671) "ALSoftP1"):
#0  __syscall_cancel_arch () at ../sysdeps/unix/sysv/linux/x86_64/syscall_cancel.S:56
#1  0x00007ffff70a039c in __internal_syscall_cancel (a1=<optimized out>, a2=<optimized out>, a3=<optimized out>, a4=<optimized out>, a5=0, a6=0, nr=232) at ./nptl/cancellation.c:49
#2  __syscall_cancel (a1=<optimized out>, a2=<optimized out>, a3=<optimized out>, a4=<optimized out>, a5=a5@entry=0, a6=a6@entry=0, nr=232) at ./nptl/cancellation.c:75
#3  0x00007ffff71378b5 in epoll_wait (epfd=<optimized out>, events=<optimized out>, maxevents=<optimized out>, timeout=<optimized out>) at ../sysdeps/unix/sysv/linux/epoll_wait.c:30
#4  0x00007ffff4030629 in ?? () from /usr/lib/x86_64-linux-gnu/spa-0.2/support/libspa-support.so
#5  0x00007ffff401a9bb in ?? () from /usr/lib/x86_64-linux-gnu/spa-0.2/support/libspa-support.so
#6  0x00007fffe97c02c1 in ?? () from /usr/lib/x86_64-linux-gnu/libpipewire-0.3.so.0
#7  0x00007ffff70a3dfa in start_thread (arg=<optimized out>) at ./nptl/pthread_create.c:454
#8  0x00007ffff71375cc in __GI___clone3 () at ../sysdeps/unix/sysv/linux/x86_64/clone3.S:78

Thread 10 (Thread 0x7fffdcbfc6c0 (LWP 8667) "FFViper"):
#0  __GI___getdents64 (fd=107, buf=buf@entry=0x7fffcdccce30, nbytes=<optimized out>) at ../sysdeps/unix/sysv/linux/getdents64.c:32
#1  0x00007ffff70f68a5 in __readdir64_unlocked (dirp=0x7fffcdccce00) at ../sysdeps/unix/sysv/linux/readdir64.c:43
#2  __GI___readdir64 (dirp=<optimized out>) at ../sysdeps/unix/sysv/linux/readdir64.c:72
#3  0x0000555555b36a3f in resolve_nocase_uncached (filepath=filepath@entry=0x7fffdcbfabe0 "/home/admin/sgl/SAT/freeFalcon/WP/drive_c/FreeFalcon6/terrdata/korea/texture/LCITY80A.pcx", resolved=resolved@entry=0x7fffdcbf9bb0 "ture/LCITY80A.dds", resolvedSize=resolvedSize@entry=2048) at /home/admin/freefalcon-central/src/compat/linux_stubs.cpp:90
#4  0x0000555555b38cb4 in resolve_nocase (filepath=0x7fffdcbfabe0 "/home/admin/sgl/SAT/freeFalcon/WP/drive_c/FreeFalcon6/terrdata/korea/texture/LCITY80A.pcx", resolved=resolved@entry=0x7fffdcbf9bb0 "ture/LCITY80A.dds", resolvedSize=resolvedSize@entry=2048) at /home/admin/freefalcon-central/src/compat/linux_stubs.cpp:242
#5  0x0000555555b3945a in open_nocase (filepath=<optimized out>, flags=0, mode=420) at /home/admin/freefalcon-central/src/compat/linux_stubs.cpp:293
#6  0x0000555555b6193f in CFileIO::openread (this=this@entry=0x7fffdcbfa918, filename=<optimized out>) at /home/admin/freefalcon-central/src/graphics/3dlib/fileio.cpp:12
#7  0x0000555555b61faf in CFileMemory::glOpenFileMem (this=this@entry=0x7fffdcbfa8f0, filename=filename@entry=0x7fffdcbfabe0 "/home/admin/sgl/SAT/freeFalcon/WP/drive_c/FreeFalcon6/terrdata/korea/texture/LCITY80A.pcx") at /home/admin/freefalcon-central/src/graphics/3dlib/filemem.cpp:17
#8  0x00005555557a85c3 in TextureDB::Load (this=this@entry=0x5555562d96e0 <TheTerrTextures>, pSet=0x5555641287b8, pTile=0x55555d2fcc90, res=res@entry=0, forceNoDDS=forceNoDDS@entry=false) at /home/admin/freefalcon-central/src/graphics/texture/terrtex.cpp:915
#9  0x00005555557a9853 in TextureDB::Request (this=0x5555562d96e0 <TheTerrTextures>, texID=<optimized out>) at /home/admin/freefalcon-central/src/graphics/texture/terrtex.cpp:681
#10 0x000055555579eb3c in LargeDiskblockToMemblock (memPost=0x7fffcd9a6310, memPost@entry=0x7fffcd9a4790, diskPost=0x5555562d56dc <SharedNewPostIOBuffer+1980>, diskPost@entry=0x5555562d4f20 <SharedNewPostIOBuffer>, LOD=2, minZ=minZ@entry=0x7fffdcbfb4f4, maxZ=maxZ@entry=0x7fffdcbfb4f8) at /home/admin/freefalcon-central/src/graphics/terrain/tdskpost.cpp:135
#11 0x00005555557944a5 in TLevel::PreProcessBlock (this=0x5555570a06f8, request=request@entry=0x7fff94002c50) at /home/admin/freefalcon-central/src/graphics/include/Tlevel.h:64
#12 0x0000555555794e57 in TLevel::LoaderCallBack (request=0x7fff94002c50) at /home/admin/freefalcon-central/src/graphics/terrain/tlevel.cpp:381
#13 0x00005555557b36f6 in Loader::MainLoop (this=0x5555562d9e20 <TheLoader>) at /home/admin/freefalcon-central/src/graphics/utils/loader.cpp:163
#14 0x00005555557b2b1b in FF_BeginThreadExTrampoline (p=<optimized out>) at /home/admin/freefalcon-central/src/compat/process.h:48
#15 0x00007ffff70a3dfa in start_thread (arg=<optimized out>) at ./nptl/pthread_create.c:454
#16 0x00007ffff71375cc in __GI___clone3 () at ../sysdeps/unix/sysv/linux/x86_64/clone3.S:78

Thread 9 (Thread 0x7fffdd3fd6c0 (LWP 8666) "FFViper"):
#0  syscall () at ../sysdeps/unix/sysv/linux/x86_64/syscall.S:38
#1  0x00007ffff786235e in ?? () from /usr/lib/x86_64-linux-gnu/libopenal.so.1
#2  0x00007ffff78625e2 in ?? () from /usr/lib/x86_64-linux-gnu/libopenal.so.1
#3  0x00007ffff74f5ef9 in ?? () from /usr/lib/x86_64-linux-gnu/libstdc++.so.6
#4  0x00007ffff70a3dfa in start_thread (arg=<optimized out>) at ./nptl/pthread_create.c:454
#5  0x00007ffff71375cc in __GI___clone3 () at ../sysdeps/unix/sysv/linux/x86_64/clone3.S:78

Thread 8 (Thread 0x7fffddbfe6c0 (LWP 8665) "module-rt"):
#0  __syscall_cancel_arch () at ../sysdeps/unix/sysv/linux/x86_64/syscall_cancel.S:56
#1  0x00007ffff70a039c in __internal_syscall_cancel (a1=<optimized out>, a2=<optimized out>, a3=<optimized out>, a4=<optimized out>, a5=0, a6=0, nr=232) at ./nptl/cancellation.c:49
#2  __syscall_cancel (a1=<optimized out>, a2=<optimized out>, a3=<optimized out>, a4=<optimized out>, a5=a5@entry=0, a6=a6@entry=0, nr=232) at ./nptl/cancellation.c:75
#3  0x00007ffff71378b5 in epoll_wait (epfd=<optimized out>, events=<optimized out>, maxevents=<optimized out>, timeout=<optimized out>) at ../sysdeps/unix/sysv/linux/epoll_wait.c:30
#4  0x00007ffff4030629 in ?? () from /usr/lib/x86_64-linux-gnu/spa-0.2/support/libspa-support.so
#5  0x00007ffff401a9bb in ?? () from /usr/lib/x86_64-linux-gnu/spa-0.2/support/libspa-support.so
#6  0x00007fffe97c02c1 in ?? () from /usr/lib/x86_64-linux-gnu/libpipewire-0.3.so.0
#7  0x00007ffff70a3dfa in start_thread (arg=<optimized out>) at ./nptl/pthread_create.c:454
#8  0x00007ffff71375cc in __GI___clone3 () at ../sysdeps/unix/sysv/linux/x86_64/clone3.S:78

Thread 7 (Thread 0x7fffde3ff6c0 (LWP 8664) "ALSoftP0"):
#0  __syscall_cancel_arch () at ../sysdeps/unix/sysv/linux/x86_64/syscall_cancel.S:56
#1  0x00007ffff70a039c in __internal_syscall_cancel (a1=<optimized out>, a2=<optimized out>, a3=<optimized out>, a4=<optimized out>, a5=0, a6=0, nr=232) at ./nptl/cancellation.c:49
#2  __syscall_cancel (a1=<optimized out>, a2=<optimized out>, a3=<optimized out>, a4=<optimized out>, a5=a5@entry=0, a6=a6@entry=0, nr=232) at ./nptl/cancellation.c:75
#3  0x00007ffff71378b5 in epoll_wait (epfd=<optimized out>, events=<optimized out>, maxevents=<optimized out>, timeout=<optimized out>) at ../sysdeps/unix/sysv/linux/epoll_wait.c:30
#4  0x00007ffff4030629 in ?? () from /usr/lib/x86_64-linux-gnu/spa-0.2/support/libspa-support.so
#5  0x00007ffff401a9bb in ?? () from /usr/lib/x86_64-linux-gnu/spa-0.2/support/libspa-support.so
#6  0x00007fffe97c02c1 in ?? () from /usr/lib/x86_64-linux-gnu/libpipewire-0.3.so.0
#7  0x00007ffff70a3dfa in start_thread (arg=<optimized out>) at ./nptl/pthread_create.c:454
#8  0x00007ffff71375cc in __GI___clone3 () at ../sysdeps/unix/sysv/linux/x86_64/clone3.S:78

Thread 6 (Thread 0x7fffe8e446c0 (LWP 8663) "PWEventThread"):
#0  __syscall_cancel_arch () at ../sysdeps/unix/sysv/linux/x86_64/syscall_cancel.S:56
#1  0x00007ffff70a039c in __internal_syscall_cancel (a1=<optimized out>, a2=<optimized out>, a3=<optimized out>, a4=<optimized out>, a5=0, a6=0, nr=232) at ./nptl/cancellation.c:49
#2  __syscall_cancel (a1=<optimized out>, a2=<optimized out>, a3=<optimized out>, a4=<optimized out>, a5=a5@entry=0, a6=a6@entry=0, nr=232) at ./nptl/cancellation.c:75
#3  0x00007ffff71378b5 in epoll_wait (epfd=<optimized out>, events=<optimized out>, maxevents=<optimized out>, timeout=<optimized out>) at ../sysdeps/unix/sysv/linux/epoll_wait.c:30
#4  0x00007ffff4030629 in ?? () from /usr/lib/x86_64-linux-gnu/spa-0.2/support/libspa-support.so
#5  0x00007ffff401a9bb in ?? () from /usr/lib/x86_64-linux-gnu/spa-0.2/support/libspa-support.so
#6  0x00007fffe97c02c1 in ?? () from /usr/lib/x86_64-linux-gnu/libpipewire-0.3.so.0
#7  0x00007ffff70a3dfa in start_thread (arg=<optimized out>) at ./nptl/pthread_create.c:454
#8  0x00007ffff71375cc in __GI___clone3 () at ../sysdeps/unix/sysv/linux/x86_64/clone3.S:78

Thread 5 (Thread 0x7fffe971c6c0 (LWP 8662) "module-rt"):
#0  __syscall_cancel_arch () at ../sysdeps/unix/sysv/linux/x86_64/syscall_cancel.S:56
#1  0x00007ffff70a039c in __internal_syscall_cancel (a1=<optimized out>, a2=<optimized out>, a3=<optimized out>, a4=<optimized out>, a5=0, a6=0, nr=232) at ./nptl/cancellation.c:49
#2  __syscall_cancel (a1=<optimized out>, a2=<optimized out>, a3=<optimized out>, a4=<optimized out>, a5=a5@entry=0, a6=a6@entry=0, nr=232) at ./nptl/cancellation.c:75
#3  0x00007ffff71378b5 in epoll_wait (epfd=<optimized out>, events=<optimized out>, maxevents=<optimized out>, timeout=<optimized out>) at ../sysdeps/unix/sysv/linux/epoll_wait.c:30
#4  0x00007ffff4030629 in ?? () from /usr/lib/x86_64-linux-gnu/spa-0.2/support/libspa-support.so
#5  0x00007ffff401a9bb in ?? () from /usr/lib/x86_64-linux-gnu/spa-0.2/support/libspa-support.so
#6  0x00007fffe97c02c1 in ?? () from /usr/lib/x86_64-linux-gnu/libpipewire-0.3.so.0
#7  0x00007ffff70a3dfa in start_thread (arg=<optimized out>) at ./nptl/pthread_create.c:454
#8  0x00007ffff71375cc in __GI___clone3 () at ../sysdeps/unix/sysv/linux/x86_64/clone3.S:78

Thread 4 (Thread 0x7ffff4bfe6c0 (LWP 8657) "PulseHotplug"):
#0  __syscall_cancel_arch () at ../sysdeps/unix/sysv/linux/x86_64/syscall_cancel.S:56
#1  0x00007ffff70a030c in __internal_syscall_cancel (a1=a1@entry=93825007702000, a2=<optimized out>, a3=a3@entry=4141135858, a4=a4@entry=0, a5=a5@entry=0, a6=a6@entry=4294967295, nr=202) at ./nptl/cancellation.c:49
#2  0x00007ffff70a06e7 in __futex_abstimed_wait_common64 (private=0, futex_word=0x555556414ff0, expected=4141135858, op=393, abstime=0x0, cancel=true) at ./nptl/futex-internal.c:57
#3  __futex_abstimed_wait_common (futex_word=0x555556414ff0, expected=4141135858, clockid=0, abstime=0x0, private=0, cancel=true) at ./nptl/futex-internal.c:87
#4  __GI___futex_abstimed_wait_cancelable64 (futex_word=futex_word@entry=0x555556414ff0, expected=expected@entry=6, clockid=clockid@entry=0, abstime=abstime@entry=0x0, private=private@entry=0) at ./nptl/futex-internal.c:139
#5  0x00007ffff70a30c7 in __pthread_cond_wait_common (cond=<optimized out>, mutex=0x555556421920, clockid=0, abstime=0x0) at ./nptl/pthread_cond_wait.c:421
#6  ___pthread_cond_wait (cond=<optimized out>, mutex=0x555556421920) at ./nptl/pthread_cond_wait.c:453
#7  0x00007ffff7af63e4 in pa_threaded_mainloop_wait () from /usr/lib/x86_64-linux-gnu/libpulse.so.0
#8  0x00007ffff7ebf78d in ?? () from /usr/lib/x86_64-linux-gnu/libSDL2-2.0.so.0
#9  0x00007ffff7f03f35 in ?? () from /usr/lib/x86_64-linux-gnu/libSDL2-2.0.so.0
#10 0x00007ffff70a3dfa in start_thread (arg=<optimized out>) at ./nptl/pthread_create.c:454
#11 0x00007ffff71375cc in __GI___clone3 () at ../sysdeps/unix/sysv/linux/x86_64/clone3.S:78

Thread 3 (Thread 0x7ffff53ff6c0 (LWP 8655) "PulseMainloop"):
#0  __syscall_cancel_arch () at ../sysdeps/unix/sysv/linux/x86_64/syscall_cancel.S:56
#1  0x00007ffff70a039c in __internal_syscall_cancel (a1=<optimized out>, a2=<optimized out>, a3=<optimized out>, a4=0, a5=0, a6=0, nr=7) at ./nptl/cancellation.c:49
#2  __syscall_cancel (a1=<optimized out>, a2=<optimized out>, a3=<optimized out>, a4=a4@entry=0, a5=a5@entry=0, a6=a6@entry=0, nr=7) at ./nptl/cancellation.c:75
#3  0x00007ffff7127c0e in __GI___poll (fds=<optimized out>, nfds=<optimized out>, timeout=<optimized out>) at ../sysdeps/unix/sysv/linux/poll.c:29
#4  0x00007ffff7af4d48 in ?? () from /usr/lib/x86_64-linux-gnu/libpulse.so.0
#5  0x00007ffff7ade4c1 in pa_mainloop_poll () from /usr/lib/x86_64-linux-gnu/libpulse.so.0
#6  0x00007ffff7ae8d41 in pa_mainloop_iterate () from /usr/lib/x86_64-linux-gnu/libpulse.so.0
#7  0x00007ffff7ae8e00 in pa_mainloop_run () from /usr/lib/x86_64-linux-gnu/libpulse.so.0
#8  0x00007ffff7af9d2d in ?? () from /usr/lib/x86_64-linux-gnu/libpulse.so.0
#9  0x00007ffff6d83d7b in ?? () from /usr/lib/x86_64-linux-gnu/pulseaudio/libpulsecommon-17.0.so
#10 0x00007ffff70a3dfa in start_thread (arg=<optimized out>) at ./nptl/pthread_create.c:454
#11 0x00007ffff71375cc in __GI___clone3 () at ../sysdeps/unix/sysv/linux/x86_64/clone3.S:78

Thread 2 (Thread 0x7ffff63046c0 (LWP 8652) "SDLTimer"):
#0  __syscall_cancel_arch () at ../sysdeps/unix/sysv/linux/x86_64/syscall_cancel.S:56
#1  0x00007ffff70a030c in __internal_syscall_cancel (a1=a1@entry=93825007505600, a2=<optimized out>, a3=a3@entry=0, a4=a4@entry=0, a5=a5@entry=0, a6=a6@entry=4294967295, nr=202) at ./nptl/cancellation.c:49
#2  0x00007ffff70a06e7 in __futex_abstimed_wait_common64 (private=<optimized out>, futex_word=0x5555563e50c0, expected=0, op=<optimized out>, abstime=0x0, cancel=true) at ./nptl/futex-internal.c:57
#3  __futex_abstimed_wait_common (futex_word=0x5555563e50c0, expected=0, clockid=0, abstime=0x0, private=<optimized out>, cancel=true) at ./nptl/futex-internal.c:87
#4  __GI___futex_abstimed_wait_cancelable64 (futex_word=futex_word@entry=0x5555563e50c0, expected=expected@entry=0, clockid=clockid@entry=0, abstime=abstime@entry=0x0, private=<optimized out>) at ./nptl/futex-internal.c:139
#5  0x00007ffff70ac66f in do_futex_wait (sem=sem@entry=0x5555563e50c0, abstime=0x0, clockid=0) at ./nptl/sem_waitcommon.c:111
#6  0x00007ffff70ac708 in __new_sem_wait_slow64 (sem=0x5555563e50c0, abstime=0x0, clockid=0) at ./nptl/sem_waitcommon.c:183
#7  0x00007ffff7f042b6 in ?? () from /usr/lib/x86_64-linux-gnu/libSDL2-2.0.so.0
#8  0x00007ffff7e5705b in ?? () from /usr/lib/x86_64-linux-gnu/libSDL2-2.0.so.0
#9  0x00007ffff7f03f35 in ?? () from /usr/lib/x86_64-linux-gnu/libSDL2-2.0.so.0
#10 0x00007ffff70a3dfa in start_thread (arg=<optimized out>) at ./nptl/pthread_create.c:454
#11 0x00007ffff71375cc in __GI___clone3 () at ../sysdeps/unix/sysv/linux/x86_64/clone3.S:78

Thread 1 (Thread 0x7ffff688f880 (LWP 8649) "FFViper"):
#0  0x0000555555764338 in DrawableParticleSys::PS_EvalTimedLinLogFloat (life=5290065.5, LastStage=@0x7fff7216c868: 1, Count=7, input=0x7fffc7730c40) at /home/admin/freefalcon-central/src/graphics/objects/drawparticlesys.cpp:2497
#1  DrawableParticleSys::PS_ParticleRun () at /home/admin/freefalcon-central/src/graphics/objects/drawparticlesys.cpp:4027
#2  0x0000555555768516 in DrawableParticleSys::PS_Exec (renderer=<optimized out>) at /home/admin/freefalcon-central/src/graphics/objects/drawparticlesys.cpp:5327
#3  0x000055555577e5f8 in RenderOTW::DrawScene (this=0x55556372c4d0, offset=offset@entry=0x7fffffffd158, orientation=orientation@entry=0x7fffffffd170) at /home/admin/freefalcon-central/src/graphics/renderer/otw.cpp:1271
#4  0x0000555555b192b8 in ACMIView::Draw (this=0x7fff94001060) at /home/admin/freefalcon-central/src/acmi/src/acmiloop.cpp:425
#5  0x0000555555aeeffe in C_Window::DrawWindow (this=0x5555639a60b0, surface=surface@entry=0x55555cd19758) at /home/admin/freefalcon-central/src/ui95/cwindow.cpp:1233
#6  0x0000555555acd496 in C_Handler::Update (this=0x55555cd19730) at /home/admin/freefalcon-central/src/ui95/chandler.cpp:1228
#7  0x0000555555627156 in ProcessGameMessages () at /home/admin/freefalcon-central/src/ffviper/main_linux.cpp:2682
#8  0x0000555555627885 in main_loop () at /home/admin/freefalcon-central/src/ffviper/main_linux.cpp:3830
#9  0x000055555561e6c4 in main (argc=4, argv=0x7fffffffdaa8) at /home/admin/freefalcon-central/src/ffviper/main_linux.cpp:4612

======== registers ========
rax            0x2                 2
rbx            0x7fff7216c7f0      140735107483632
rcx            0x5555562bd120      93825006293280
rdx            0xffffffff80000000  -2147483648
rsi            0x10                16
rdi            0x7fffc7730c60      140736539593824
rbp            0x7fffc77309f0      0x7fffc77309f0
rsp            0x7fffffffd020      0x7fffffffd020
r8             0x6                 6
r9             0x1                 1
r10            0x10                16
r11            0x0                 0
r12            0x1                 1
r13            0x5555562bb7c0      93825006286784
r14            0x555556d3de98      93825017306776
r15            0x555556d3df08      93825017306888
rip            0x555555764338      0x555555764338 <DrawableParticleSys::PS_ParticleRun()+2104>
eflags         0x10a12             [ AF IF OF RF ]
cs             0x33                51
ss             0x2b                43
ds             0x0                 0
es             0x0                 0
fs             0x0                 0
gs             0x0                 0
fs_base        0x7ffff688f880      140737329559680
gs_base        0x0                 0

======== faulting source ========
2492	    if (Idx >= LOG10_ARRAY_ITEMS) Idx = LOG10_ARRAY_ITEMS - 1;
2493	
2494	    // get the Value difference btw In and Out
2495	    float RelValue = input[LastStage].value - input[LastStage + 1].value;
2496	    // return the value
2497	    return RelValue * DrawableParticleSys::Log10Array[Idx] + input[LastStage + 1].value;
2498	}
2499	
2500	
2501	inline float DrawableParticleSys::PS_EvalTimedFloat(float life, int &LastStage, int Count, timedFloat *input)
=== exited rc=0 at 14:43:59
